/**
 * @file splash.c
 * @brief Растр заставки при включении — RGB565, 320x240, сгенерирован
 *        из Icons/Designer.png (320x240, без альфа-канала) скриптом
 *        tools/gen_splash.py. Размер картинки СОВПАДАЕТ с экраном при
 *        DISPLAY_ROTATION_0 — без масштабирования и кропа.
 */

#include "splash.h"

const uint16_t SplashScreen_Bitmap[SPLASH_BITMAP_W * SPLASH_BITMAP_H] = {
    0x19EF, 0x19EF, 0x19EF, 0x19CE, 0x1A2F, 0x1A93, 0x1A32, 0x092C, 0x08C8, 0x0084, 0x0084, 0x0084,
    0x0083, 0x0063, 0x0063, 0x0063, 0x0064, 0x0064, 0x00E7, 0x098C, 0x1A30, 0x1A10, 0x19CE, 0x11AE,
    0x118E, 0x19AE, 0x11AE, 0x11AD, 0x11AD, 0x118D, 0x118D, 0x118D, 0x118D, 0x118D, 0x118C, 0x116C,
    0x116D, 0x116C, 0x116C, 0x116C, 0x116C, 0x116C, 0x116C, 0x116C, 0x116C, 0x116C, 0x116C, 0x116C,
    0x116C, 0x116C, 0x116C, 0x116B, 0x116C, 0x114C, 0x114C, 0x114C, 0x114B, 0x114B, 0x116B, 0x116C,
    0x116C, 0x116C, 0x116C, 0x114C, 0x114C, 0x116B, 0x116B, 0x116C, 0x114C, 0x114C, 0x116C, 0x116C,
    0x114C, 0x114C, 0x194C, 0x194C, 0x194C, 0x114C, 0x114B, 0x114B, 0x114C, 0x114C, 0x112B, 0x114B,
    0x114B, 0x112B, 0x112B, 0x112B, 0x112B, 0x112A, 0x112A, 0x112A, 0x112A, 0x1129, 0x1129, 0x1129,
    0x1109, 0x1108, 0x0908, 0x0908, 0x0908, 0x08E7, 0x08E8, 0x08E8, 0x08E8, 0x08E8, 0x0909, 0x0909,
    0x08E7, 0x08A5, 0x0863, 0x0863, 0x0062, 0x0042, 0x0062, 0x0063, 0x0084, 0x0884, 0x08A5, 0x08A5,
    0x08A5, 0x10C6, 0x18E6, 0x18E6, 0x1907, 0x2107, 0x1907, 0x2107, 0x2107, 0x3169, 0x39AA, 0x41A9,
    0x49A8, 0x5A4C, 0x6ACE, 0x59E9, 0x49C9, 0x4964, 0x4964, 0x3903, 0x5184, 0x5164, 0x30C1, 0x30C1,
    0x28A1, 0x30A1, 0x30C1, 0x38E1, 0x4101, 0x5121, 0x40E1, 0x4101, 0x30C1, 0x4101, 0x4942, 0x1860,
    0x1861, 0x2081, 0x30C1, 0x1861, 0x1840, 0x1860, 0x1860, 0x1861, 0x1860, 0x1861, 0x2081, 0x20A1,
    0x1040, 0x1861, 0x1861, 0x1861, 0x1040, 0x1040, 0x1860, 0x1860, 0x1860, 0x1861, 0x28A1, 0x28A1,
    0x2081, 0x28A1, 0x3902, 0x3902, 0x30C2, 0x30C2, 0x38E2, 0x30C1, 0x28A1, 0x38E2, 0x30E2, 0x4122,
    0x4943, 0x5184, 0x4123, 0x5163, 0x5984, 0x3902, 0x30C1, 0x28A1, 0x28A1, 0x2081, 0x2081, 0x1861,
    0x2081, 0x30C1, 0x2881, 0x1860, 0x1040, 0x0820, 0x1040, 0x1840, 0x1040, 0x1840, 0x1860, 0x2081,
    0x28A0, 0x38C1, 0x5941, 0x5121, 0x2080, 0x2080, 0x30A1, 0x4101, 0x69A2, 0x9263, 0x8223, 0x5962,
    0x40E1, 0x38C1, 0x40E1, 0x6182, 0x9243, 0x79E2, 0x6181, 0x6961, 0x6161, 0x69A2, 0x8203, 0x8A03,
    0x71C3, 0x61A4, 0x61E5, 0x7A04, 0x69C4, 0x5184, 0x2925, 0x3124, 0x20E4, 0x10C4, 0x08C4, 0x08A3,
    0x08A3, 0x08A3, 0x0883, 0x08A4, 0x08A4, 0x0883, 0x0862, 0x0062, 0x0862, 0x0882, 0x0883, 0x08A4,
    0x08A4, 0x08A4, 0x08A4, 0x08A3, 0x0883, 0x0882, 0x0862, 0x0862, 0x0862, 0x0883, 0x08A4, 0x08A4,
    0x08C6, 0x1929, 0x214A, 0x294A, 0x294A, 0x314A, 0x3149, 0x3128, 0x3107, 0x30E5, 0x28A3, 0x28A3,
    0x28A2, 0x28A2, 0x20A2, 0x2082, 0x1883, 0x1883, 0x18A4, 0x18C4, 0x18C5, 0x18E5, 0x10C4, 0x0883,
    0x0863, 0x0862, 0x0862, 0x18A4, 0x20C5, 0x18A3, 0x1062, 0x0841, 0x0841, 0x0841, 0x0841, 0x0840,
    0x0840, 0x1061, 0x1062, 0x1862, 0x2083, 0x28A4, 0x28E6, 0x192B, 0x19EF, 0x19EF, 0x19EF, 0x19CE,
    0x1A30, 0x2293, 0x1A12, 0x092C, 0x08C8, 0x0884, 0x0884, 0x0084, 0x0063, 0x0063, 0x0063, 0x0063,
    0x0064, 0x0064, 0x00E8, 0x118D, 0x1A10, 0x1A10, 0x19AF, 0x19AE, 0x19AE, 0x19AE, 0x19AE, 0x19AE,
    0x19AE, 0x118D, 0x118D, 0x118D, 0x118D, 0x118D, 0x118D, 0x116D, 0x116D, 0x116C, 0x116C, 0x116C,
    0x116C, 0x116C, 0x116C, 0x116C, 0x116C, 0x116C, 0x114C, 0x114C, 0x114C, 0x116C, 0x116B, 0x116C,
    0x116C, 0x114C, 0x116C, 0x114C, 0x116C, 0x116B, 0x116B, 0x116C, 0x116C, 0x116D, 0x116C, 0x114C,
    0x116C, 0x116B, 0x116C, 0x114C, 0x114C, 0x116C, 0x114C, 0x116C, 0x116C, 0x114C, 0x194C, 0x194C,
    0x196D, 0x196C, 0x114C, 0x114C, 0x114C, 0x194C, 0x194C, 0x114B, 0x114B, 0x114B, 0x114B, 0x114B,
    0x114B, 0x194B, 0x194B, 0x194B, 0x194A, 0x194A, 0x114A, 0x114A, 0x112A, 0x1129, 0x1129, 0x1129,
    0x1108, 0x1108, 0x1108, 0x1108, 0x1108, 0x0909, 0x112A, 0x112A, 0x08E8, 0x08A5, 0x0884, 0x0883,
    0x0063, 0x0063, 0x0863, 0x0884, 0x0884, 0x0884, 0x08A4, 0x08A5, 0x10C5, 0x10E6, 0x18E7, 0x1907,
    0x1907, 0x1907, 0x2107, 0x2107, 0x18E7, 0x3169, 0x2928, 0x2948, 0x49EB, 0x6ACF, 0x624C, 0x51E9,
    0x49C9, 0x4965, 0x4123, 0x3902, 0x3903, 0x4123, 0x30A1, 0x28A1, 0x2881, 0x28A1, 0x30C1, 0x38E1,
    0x5122, 0x4901, 0x40E1, 0x30C1, 0x38E1, 0x4101, 0x2081, 0x1040, 0x2081, 0x28A1, 0x30C2, 0x1881,
    0x1860, 0x1840, 0x1860, 0x1861, 0x1860, 0x1040, 0x2081, 0x2081, 0x1881, 0x1861, 0x1881, 0x1861,
    0x1861, 0x1860, 0x1860, 0x1840, 0x1860, 0x1861, 0x2081, 0x28A1, 0x28C2, 0x30E2, 0x30E2, 0x3902,
    0x4122, 0x30C2, 0x30C2, 0x30C2, 0x30C1, 0x30C1, 0x4123, 0x4123, 0x4943, 0x5164, 0x5184, 0x5163,
    0x61C4, 0x4963, 0x30C1, 0x28A1, 0x2881, 0x28A1, 0x28A1, 0x2081, 0x2081, 0x3902, 0x20A1, 0x1860,
    0x1860, 0x1040, 0x1040, 0x1840, 0x1040, 0x1040, 0x1860, 0x2080, 0x2080, 0x30A1, 0x38E1, 0x5121,
    0x4901, 0x2880, 0x2880, 0x30C0, 0x5121, 0x81E2, 0x9263, 0x5962, 0x40E1, 0x30A1, 0x38C1, 0x6162,
    0x71A2, 0x5941, 0x5121, 0x4101, 0x38C1, 0x4901, 0x6162, 0x79C3, 0x81E3, 0x71E4, 0x61C5, 0x71E4,
    0x61A4, 0x4185, 0x3945, 0x3104, 0x30E4, 0x18C4, 0x08C4, 0x08A4, 0x08A4, 0x08A4, 0x08A4, 0x08A4,
    0x08A4, 0x0862, 0x0062, 0x0062, 0x0862, 0x0882, 0x0883, 0x08A4, 0x08A4, 0x08C4, 0x08A4, 0x08A3,
    0x0862, 0x0862, 0x0861, 0x0841, 0x0862, 0x0883, 0x08A4, 0x08A5, 0x10E7, 0x194A, 0x216B, 0x296B,
    0x316B, 0x316A, 0x3149, 0x3128, 0x3107, 0x30C4, 0x28A3, 0x20A2, 0x28A2, 0x28A2, 0x2082, 0x1862,
    0x1862, 0x1883, 0x18A4, 0x18C4, 0x18C5, 0x18E5, 0x10C5, 0x0884, 0x0863, 0x0862, 0x0862, 0x18A3,
    0x20C4, 0x1883, 0x1042, 0x0821, 0x0821, 0x0841, 0x1041, 0x1061, 0x1882, 0x20A2, 0x20A3, 0x28C4,
    0x38E4, 0x38E4, 0x2908, 0x112B, 0x19EF, 0x19EF, 0x19EF, 0x19CF, 0x2251, 0x22B4, 0x1211, 0x092B,
    0x08C7, 0x0064, 0x0064, 0x0084, 0x0063, 0x0063, 0x0063, 0x0064, 0x0064, 0x0064, 0x00E8, 0x11AD,
    0x1A30, 0x1A10, 0x19CF, 0x19AE, 0x19AE, 0x19AE, 0x19AE, 0x19AE, 0x19AE, 0x198D, 0x118D, 0x118D,
    0x198D, 0x118D, 0x118D, 0x118D, 0x116D, 0x116C, 0x116C, 0x116C, 0x116C, 0x116C, 0x116C, 0x116C,
    0x116C, 0x116C, 0x116C, 0x116C, 0x114C, 0x114C, 0x114B, 0x116B, 0x116C, 0x116C, 0x116C, 0x116C,
    0x116C, 0x116C, 0x116C, 0x116C, 0x116C, 0x116C, 0x116D, 0x116C, 0x116C, 0x116C, 0x116C, 0x114C,
    0x114C, 0x116C, 0x116C, 0x116C, 0x116C, 0x116C, 0x116D, 0x116D, 0x196D, 0x116C, 0x116C, 0x114C,
    0x114C, 0x114C, 0x194C, 0x114C, 0x114B, 0x114B, 0x114B, 0x114B, 0x114B, 0x194B, 0x194B, 0x194B,
    0x196B, 0x196B, 0x196B, 0x196B, 0x196B, 0x196B, 0x196B, 0x196A, 0x194A, 0x1949, 0x1929, 0x1929,
    0x1129, 0x116B, 0x198C, 0x116B, 0x0908, 0x08A6, 0x0884, 0x0884, 0x0884, 0x0884, 0x08A4, 0x08A4,
    0x08A5, 0x10A5, 0x10A5, 0x10C6, 0x18E6, 0x1907, 0x1907, 0x1907, 0x1907, 0x20E7, 0x2107, 0x18C6,
    0x2107, 0x2928, 0x2928, 0x49EB, 0x626D, 0x626C, 0x622A, 0x51E9, 0x49A8, 0x4145, 0x38E2, 0x38E2,
    0x28A1, 0x28A1, 0x28A1, 0x2880, 0x2080, 0x2080, 0x28A1, 0x38E1, 0x4901, 0x4922, 0x38C1, 0x38E1,
    0x4101, 0x1860, 0x0820, 0x2081, 0x1881, 0x30E2, 0x30C2, 0x1881, 0x1881, 0x1860, 0x1861, 0x2081,
    0x1881, 0x1861, 0x1861, 0x2081, 0x2081, 0x2081, 0x20A1, 0x20A1, 0x2081, 0x2081, 0x2081, 0x20A1,
    0x2081, 0x2081, 0x28A1, 0x28C2, 0x30E2, 0x30E2, 0x30E2, 0x3902, 0x4963, 0x4963, 0x4123, 0x30E2,
    0x38E2, 0x30C1, 0x30E2, 0x5184, 0x5184, 0x59C5, 0x61E5, 0x5984, 0x61E5, 0x6A05, 0x4123, 0x38C2,
    0x2881, 0x28A1, 0x30C1, 0x28A1, 0x28C1, 0x3922, 0x2081, 0x2081, 0x1860, 0x1860, 0x1860, 0x1840,
    0x1040, 0x1840, 0x1860, 0x1860, 0x2080, 0x2080, 0x2880, 0x38C1, 0x6182, 0x40E1, 0x28A0, 0x28A0,
    0x38C1, 0x5941, 0x8202, 0x6982, 0x4901, 0x38C1, 0x30A1, 0x5962, 0x6182, 0x4901, 0x4101, 0x38E1,
    0x40E1, 0x38E1, 0x4102, 0x5163, 0x9224, 0x69C4, 0x3966, 0x59A5, 0x71E4, 0x59A5, 0x2925, 0x2905,
    0x3104, 0x18E5, 0x08C5, 0x10E5, 0x10C5, 0x08C4, 0x08A4, 0x08A3, 0x0883, 0x0062, 0x0041, 0x0062,
    0x0862, 0x0883, 0x0883, 0x08A4, 0x08A4, 0x08C4, 0x08A4, 0x0883, 0x0862, 0x0842, 0x0841, 0x0841,
    0x0841, 0x0883, 0x08A5, 0x08C5, 0x1107, 0x214A, 0x296B, 0x296B, 0x316B, 0x316A, 0x3149, 0x3128,
    0x30E7, 0x30C4, 0x28A2, 0x2082, 0x2082, 0x2082, 0x2062, 0x1862, 0x1862, 0x1883, 0x18A4, 0x18C5,
    0x18C5, 0x10E6, 0x10E6, 0x08A4, 0x0862, 0x0842, 0x0842, 0x1083, 0x1083, 0x1062, 0x1062, 0x1042,
    0x1862, 0x2082, 0x28A3, 0x28C4, 0x30E4, 0x30E4, 0x30E4, 0x4104, 0x4925, 0x4125, 0x2929, 0x092A,
    0x19EF, 0x19EF, 0x19EF, 0x19EF, 0x2271, 0x22D4, 0x1211, 0x092B, 0x08C7, 0x0064, 0x0064, 0x0063,
    0x0063, 0x0063, 0x0063, 0x0064, 0x0064, 0x0864, 0x0108, 0x11AE, 0x1A31, 0x1A10, 0x19CF, 0x19AF,
    0x19AE, 0x19AE, 0x19AE, 0x19AE, 0x11AE, 0x198D, 0x198D, 0x118D, 0x198D, 0x118D, 0x118D, 0x118D,
    0x118D, 0x116D, 0x116C, 0x116C, 0x116C, 0x116C, 0x116C, 0x116C, 0x116C, 0x116C, 0x116C, 0x116C,
    0x114C, 0x116C, 0x116C, 0x116C, 0x116C, 0x116C, 0x116C, 0x116C, 0x116C, 0x116C, 0x116C, 0x116C,
    0x116C, 0x116C, 0x116C, 0x116C, 0x116C, 0x116C, 0x116C, 0x116C, 0x114D, 0x116D, 0x116D, 0x116D,
    0x116D, 0x116C, 0x116D, 0x116D, 0x116C, 0x116C, 0x114C, 0x114C, 0x114C, 0x114C, 0x114C, 0x194C,
    0x114C, 0x114B, 0x114B, 0x114B, 0x114B, 0x114B, 0x194B, 0x194B, 0x196B, 0x196B, 0x196B, 0x198B,
    0x198C, 0x198C, 0x218C, 0x218C, 0x19AC, 0x218B, 0x216B, 0x196B, 0x196B, 0x198C, 0x19AD, 0x116B,
    0x0908, 0x08A6, 0x08A5, 0x10A5, 0x10C5, 0x10C6, 0x10C5, 0x10C5, 0x10C6, 0x10C6, 0x18C6, 0x18C6,
    0x18E6, 0x18E6, 0x1906, 0x18E6, 0x18E6, 0x2107, 0x2107, 0x18C6, 0x2928, 0x2107, 0x3148, 0x5A4D,
    0x624C, 0x6A8C, 0x5A2A, 0x4187, 0x4167, 0x4145, 0x30C2, 0x30C2, 0x28A1, 0x2081, 0x1860, 0x2080,
    0x2060, 0x2081, 0x30A1, 0x4901, 0x4101, 0x4101, 0x38E1, 0x4121, 0x1860, 0x1020, 0x1860, 0x20A1,
    0x1881, 0x30E2, 0x28C2, 0x1861, 0x1861, 0x1861, 0x2081, 0x2081, 0x20A1, 0x20A1, 0x2081, 0x1881,
    0x1881, 0x2081, 0x2081, 0x2081, 0x2081, 0x2081, 0x2081, 0x20A1, 0x28A2, 0x28C2, 0x28C2, 0x28C2,
    0x30E2, 0x30E2, 0x28C2, 0x28A1, 0x3923, 0x5184, 0x5164, 0x4123, 0x4964, 0x4143, 0x30E2, 0x4123,
    0x4964, 0x51A4, 0x6A06, 0x61E5, 0x59C4, 0x6A05, 0x59A4, 0x38E2, 0x30C1, 0x28A1, 0x30C1, 0x30E2,
    0x30E2, 0x4143, 0x28A1, 0x2081, 0x2081, 0x2080, 0x1860, 0x1040, 0x1040, 0x1840, 0x1840, 0x1840,
    0x1840, 0x1840, 0x2060, 0x30A0, 0x38E1, 0x38C1, 0x4901, 0x30A0, 0x2080, 0x30C0, 0x5941, 0x5941,
    0x4901, 0x5121, 0x6162, 0x8A23, 0x8203, 0x6182, 0x5121, 0x5141, 0x4901, 0x38E1, 0x5122, 0x61C5,
    0x69C5, 0x69C5, 0x4187, 0x51A7, 0x69C4, 0x5984, 0x2126, 0x2126, 0x3925, 0x2105, 0x2105, 0x18E5,
    0x10E5, 0x08C5, 0x08C4, 0x08A3, 0x00A3, 0x0062, 0x0041, 0x0041, 0x0862, 0x0882, 0x0883, 0x08A3,
    0x08A4, 0x08A4, 0x08A4, 0x08A3, 0x0883, 0x0842, 0x0841, 0x0841, 0x0841, 0x0863, 0x08A4, 0x08C6,
    0x1108, 0x214B, 0x216B, 0x296B, 0x294A, 0x314A, 0x3129, 0x3108, 0x30E7, 0x30C4, 0x28A3, 0x2082,
    0x2082, 0x1861, 0x1841, 0x1041, 0x1062, 0x1883, 0x18A4, 0x18C5, 0x10C5, 0x10E6, 0x10E6, 0x08A4,
    0x0842, 0x0842, 0x1062, 0x1883, 0x18A3, 0x20A3, 0x20A4, 0x28A4, 0x30C4, 0x30E5, 0x38E5, 0x3905,
    0x3105, 0x30E4, 0x28C3, 0x3904, 0x4924, 0x4126, 0x194B, 0x0908, 0x19EF, 0x19EF, 0x19EF, 0x19EF,
    0x2271, 0x22D4, 0x1231, 0x092B, 0x08C7, 0x0064, 0x0064, 0x0063, 0x0063, 0x0063, 0x0063, 0x0063,
    0x0063, 0x0064, 0x0109, 0x11CE, 0x1A31, 0x1A10, 0x19CF, 0x19CE, 0x19AE, 0x19AE, 0x19AE, 0x19AE,
    0x19AE, 0x198D, 0x198D, 0x198D, 0x118D, 0x118D, 0x118D, 0x118D, 0x116D, 0x116D, 0x116D, 0x116D,
    0x116C, 0x116C, 0x116C, 0x116C, 0x116C, 0x116C, 0x116C, 0x116C, 0x116C, 0x116C, 0x116C, 0x116C,
    0x116C, 0x116C, 0x116D, 0x116D, 0x116D, 0x116C, 0x116C, 0x116C, 0x116D, 0x116D, 0x116D, 0x116D,
    0x116D, 0x116C, 0x116C, 0x116D, 0x116D, 0x116D, 0x116D, 0x116D, 0x116D, 0x116D, 0x116D, 0x116D,
    0x116D, 0x116C, 0x114C, 0x114C, 0x114C, 0x114C, 0x114C, 0x194C, 0x114C, 0x114C, 0x112B, 0x114B,
    0x114B, 0x114B, 0x114B, 0x116B, 0x116B, 0x196B, 0x196B, 0x196B, 0x196B, 0x196C, 0x196C, 0x198C,
    0x198C, 0x21AC, 0x198C, 0x198C, 0x116C, 0x116C, 0x116C, 0x112A, 0x10E8, 0x10C7, 0x10C6, 0x10C6,
    0x18E7, 0x18E6, 0x10C6, 0x10E6, 0x18C6, 0x18C6, 0x10C5, 0x10A5, 0x18C5, 0x18E6, 0x18E6, 0x18E6,
    0x18E6, 0x2107, 0x20E7, 0x2107, 0x396A, 0x2928, 0x318A, 0x41EC, 0x6A8D, 0x72AD, 0x624B, 0x4145,
    0x3946, 0x3125, 0x30C2, 0x30A1, 0x2081, 0x2061, 0x1860, 0x1860, 0x2880, 0x38C1, 0x61A2, 0x6182,
    0x30C1, 0x30A1, 0x4101, 0x1860, 0x1860, 0x1040, 0x28A1, 0x28A1, 0x2081, 0x20A2, 0x20A2, 0x2081,
    0x1861, 0x1861, 0x2081, 0x1861, 0x2081, 0x28A1, 0x28A1, 0x28A1, 0x28A1, 0x28A1, 0x28A1, 0x20A1,
    0x28A1, 0x28A1, 0x20A1, 0x2081, 0x20A1, 0x28C2, 0x30C2, 0x3903, 0x3923, 0x3923, 0x3903, 0x30E2,
    0x28A1, 0x3903, 0x4964, 0x3923, 0x3903, 0x4143, 0x3903, 0x28A2, 0x30C2, 0x30C2, 0x4103, 0x5184,
    0x5184, 0x5984, 0x5163, 0x3902, 0x28A1, 0x28A1, 0x2081, 0x30C2, 0x38E2, 0x4143, 0x30C2, 0x30C2,
    0x28A1, 0x2081, 0x1860, 0x1840, 0x1040, 0x1040, 0x1840, 0x1040, 0x1040, 0x1040, 0x2060, 0x2060,
    0x2860, 0x4921, 0x5961, 0x38C0, 0x2880, 0x2060, 0x2860, 0x38C0, 0x38E1, 0x40E1, 0x6982, 0x9263,
    0xA2A4, 0x8A23, 0x6182, 0x4921, 0x40E1, 0x5121, 0x7A03, 0x61A5, 0x61A5, 0x79E5, 0x59C7, 0x2948,
    0x69C5, 0x59A5, 0x3966, 0x1907, 0x3146, 0x3125, 0x2905, 0x1905, 0x10E6, 0x0906, 0x08E5, 0x08C4,
    0x08C4, 0x08A3, 0x0042, 0x0061, 0x0882, 0x0882, 0x0882, 0x0082, 0x0883, 0x08A3, 0x08A4, 0x08A3,
    0x0862, 0x0841, 0x0021, 0x0021, 0x0041, 0x0863, 0x08A4, 0x08C5, 0x10E8, 0x214A, 0x216B, 0x296B,
    0x294A, 0x314A, 0x3129, 0x3108, 0x30E7, 0x28C4, 0x2083, 0x2082, 0x2062, 0x1861, 0x1041, 0x0821,
    0x0841, 0x1063, 0x10A4, 0x10C5, 0x10C5, 0x18C5, 0x18C5, 0x18A4, 0x1883, 0x20A4, 0x28C4, 0x30C4,
    0x30E5, 0x30E5, 0x30E5, 0x30E5, 0x38E5, 0x38E5, 0x38E5, 0x3905, 0x3105, 0x30E4, 0x28C3, 0x38E4,
    0x4924, 0x3928, 0x112A, 0x08C6, 0x1A0F, 0x1A0F, 0x19EF, 0x19EF, 0x2251, 0x22B4, 0x1231, 0x092B,
    0x08C7, 0x0064, 0x0064, 0x0063, 0x0063, 0x0063, 0x0063, 0x0063, 0x0063, 0x0064, 0x0109, 0x11EE,
    0x1A51, 0x1A10, 0x19CF, 0x19CE, 0x19CE, 0x19AE, 0x19AE, 0x19AE, 0x19AE, 0x19AE, 0x198D, 0x118D,
    0x118D, 0x118D, 0x118D, 0x118D, 0x118D, 0x118D, 0x118D, 0x118D, 0x116D, 0x118D, 0x116D, 0x118D,
    0x118D, 0x118D, 0x116D, 0x116D, 0x116C, 0x116C, 0x116C, 0x116C, 0x116D, 0x116D, 0x116D, 0x116D,
    0x116D, 0x116D, 0x116C, 0x116C, 0x116D, 0x116D, 0x116D, 0x114D, 0x116D, 0x116D, 0x116D, 0x116D,
    0x116D, 0x116D, 0x116D, 0x116D, 0x116D, 0x116D, 0x116D, 0x116D, 0x116D, 0x114D, 0x114D, 0x114C,
    0x114D, 0x114D, 0x194D, 0x194D, 0x114C, 0x114C, 0x112C, 0x112B, 0x112B, 0x114B, 0x114B, 0x114B,
    0x114B, 0x114B, 0x196B, 0x196B, 0x196B, 0x196B, 0x196B, 0x196B, 0x196B, 0x198C, 0x198D, 0x116C,
    0x114C, 0x114B, 0x112A, 0x10E8, 0x10E7, 0x10C7, 0x10C7, 0x10C7, 0x18E7, 0x10C6, 0x10C6, 0x10C6,
    0x18C6, 0x18C5, 0x18A5, 0x18C5, 0x18E6, 0x20E6, 0x20E6, 0x20E6, 0x20E6, 0x2907, 0x2107, 0x2107,
    0x3169, 0x2948, 0x318A, 0x41EB, 0x6A8D, 0x6A8C, 0x626B, 0x4965, 0x4124, 0x3945, 0x30E2, 0x30C1,
    0x2881, 0x2060, 0x2061, 0x28A1, 0x4922, 0x71E3, 0x7A03, 0x38C1, 0x30C1, 0x4101, 0x1861, 0x1040,
    0x2081, 0x1860, 0x38E2, 0x28A1, 0x20A1, 0x20A2, 0x1861, 0x1881, 0x2081, 0x1881, 0x1861, 0x2081,
    0x2081, 0x20A1, 0x28A1, 0x28A1, 0x28A1, 0x28C1, 0x30C1, 0x28C2, 0x28C1, 0x30C2, 0x28C1, 0x30E2,
    0x30E2, 0x30E2, 0x3102, 0x3923, 0x3923, 0x4964, 0x4143, 0x30E2, 0x2081, 0x1841, 0x2081, 0x28C2,
    0x2061, 0x1840, 0x2081, 0x28A1, 0x2081, 0x2081, 0x2061, 0x30C2, 0x38E2, 0x4123, 0x4102, 0x38E2,
    0x28A1, 0x28A1, 0x2081, 0x28A1, 0x3902, 0x3902, 0x4103, 0x3902, 0x30C1, 0x2081, 0x2061, 0x1860,
    0x1860, 0x1860, 0x1860, 0x1840, 0x1840, 0x1040, 0x1040, 0x1040, 0x28A0, 0x40E1, 0x38C0, 0x28A0,
    0x28A0, 0x2880, 0x1840, 0x2880, 0x40E1, 0x40E1, 0x5941, 0x71A2, 0x8202, 0x79E2, 0x71A2, 0x6161,
    0x4101, 0x6161, 0x5142, 0x5963, 0x7A04, 0x8204, 0x61C7, 0x3988, 0x61C6, 0x69C5, 0x4186, 0x2947,
    0x2947, 0x4966, 0x2126, 0x1926, 0x2147, 0x1148, 0x1127, 0x0906, 0x08E5, 0x08A3, 0x0062, 0x0062,
    0x08A3, 0x08A3, 0x0882, 0x0062, 0x0842, 0x0883, 0x08A4, 0x08A3, 0x0882, 0x0041, 0x0020, 0x0021,
    0x0041, 0x0883, 0x08A4, 0x08A5, 0x10E7, 0x194A, 0x216B, 0x294B, 0x294A, 0x314A, 0x312A, 0x3108,
    0x30E7, 0x28A4, 0x2083, 0x2082, 0x1862, 0x1041, 0x0820, 0x0820, 0x0841, 0x1062, 0x10A4, 0x18C5,
    0x20C5, 0x20C5, 0x28E5, 0x30E5, 0x30C5, 0x30E5, 0x38E5, 0x38E5, 0x30E5, 0x30E5, 0x30E5, 0x30E5,
    0x38E5, 0x38E5, 0x3905, 0x3905, 0x3905, 0x30E4, 0x30C3, 0x4104, 0x4925, 0x1907, 0x08C6, 0x0862,
    0x1A10, 0x1A10, 0x1A10, 0x19EF, 0x2271, 0x22B4, 0x1211, 0x092B, 0x08C7, 0x0064, 0x0064, 0x0063,
    0x0063, 0x0043, 0x0063, 0x0063, 0x0063, 0x0064, 0x092A, 0x120F, 0x1A51, 0x1A30, 0x19CF, 0x19CE,
    0x19CE, 0x19CE, 0x19CE, 0x19CE, 0x19AE, 0x19AE, 0x198D, 0x118D, 0x118D, 0x118D, 0x118D, 0x118D,
    0x118D, 0x118D, 0x116D, 0x118D, 0x118D, 0x118D, 0x116D, 0x118D, 0x118D, 0x118D, 0x116D, 0x116D,
    0x118D, 0x116D, 0x116D, 0x116D, 0x116D, 0x116D, 0x116D, 0x116D, 0x116D, 0x116D, 0x116D, 0x116D,
    0x116D, 0x116D, 0x116D, 0x114D, 0x116D, 0x116D, 0x116D, 0x116D, 0x116E, 0x116E, 0x116E, 0x116E,
    0x116E, 0x116D, 0x116D, 0x114E, 0x114D, 0x114E, 0x114D, 0x194D, 0x194D, 0x194D, 0x194D, 0x194D,
    0x114D, 0x114C, 0x112C, 0x112C, 0x112C, 0x112B, 0x114B, 0x114B, 0x114B, 0x114B, 0x196B, 0x194B,
    0x194B, 0x194B, 0x194B, 0x114B, 0x116B, 0x116B, 0x116C, 0x114B, 0x090A, 0x10E8, 0x10C7, 0x10C6,
    0x10C7, 0x10C7, 0x10C7, 0x10C7, 0x18C7, 0x10C6, 0x10C6, 0x10C6, 0x18A5, 0x18A5, 0x18C5, 0x20E6,
    0x20E7, 0x20E6, 0x18C6, 0x18E6, 0x20E6, 0x20E6, 0x2107, 0x3169, 0x3148, 0x2928, 0x2969, 0x49EB,
    0x628D, 0x626C, 0x5A4B, 0x4944, 0x4143, 0x4144, 0x38E2, 0x30A1, 0x28A1, 0x2881, 0x2881, 0x28A1,
    0x3902, 0x5982, 0x30C1, 0x30A1, 0x4102, 0x1861, 0x1040, 0x20A1, 0x1861, 0x28A1, 0x3902, 0x1861,
    0x1861, 0x28A2, 0x2081, 0x1040, 0x1861, 0x2081, 0x2081, 0x2081, 0x2081, 0x28C1, 0x30C2, 0x30C2,
    0x30C2, 0x28A1, 0x28C1, 0x30E2, 0x3923, 0x4143, 0x4964, 0x4123, 0x4144, 0x3903, 0x30E2, 0x3923,
    0x3923, 0x4143, 0x3903, 0x30E2, 0x28C2, 0x1861, 0x0820, 0x1861, 0x1861, 0x1040, 0x0820, 0x1040,
    0x1861, 0x1860, 0x1860, 0x1840, 0x2081, 0x28C1, 0x38E2, 0x28A1, 0x28C1, 0x2081, 0x28A1, 0x20A1,
    0x28C1, 0x30E2, 0x4143, 0x4103, 0x30E2, 0x28A1, 0x2081, 0x28A1, 0x2081, 0x2080, 0x1860, 0x1040,
    0x1040, 0x1040, 0x1040, 0x1860, 0x1860, 0x2060, 0x30A0, 0x2880, 0x2880, 0x2880, 0x30A0, 0x2880,
    0x30A0, 0x40E1, 0x5961, 0x4921, 0x5121, 0x81E2, 0x79E2, 0x6181, 0x5961, 0x6161, 0x38E1, 0x71A3,
    0x9244, 0x8A44, 0x71E5, 0x3988, 0x3988, 0x7205, 0x4186, 0x4167, 0x2947, 0x4986, 0x2946, 0x2147,
    0x2168, 0x2168, 0x1948, 0x1106, 0x08E5, 0x08A3, 0x0862, 0x0862, 0x08A3, 0x10C4, 0x0883, 0x0041,
    0x0841, 0x0862, 0x0883, 0x0883, 0x0883, 0x0841, 0x0021, 0x0020, 0x0021, 0x0863, 0x08A4, 0x08A5,
    0x10E7, 0x194A, 0x216B, 0x294B, 0x294A, 0x312A, 0x3129, 0x3108, 0x30E6, 0x28A4, 0x2083, 0x1862,
    0x1041, 0x1041, 0x1041, 0x1061, 0x1883, 0x20A4, 0x28C5, 0x30E5, 0x30E5, 0x30E5, 0x30E5, 0x30E5,
    0x38E5, 0x38E5, 0x30E5, 0x38E5, 0x30E5, 0x30E5, 0x30E5, 0x38E5, 0x3905, 0x4105, 0x4925, 0x5965,
    0x6165, 0x5944, 0x4903, 0x6144, 0x4924, 0x10C5, 0x0883, 0x0842, 0x2210, 0x2210, 0x1A10, 0x1A0F,
    0x2292, 0x22D4, 0x1231, 0x092A, 0x08C7, 0x0064, 0x0064, 0x0063, 0x0043, 0x0063, 0x0063, 0x0064,
    0x0064, 0x0084, 0x092A, 0x1210, 0x2292, 0x1A31, 0x19EF, 0x19CE, 0x19CE, 0x19CE, 0x19CE, 0x19CE,
    0x19CE, 0x19AE, 0x19AD, 0x118D, 0x118D, 0x118D, 0x118D, 0x118D, 0x116D, 0x118D, 0x118D, 0x118D,
    0x118D, 0x118D, 0x118D, 0x118D, 0x118D, 0x118D, 0x116D, 0x118D, 0x118D, 0x116D, 0x116D, 0x116D,
    0x118D, 0x116D, 0x116D, 0x116D, 0x116D, 0x116D, 0x116D, 0x116D, 0x116D, 0x116D, 0x116E, 0x116E,
    0x116E, 0x116E, 0x116E, 0x116E, 0x116E, 0x116E, 0x116E, 0x116E, 0x116E, 0x116E, 0x116E, 0x116E,
    0x116E, 0x116E, 0x114E, 0x194E, 0x194E, 0x194E, 0x194E, 0x194E, 0x194D, 0x194D, 0x114C, 0x112C,
    0x112C, 0x112C, 0x114C, 0x114B, 0x114B, 0x114B, 0x114B, 0x114B, 0x114B, 0x194B, 0x194B, 0x114B,
    0x114A, 0x118C, 0x116C, 0x112A, 0x10C7, 0x10A6, 0x10A5, 0x10A5, 0x10C6, 0x10C6, 0x10C7, 0x18C7,
    0x18E7, 0x10C6, 0x18C6, 0x18C6, 0x18C5, 0x18C5, 0x20E5, 0x20E6, 0x20E6, 0x18C6, 0x10C5, 0x18C5,
    0x18C5, 0x20E6, 0x18E6, 0x3969, 0x3148, 0x2948, 0x39AA, 0x3989, 0x5A6D, 0x5A2B, 0x522B, 0x4144,
    0x4123, 0x4943, 0x4102, 0x4102, 0x30C1, 0x30A1, 0x30A1, 0x30A1, 0x4102, 0x30A1, 0x30C1, 0x4102,
    0x1861, 0x1861, 0x2081, 0x28C2, 0x1861, 0x30E2, 0x30E2, 0x1040, 0x0820, 0x1861, 0x1861, 0x1840,
    0x1860, 0x2081, 0x2081, 0x2081, 0x2081, 0x20A1, 0x28A1, 0x30C2, 0x30C2, 0x30E2, 0x3902, 0x30E2,
    0x30E2, 0x4123, 0x4984, 0x4144, 0x4143, 0x3923, 0x3903, 0x28A2, 0x2081, 0x30E2, 0x28C2, 0x2081,
    0x1861, 0x1881, 0x1861, 0x1040, 0x1840, 0x1840, 0x1040, 0x0820, 0x0820, 0x1040, 0x1860, 0x1040,
    0x1840, 0x1860, 0x28A1, 0x28A1, 0x2081, 0x2081, 0x28A1, 0x20A1, 0x2081, 0x30E2, 0x3902, 0x4143,
    0x4103, 0x30E2, 0x3902, 0x30C2, 0x28A1, 0x2081, 0x1860, 0x1040, 0x1040, 0x1040, 0x1040, 0x1040,
    0x1040, 0x2060, 0x30C1, 0x2060, 0x2880, 0x38C0, 0x2880, 0x38C0, 0x30A0, 0x4101, 0x5121, 0x38C1,
    0x38C1, 0x6161, 0x79C2, 0x6161, 0x4921, 0x40E1, 0x4921, 0x8A23, 0x8A03, 0xB2C3, 0x7A05, 0x4188,
    0x41A8, 0x8226, 0x51A7, 0x4986, 0x4187, 0x4187, 0x1947, 0x3167, 0x2168, 0x1948, 0x1107, 0x1106,
    0x08E5, 0x0883, 0x0862, 0x0862, 0x0883, 0x08A3, 0x0882, 0x0841, 0x0041, 0x0841, 0x0842, 0x0883,
    0x0883, 0x0862, 0x0021, 0x0000, 0x0021, 0x0842, 0x0884, 0x08A4, 0x08E7, 0x192A, 0x214B, 0x294B,
    0x294A, 0x2929, 0x3109, 0x30E7, 0x28A5, 0x2083, 0x1883, 0x1882, 0x1862, 0x2082, 0x20A3, 0x28C4,
    0x30E5, 0x30E5, 0x30E5, 0x38E5, 0x38E5, 0x30E5, 0x30E5, 0x38E5, 0x38E5, 0x30E5, 0x30E5, 0x30E5,
    0x38E5, 0x38E5, 0x4905, 0x4904, 0x4104, 0x5144, 0x71A4, 0x9204, 0x9A24, 0x89C3, 0x5923, 0x4903,
    0x30C4, 0x08A4, 0x0883, 0x0862, 0x1A30, 0x1A10, 0x1A10, 0x1A10, 0x2292, 0x22F4, 0x1231, 0x092B,
    0x08C7, 0x0064, 0x0064, 0x0063, 0x0043, 0x0063, 0x0064, 0x0064, 0x0064, 0x0085, 0x094B, 0x1A30,
    0x2292, 0x1A31, 0x19EF, 0x19CE, 0x19CE, 0x19AE, 0x19AE, 0x19AE, 0x19AE, 0x11AE, 0x118E, 0x11AD,
    0x11AD, 0x118D, 0x118D, 0x118D, 0x118D, 0x118D, 0x118D, 0x118D, 0x118D, 0x118D, 0x118D, 0x118D,
    0x118D, 0x118D, 0x118D, 0x118D, 0x118D, 0x116D, 0x116D, 0x118D, 0x118D, 0x118E, 0x116D, 0x116E,
    0x116D, 0x116D, 0x116D, 0x116D, 0x116D, 0x116E, 0x116E, 0x116E, 0x116E, 0x116E, 0x116E, 0x116E,
    0x116E, 0x116F, 0x116F, 0x116F, 0x116F, 0x118F, 0x116F, 0x196F, 0x196F, 0x196F, 0x196F, 0x194E,
    0x194E, 0x194E, 0x194E, 0x194E, 0x194E, 0x194D, 0x194D, 0x194D, 0x112C, 0x114C, 0x114C, 0x114B,
    0x114B, 0x114B, 0x114B, 0x114B, 0x114B, 0x112B, 0x114B, 0x114B, 0x114A, 0x116C, 0x116C, 0x112A,
    0x10C7, 0x10A6, 0x10A6, 0x10C6, 0x10C7, 0x10C7, 0x18E8, 0x1908, 0x1908, 0x18E7, 0x2107, 0x2906,
    0x20C5, 0x18C5, 0x18C5, 0x18C6, 0x18C5, 0x10C5, 0x10C5, 0x10C6, 0x18C6, 0x2107, 0x18C6, 0x2927,
    0x3148, 0x39CB, 0x41CA, 0x2928, 0x4A0B, 0x5A4C, 0x520A, 0x4144, 0x3903, 0x4943, 0x5143, 0x4102,
    0x4922, 0x4922, 0x4922, 0x4922, 0x4101, 0x30C1, 0x5142, 0x1861, 0x1041, 0x28A1, 0x20A2, 0x28E2,
    0x1861, 0x28C2, 0x20A1, 0x1040, 0x0820, 0x1020, 0x1861, 0x1040, 0x1040, 0x1040, 0x1861, 0x2081,
    0x2081, 0x28A1, 0x28A1, 0x28C1, 0x30C2, 0x30E2, 0x3902, 0x3923, 0x4123, 0x4964, 0x3923, 0x30E2,
    0x30E2, 0x28C2, 0x30E2, 0x28C2, 0x2081, 0x1861, 0x1861, 0x1860, 0x1040, 0x1040, 0x2061, 0x2081,
    0x30C2, 0x30E2, 0x3902, 0x4122, 0x4102, 0x4102, 0x38E2, 0x38E2, 0x28A1, 0x2081, 0x2060, 0x2081,
    0x2081, 0x2081, 0x28C1, 0x30C1, 0x20A1, 0x28A1, 0x30C2, 0x3903, 0x4123, 0x4964, 0x3903, 0x28C2,
    0x28A1, 0x2081, 0x1860, 0x1840, 0x1040, 0x1840, 0x1040, 0x1040, 0x1840, 0x2080, 0x30A0, 0x2060,
    0x5121, 0x6981, 0x40C0, 0x2880, 0x30A0, 0x4901, 0x4900, 0x5101, 0x5121, 0x5121, 0x6982, 0x6161,
    0x5121, 0x40E1, 0x8202, 0x79C2, 0x8A02, 0xD3A4, 0xA2C5, 0x59E8, 0x49E8, 0x9AA6, 0x61E6, 0x59C6,
    0x61E7, 0x49A7, 0x1947, 0x3987, 0x2168, 0x1947, 0x1106, 0x1106, 0x08E5, 0x0862, 0x0862, 0x0862,
    0x0883, 0x08A3, 0x0862, 0x0041, 0x0021, 0x0021, 0x0821, 0x0862, 0x0862, 0x0841, 0x0020, 0x0000,
    0x0020, 0x0841, 0x0863, 0x0884, 0x08C6, 0x1929, 0x214A, 0x214A, 0x2929, 0x2908, 0x28E7, 0x28C6,
    0x28A5, 0x20A4, 0x28A4, 0x28A4, 0x30C4, 0x30E5, 0x30E5, 0x38E5, 0x30E5, 0x38E5, 0x38E5, 0x3905,
    0x38E5, 0x30E5, 0x30E5, 0x38E5, 0x38E5, 0x4105, 0x5105, 0x5925, 0x7164, 0x79A4, 0x81C4, 0x79A3,
    0x6163, 0x6142, 0x71A2, 0x9203, 0x91E3, 0x6964, 0x30C4, 0x1083, 0x0883, 0x0882, 0x0862, 0x0862,
    0x19EF, 0x1A10, 0x1A10, 0x1A10, 0x2292, 0x22D4, 0x1211, 0x092B, 0x08C7, 0x0064, 0x0064, 0x0063,
    0x0063, 0x0063, 0x0064, 0x0064, 0x0064, 0x0085, 0x094B, 0x1A51, 0x2292, 0x1A51, 0x19EF, 0x19CE,
    0x19CE, 0x19AE, 0x19AE, 0x19AE, 0x19AE, 0x11AE, 0x11AE, 0x11AE, 0x11AE, 0x118D, 0x118D, 0x11AE,
    0x118E, 0x118E, 0x118D, 0x118E, 0x118D, 0x118D, 0x118D, 0x118D, 0x118D, 0x118D, 0x118D, 0x118E,
    0x118E, 0x118E, 0x118E, 0x118E, 0x118E, 0x118E, 0x118E, 0x116E, 0x116E, 0x116E, 0x116E, 0x118E,
    0x118E, 0x198E, 0x196F, 0x196F, 0x196F, 0x116E, 0x118F, 0x118F, 0x118F, 0x1170, 0x1170, 0x116F,
    0x116F, 0x116F, 0x196F, 0x1970, 0x1970, 0x1970, 0x1970, 0x196F, 0x116F, 0x196F, 0x194F, 0x194F,
    0x114E, 0x194E, 0x194D, 0x194D, 0x112D, 0x194C, 0x114C, 0x114C, 0x114C, 0x114B, 0x114B, 0x114B,
    0x114B, 0x114B, 0x114B, 0x114B, 0x114A, 0x116B, 0x116B, 0x112A, 0x1109, 0x10E8, 0x10E8, 0x1109,
    0x1109, 0x10E8, 0x18E8, 0x1909, 0x18E8, 0x2107, 0x2906, 0x3126, 0x28E5, 0x18A5, 0x10A5, 0x10C5,
    0x10C5, 0x10C6, 0x10C6, 0x18E6, 0x2107, 0x20E7, 0x2107, 0x20E7, 0x2948, 0x520C, 0x3969, 0x3169,
    0x51EB, 0x5A4D, 0x51C9, 0x4165, 0x3903, 0x3902, 0x4103, 0x4122, 0x5962, 0x69C3, 0x69A3, 0x5962,
    0x4122, 0x5142, 0x28C1, 0x0820, 0x30C2, 0x2081, 0x3104, 0x28E3, 0x1861, 0x28C2, 0x1861, 0x0820,
    0x0820, 0x0820, 0x1040, 0x1860, 0x1040, 0x1040, 0x1040, 0x2081, 0x2881, 0x28A1, 0x28A1, 0x30C1,
    0x30C2, 0x38E2, 0x3902, 0x3923, 0x4123, 0x3903, 0x3923, 0x30E2, 0x28A2, 0x2081, 0x1860, 0x1861,
    0x2081, 0x30E2, 0x4123, 0x30E2, 0x30E2, 0x3902, 0x3902, 0x38E2, 0x3902, 0x38E2, 0x30E2, 0x30E2,
    0x38E2, 0x38E2, 0x38E2, 0x3902, 0x3902, 0x38E2, 0x4122, 0x30C1, 0x28A1, 0x30A1, 0x4102, 0x4943,
    0x28A1, 0x2081, 0x28A1, 0x28A1, 0x30E2, 0x4164, 0x4143, 0x3923, 0x30C2, 0x2081, 0x1860, 0x1860,
    0x1860, 0x1860, 0x1040, 0x1840, 0x1860, 0x2060, 0x2060, 0x2060, 0x5141, 0x6182, 0x5121, 0x38C1,
    0x2880, 0x40C0, 0x5121, 0x5121, 0x5121, 0x5941, 0x5121, 0x5121, 0x5121, 0x5941, 0x79C2, 0x7181,
    0x9222, 0xDC05, 0xC364, 0x7A47, 0x49E8, 0xBB47, 0x7226, 0x51C7, 0x7226, 0x41A7, 0x2967, 0x41A8,
    0x1968, 0x1947, 0x1927, 0x1926, 0x10E5, 0x0882, 0x0862, 0x0883, 0x08A4, 0x08A3, 0x0862, 0x0821,
    0x0021, 0x0000, 0x0021, 0x0841, 0x0842, 0x0041, 0x0020, 0x0000, 0x0000, 0x0021, 0x0842, 0x0863,
    0x08A5, 0x1108, 0x2129, 0x2129, 0x2908, 0x28E7, 0x28E7, 0x30E6, 0x30C6, 0x30E5, 0x30E5, 0x38E5,
    0x3905, 0x3905, 0x3905, 0x38E5, 0x30E5, 0x30E5, 0x38E5, 0x3905, 0x3905, 0x4105, 0x5125, 0x6145,
    0x7165, 0x81A4, 0x91C4, 0x9A03, 0xA243, 0xAA63, 0xAA63, 0xA243, 0x91E2, 0x81C2, 0x7182, 0x5923,
    0x38E4, 0x18A4, 0x0884, 0x0883, 0x1062, 0x0862, 0x0862, 0x0841, 0x118C, 0x19CF, 0x19F0, 0x1A10,
    0x2292, 0x22D4, 0x1210, 0x092A, 0x08C7, 0x0064, 0x0084, 0x0063, 0x0063, 0x0064, 0x0064, 0x0084,
    0x0064, 0x0085, 0x096C, 0x1A71, 0x22B2, 0x1A71, 0x19EF, 0x19CE, 0x19CE, 0x19CE, 0x19AE, 0x19AE,
    0x19AE, 0x11AE, 0x11AE, 0x11AE, 0x11AE, 0x11AE, 0x11AE, 0x11AE, 0x11AE, 0x198E, 0x118E, 0x118E,
    0x118D, 0x118D, 0x118E, 0x198E, 0x198E, 0x198E, 0x118E, 0x118E, 0x118E, 0x118E, 0x118E, 0x118E,
    0x118F, 0x118F, 0x118F, 0x118F, 0x116E, 0x116F, 0x116E, 0x198F, 0x198F, 0x118F, 0x198F, 0x196F,
    0x116F, 0x118F, 0x118F, 0x118F, 0x1990, 0x1990, 0x1970, 0x1970, 0x1970, 0x1990, 0x1990, 0x1991,
    0x1991, 0x1170, 0x1191, 0x19B2, 0x19B2, 0x1191, 0x114F, 0x114F, 0x114F, 0x114E, 0x194E, 0x194E,
    0x194D, 0x194D, 0x194C, 0x114C, 0x114C, 0x114C, 0x114B, 0x114B, 0x114B, 0x114B, 0x114B, 0x114B,
    0x114A, 0x116A, 0x114A, 0x114A, 0x112A, 0x1129, 0x112A, 0x112B, 0x092A, 0x08E8, 0x10C7, 0x18C7,
    0x18C7, 0x20E6, 0x28E6, 0x28E5, 0x18C5, 0x18A5, 0x10A5, 0x18C5, 0x18C6, 0x18E6, 0x18C6, 0x2107,
    0x2908, 0x18E7, 0x2107, 0x2108, 0x3169, 0x3169, 0x49EB, 0x41AA, 0x520B, 0x5A2B, 0x51C8, 0x4965,
    0x4123, 0x3902, 0x3902, 0x4102, 0x4922, 0x5962, 0x5142, 0x4102, 0x5162, 0x30E2, 0x0841, 0x2081,
    0x30E2, 0x1881, 0x3124, 0x28C2, 0x0820, 0x2081, 0x2081, 0x1040, 0x0820, 0x0800, 0x0820, 0x1040,
    0x1040, 0x1840, 0x1860, 0x2081, 0x2081, 0x20A1, 0x28A1, 0x28C1, 0x30C1, 0x38E2, 0x3902, 0x4123,
    0x4143, 0x4143, 0x4123, 0x3103, 0x20A1, 0x2081, 0x2061, 0x28A1, 0x3923, 0x4964, 0x5184, 0x3923,
    0x30E2, 0x28C1, 0x28A1, 0x2081, 0x1860, 0x1860, 0x1840, 0x1840, 0x1840, 0x2060, 0x2061, 0x2060,
    0x2881, 0x30C1, 0x30C1, 0x38E2, 0x4923, 0x4943, 0x59A4, 0x59C4, 0x30E2, 0x28A1, 0x1861, 0x1861,
    0x30C2, 0x3103, 0x4143, 0x4144, 0x30E2, 0x2081, 0x1860, 0x2081, 0x2081, 0x1860, 0x1860, 0x1860,
    0x1860, 0x1860, 0x2060, 0x30C0, 0x4941, 0x5121, 0x71C2, 0x71A1, 0x3080, 0x2860, 0x40C0, 0x5121,
    0x6161, 0x5941, 0x5121, 0x5141, 0x5121, 0x5121, 0x4901, 0x5941, 0x9A83, 0xDC05, 0xC344, 0x7A67,
    0x6A68, 0xBB87, 0x7A46, 0x7247, 0x7227, 0x39A7, 0x51E7, 0x31A8, 0x1148, 0x1947, 0x2987, 0x2967,
    0x10E5, 0x0883, 0x0883, 0x08A4, 0x08A4, 0x08A4, 0x0862, 0x0021, 0x0000, 0x0000, 0x0021, 0x0821,
    0x0841, 0x0041, 0x0020, 0x0000, 0x0000, 0x0021, 0x0842, 0x0862, 0x10A4, 0x20E6, 0x2908, 0x2907,
    0x30E7, 0x30E6, 0x30E6, 0x38E6, 0x38E6, 0x3906, 0x3905, 0x3905, 0x3905, 0x3905, 0x3905, 0x38E5,
    0x38E5, 0x4105, 0x4905, 0x5145, 0x6964, 0x7184, 0x81C4, 0x91E3, 0x9A03, 0xA223, 0xAA63, 0xAA63,
    0xAA63, 0xAA63, 0xAA63, 0xAA62, 0xAA62, 0xA223, 0x6163, 0x20A4, 0x0884, 0x0884, 0x0883, 0x0862,
    0x0862, 0x0861, 0x0841, 0x0841, 0x0928, 0x118C, 0x19EF, 0x1A10, 0x22B3, 0x22D4, 0x1210, 0x092A,
    0x08C7, 0x0064, 0x0064, 0x0063, 0x0063, 0x0864, 0x0064, 0x0064, 0x0064, 0x0085, 0x096C, 0x1A72,
    0x22B3, 0x2271, 0x19EF, 0x19CE, 0x19CE, 0x19CF, 0x19AF, 0x11AE, 0x11AE, 0x11AE, 0x11AE, 0x11AE,
    0x11AE, 0x11AE, 0x11AE, 0x11AE, 0x118E, 0x198E, 0x118E, 0x118E, 0x118E, 0x118E, 0x118E, 0x198E,
    0x198E, 0x198E, 0x118E, 0x118E, 0x118E, 0x118E, 0x118E, 0x118F, 0x118F, 0x118F, 0x118F, 0x118F,
    0x118F, 0x198F, 0x198F, 0x198F, 0x198F, 0x1990, 0x1990, 0x1970, 0x1970, 0x1990, 0x1190, 0x1990,
    0x1991, 0x1991, 0x1971, 0x1971, 0x1991, 0x1991, 0x1191, 0x1191, 0x1192, 0x2216, 0x42BA, 0x4B1C,
    0x533C, 0x42DB, 0x2216, 0x1170, 0x1970, 0x194F, 0x194F, 0x194E, 0x194E, 0x194D, 0x194D, 0x114D,
    0x114C, 0x114C, 0x114C, 0x114B, 0x114B, 0x114B, 0x114B, 0x114B, 0x114A, 0x114A, 0x114A, 0x114A,
    0x112A, 0x112A, 0x114B, 0x114C, 0x092A, 0x00C6, 0x0885, 0x0885, 0x10A5, 0x10A5, 0x18C5, 0x10A4,
    0x1084, 0x18A5, 0x18C5, 0x18C6, 0x18E6, 0x18E6, 0x18C6, 0x2127, 0x18E7, 0x18E7, 0x18E7, 0x2949,
    0x2928, 0x1108, 0x522D, 0x522C, 0x51EA, 0x5A0A, 0x51C8, 0x51A6, 0x5184, 0x4963, 0x5183, 0x4922,
    0x4102, 0x38E2, 0x38E2, 0x4942, 0x4122, 0x1061, 0x1041, 0x30E3, 0x28C2, 0x2081, 0x3104, 0x20A2,
    0x0020, 0x1040, 0x1861, 0x1861, 0x1040, 0x1020, 0x1020, 0x1040, 0x1840, 0x1861, 0x2081, 0x28A1,
    0x2081, 0x2081, 0x2081, 0x28A1, 0x28C1, 0x30C1, 0x3902, 0x3902, 0x4143, 0x3903, 0x4143, 0x3903,
    0x28C1, 0x30C2, 0x30E2, 0x30C2, 0x30E2, 0x30C2, 0x28A1, 0x28A1, 0x2081, 0x2081, 0x1860, 0x1860,
    0x2081, 0x2080, 0x2080, 0x1860, 0x1860, 0x1860, 0x2060, 0x2081, 0x2081, 0x2081, 0x2080, 0x2881,
    0x38C2, 0x61A4, 0x8287, 0x7226, 0x5163, 0x30C1, 0x2061, 0x2061, 0x1861, 0x2081, 0x30E2, 0x3923,
    0x28C2, 0x2081, 0x2081, 0x2081, 0x1860, 0x1860, 0x1860, 0x1860, 0x1860, 0x1840, 0x2060, 0x30A0,
    0x38C1, 0x5141, 0x8223, 0x81E2, 0x48E1, 0x2060, 0x38C0, 0x40C0, 0x5121, 0x6161, 0x5941, 0x5941,
    0x5121, 0x5101, 0x40E1, 0x5101, 0x9A63, 0xBB03, 0xDBC4, 0x8A45, 0xA306, 0xD447, 0x7A46, 0x7267,
    0x7247, 0x41A7, 0x51E7, 0x39A8, 0x2188, 0x2188, 0x41C7, 0x2968, 0x10E6, 0x0883, 0x0883, 0x08A4,
    0x08C4, 0x08A3, 0x0862, 0x0020, 0x0000, 0x0000, 0x0000, 0x0021, 0x0041, 0x0021, 0x0020, 0x0821,
    0x1042, 0x1863, 0x20A4, 0x20C4, 0x28E5, 0x30E5, 0x3106, 0x3106, 0x38E6, 0x3906, 0x3906, 0x38E5,
    0x38E5, 0x38E5, 0x38E5, 0x3905, 0x3905, 0x4125, 0x4925, 0x5125, 0x6144, 0x6964, 0x7183, 0x79A3,
    0x81C3, 0x91E3, 0x91E3, 0x9A03, 0x9A03, 0xA223, 0xA223, 0xA243, 0xAA63, 0xAA63, 0xAA62, 0xAA62,
    0x9A03, 0x6164, 0x18C4, 0x0884, 0x0883, 0x0863, 0x0862, 0x0862, 0x0861, 0x0841, 0x0841, 0x0841,
    0x0926, 0x116A, 0x19CE, 0x1A30, 0x22D3, 0x22D4, 0x1210, 0x092A, 0x08C7, 0x0064, 0x0084, 0x0063,
    0x0063, 0x0864, 0x0064, 0x0064, 0x0064, 0x00A6, 0x118D, 0x2292, 0x22D3, 0x1A51, 0x19EF, 0x19CF,
    0x19CF, 0x19CF, 0x19AF, 0x19AF, 0x11AE, 0x11AE, 0x11AE, 0x11AE, 0x11AE, 0x11AE, 0x11AE, 0x11AE,
    0x11AE, 0x198E, 0x118E, 0x118E, 0x118E, 0x118E, 0x118E, 0x118E, 0x118E, 0x118E, 0x118E, 0x118E,
    0x118F, 0x118F, 0x118F, 0x118F, 0x11AF, 0x118F, 0x118F, 0x1190, 0x1990, 0x1990, 0x1990, 0x1990,
    0x1990, 0x1990, 0x1991, 0x1991, 0x1991, 0x1991, 0x1991, 0x1991, 0x1991, 0x1992, 0x1992, 0x1992,
    0x1992, 0x1991, 0x1191, 0x19B3, 0x429B, 0x637E, 0x73BE, 0x7BFE, 0x7C1E, 0x73FE, 0x5B5D, 0x21F6,
    0x1950, 0x1970, 0x196F, 0x194F, 0x194E, 0x194E, 0x194D, 0x114D, 0x114C, 0x114C, 0x114C, 0x114C,
    0x114B, 0x114B, 0x114B, 0x114B, 0x114A, 0x114A, 0x114A, 0x114A, 0x112B, 0x114B, 0x116C, 0x116B,
    0x0109, 0x00A6, 0x0084, 0x0864, 0x0864, 0x0884, 0x0883, 0x0863, 0x1083, 0x18A5, 0x18C6, 0x10E7,
    0x10E7, 0x10E6, 0x10E6, 0x18E7, 0x18E6, 0x18E6, 0x1907, 0x2928, 0x1908, 0x298A, 0x41EB, 0x520B,
    0x6209, 0x5A09, 0x61E7, 0x5985, 0x5164, 0x61A3, 0x5163, 0x4102, 0x4923, 0x5143, 0x5962, 0x4942,
    0x20A2, 0x1061, 0x1861, 0x4144, 0x20A2, 0x20A2, 0x28C3, 0x20A2, 0x0820, 0x0820, 0x1020, 0x1861,
    0x1841, 0x1040, 0x1040, 0x1840, 0x1860, 0x1861, 0x2081, 0x28A1, 0x28A1, 0x28A1, 0x30C1, 0x30C2,
    0x30C1, 0x38E2, 0x3902, 0x3902, 0x30E2, 0x30E2, 0x30C2, 0x30E2, 0x3102, 0x30E2, 0x30E2, 0x30C2,
    0x30C2, 0x30C1, 0x28A1, 0x2081, 0x2081, 0x2081, 0x28A1, 0x28A1, 0x28A1, 0x20A1, 0x2080, 0x2080,
    0x2080, 0x2080, 0x2881, 0x28A1, 0x2080, 0x2060, 0x2080, 0x2081, 0x28A1, 0x4102, 0x7A46, 0x92E8,
    0x69E5, 0x38E2, 0x30A2, 0x2881, 0x2061, 0x2081, 0x2081, 0x2081, 0x20A1, 0x28C2, 0x20A1, 0x1861,
    0x1840, 0x1860, 0x1840, 0x1040, 0x1840, 0x2060, 0x2060, 0x2060, 0x28A0, 0x38E1, 0x69A2, 0x9A62,
    0x71A1, 0x48E1, 0x2880, 0x5921, 0x48E0, 0x5921, 0x6141, 0x5121, 0x5941, 0x5121, 0x5921, 0x6141,
    0x7182, 0xA282, 0xCB63, 0xBB24, 0xE4E8, 0xD467, 0x69C5, 0x7266, 0x8AA6, 0x51C7, 0x3166, 0x3167,
    0x31A8, 0x21A9, 0x31A9, 0x2168, 0x08C6, 0x0883, 0x0883, 0x08A4, 0x08A4, 0x0883, 0x0841, 0x0020,
    0x0000, 0x0000, 0x0000, 0x0821, 0x1062, 0x1082, 0x1882, 0x20A3, 0x28C4, 0x30C5, 0x30E6, 0x3906,
    0x3906, 0x3906, 0x3905, 0x3905, 0x38E5, 0x38E5, 0x38E5, 0x38E5, 0x38E5, 0x4105, 0x4905, 0x5124,
    0x6144, 0x6963, 0x7183, 0x7983, 0x81A3, 0x89A3, 0x81C2, 0x81A2, 0x81C2, 0x89C2, 0x89A2, 0x89C2,
    0x91C2, 0x91E3, 0x9A03, 0x9A03, 0x9A03, 0x9A22, 0x9A22, 0x89E3, 0x4924, 0x10A5, 0x0884, 0x0883,
    0x0863, 0x0862, 0x0841, 0x0861, 0x0841, 0x0841, 0x0841, 0x0841, 0x0905, 0x1149, 0x19CD, 0x2230,
    0x22D3, 0x22D4, 0x11F0, 0x092A, 0x08A6, 0x0864, 0x0084, 0x0064, 0x0063, 0x0864, 0x0064, 0x0084,
    0x0064, 0x00A6, 0x11AD, 0x2292, 0x2AD3, 0x2271, 0x19EF, 0x19EF, 0x19CF, 0x19CF, 0x19AF, 0x19AF,
    0x11AE, 0x11AE, 0x11AE, 0x11AE, 0x11AE, 0x11AE, 0x11AE, 0x118E, 0x118E, 0x118E, 0x118E, 0x118E,
    0x118E, 0x118E, 0x118F, 0x198F, 0x198F, 0x118F, 0x118F, 0x118F, 0x118F, 0x118F, 0x118F, 0x118F,
    0x118F, 0x118F, 0x1190, 0x1190, 0x1990, 0x1990, 0x1991, 0x1991, 0x1991, 0x1191, 0x1991, 0x1992,
    0x1992, 0x1991, 0x1192, 0x11B2, 0x1992, 0x1993, 0x1993, 0x1192, 0x1192, 0x1191, 0x19D4, 0x4AFC,
    0x6BBF, 0x73DE, 0x7BFE, 0x6BDE, 0x6BFE, 0x7C3E, 0x73DE, 0x42BB, 0x1972, 0x1971, 0x1970, 0x196F,
    0x194F, 0x194E, 0x194D, 0x194D, 0x114D, 0x114C, 0x114C, 0x114C, 0x114B, 0x114B, 0x114B, 0x114B,
    0x114A, 0x114A, 0x114A, 0x114A, 0x114B, 0x114B, 0x116B, 0x114B, 0x010A, 0x00A6, 0x0084, 0x0063,
    0x0863, 0x0863, 0x0062, 0x0062, 0x1083, 0x18C5, 0x1908, 0x1108, 0x1108, 0x1107, 0x2127, 0x2107,
    0x18E7, 0x10E7, 0x1928, 0x1907, 0x1928, 0x3189, 0x31AA, 0x520A, 0x59E9, 0x522A, 0x4187, 0x4166,
    0x4986, 0x4964, 0x5185, 0x4943, 0x59A4, 0x61A4, 0x5963, 0x20A2, 0x18A2, 0x1040, 0x28C2, 0x4985,
    0x2081, 0x2082, 0x28C2, 0x2081, 0x1040, 0x0820, 0x0820, 0x1040, 0x1861, 0x1861, 0x1860, 0x1860,
    0x2081, 0x2081, 0x28A1, 0x28A1, 0x28C1, 0x30C1, 0x30C2, 0x38E2, 0x4943, 0x5183, 0x4963, 0x4123,
    0x3903, 0x4943, 0x4123, 0x3102, 0x3102, 0x30E2, 0x30E1, 0x30C2, 0x28A1, 0x28A1, 0x2081, 0x28A1,
    0x30E1, 0x3902, 0x30E2, 0x28A1, 0x28C1, 0x28A1, 0x28A1, 0x2081, 0x2060, 0x2060, 0x1860, 0x1860,
    0x1860, 0x1860, 0x1860, 0x2081, 0x2881, 0x38E2, 0x7205, 0x92C8, 0x4943, 0x30C1, 0x30C2, 0x30C2,
    0x28A1, 0x30C2, 0x28C2, 0x20A1, 0x28C2, 0x28C2, 0x28A2, 0x2081, 0x1861, 0x1840, 0x1040, 0x1040,
    0x1840, 0x1840, 0x1840, 0x2060, 0x2060, 0x2060, 0x6161, 0x9A62, 0x9A62, 0x79C2, 0x4901, 0x4901,
    0x5921, 0x5101, 0x6981, 0x5941, 0x4901, 0x5101, 0x5941, 0x5921, 0x5941, 0x8A02, 0xC343, 0xECA6,
    0xFDC9, 0x9B06, 0x5185, 0xAB26, 0x7A66, 0x3146, 0x2926, 0x1906, 0x2967, 0x31A9, 0x2989, 0x1928,
    0x08C5, 0x0863, 0x0862, 0x0883, 0x0883, 0x0862, 0x0041, 0x0821, 0x0841, 0x1041, 0x1862, 0x20A3,
    0x28C4, 0x28E5, 0x30E5, 0x3105, 0x3906, 0x3906, 0x3906, 0x3906, 0x3906, 0x3906, 0x3906, 0x3905,
    0x3905, 0x3905, 0x4105, 0x5125, 0x5924, 0x6144, 0x7163, 0x7183, 0x79A3, 0x81A2, 0x89A2, 0x89A2,
    0x89A3, 0x89A2, 0x89C2, 0x81C2, 0x81C2, 0x81A2, 0x79A2, 0x7982, 0x81A2, 0x81A2, 0x89A2, 0x89C2,
    0x89C2, 0x89C2, 0x79A3, 0x4104, 0x10A5, 0x08A4, 0x0883, 0x0882, 0x0862, 0x0841, 0x0841, 0x0841,
    0x0841, 0x0841, 0x0841, 0x0841, 0x0904, 0x0948, 0x19CE, 0x2230, 0x22F4, 0x22D4, 0x11F0, 0x090A,
    0x08A6, 0x0864, 0x0084, 0x0064, 0x0063, 0x0864, 0x0064, 0x0064, 0x0064, 0x00A6, 0x11AD, 0x22B3,
    0x2AD3, 0x2251, 0x19EF, 0x19EF, 0x19CF, 0x19CF, 0x19AF, 0x19AF, 0x11AE, 0x11AE, 0x11AE, 0x11AE,
    0x11AE, 0x11AE, 0x118E, 0x118E, 0x118E, 0x118E, 0x118E, 0x118E, 0x198F, 0x198F, 0x118F, 0x118F,
    0x118F, 0x118F, 0x118F, 0x118F, 0x11AF, 0x118F, 0x118F, 0x1990, 0x1190, 0x1190, 0x1990, 0x1990,
    0x1991, 0x19B1, 0x19B1, 0x1991, 0x1991, 0x1992, 0x1992, 0x1992, 0x1992, 0x1992, 0x19B2, 0x19B3,
    0x1993, 0x1173, 0x1995, 0x21F7, 0x21F6, 0x11B4, 0x3ABA, 0x6BDE, 0x7C3E, 0x6BDE, 0x42FC, 0x2238,
    0x3279, 0x6BFE, 0x73FE, 0x4AFD, 0x1994, 0x1951, 0x1970, 0x1170, 0x194F, 0x114E, 0x114E, 0x194D,
    0x114D, 0x114D, 0x114D, 0x114C, 0x114C, 0x114B, 0x114B, 0x114B, 0x114A, 0x114A, 0x114A, 0x114A,
    0x114B, 0x114B, 0x116C, 0x114C, 0x010A, 0x00A6, 0x0084, 0x0863, 0x0863, 0x0863, 0x0062, 0x0062,
    0x0883, 0x18C6, 0x1108, 0x1108, 0x1108, 0x1108, 0x2128, 0x2108, 0x1108, 0x10E7, 0x2149, 0x1929,
    0x2948, 0x2969, 0x31CB, 0x520A, 0x520B, 0x41CA, 0x41CA, 0x4188, 0x49A6, 0x5185, 0x61C5, 0x5184,
    0x7205, 0x61A4, 0x28C2, 0x1882, 0x1881, 0x1861, 0x3104, 0x51C7, 0x28A1, 0x1882, 0x1881, 0x1881,
    0x1860, 0x0820, 0x0820, 0x0820, 0x1040, 0x2081, 0x2081, 0x2081, 0x20A1, 0x28A1, 0x28C1, 0x30C1,
    0x30C2, 0x38E2, 0x38E2, 0x4943, 0x5163, 0x4963, 0x4943, 0x4963, 0x5184, 0x4964, 0x4123, 0x3903,
    0x30C2, 0x28C1, 0x28A1, 0x28A1, 0x30C2, 0x30C1, 0x38E2, 0x3902, 0x3902, 0x38E2, 0x38E2, 0x38E2,
    0x30C1, 0x28A1, 0x2060, 0x1860, 0x2060, 0x2060, 0x1860, 0x2060, 0x2060, 0x2080, 0x2080, 0x2081,
    0x28A1, 0x4103, 0x61C5, 0x8287, 0x5984, 0x30C2, 0x2881, 0x28A1, 0x28A1, 0x30C2, 0x3922, 0x3102,
    0x2081, 0x1861, 0x1861, 0x2081, 0x1861, 0x1840, 0x1840, 0x1840, 0x1840, 0x1040, 0x1860, 0x1840,
    0x1840, 0x2080, 0x6181, 0xA2A3, 0x9A83, 0xA2A2, 0x5141, 0x2880, 0x4901, 0x5941, 0x6161, 0x79C1,
    0x6161, 0x5941, 0x5921, 0x5941, 0x6161, 0x81E1, 0xC343, 0xFD07, 0xE466, 0x92A5, 0x6A05, 0x9AA5,
    0x4985, 0x3145, 0x2105, 0x10C5, 0x1106, 0x3168, 0x2148, 0x0907, 0x08C5, 0x0062, 0x0062, 0x0862,
    0x0883, 0x1083, 0x1083, 0x1883, 0x20A4, 0x28C4, 0x30E5, 0x3906, 0x3906, 0x3906, 0x3906, 0x3906,
    0x3906, 0x3906, 0x3906, 0x3906, 0x3906, 0x3906, 0x4125, 0x4125, 0x5125, 0x5944, 0x6144, 0x6963,
    0x7163, 0x7982, 0x7982, 0x79A2, 0x79A2, 0x79A2, 0x7982, 0x7982, 0x8182, 0x8182, 0x81A2, 0x81C2,
    0x89C2, 0x81A2, 0x8182, 0x7982, 0x7182, 0x6962, 0x6142, 0x6961, 0x6961, 0x6943, 0x38E5, 0x10A5,
    0x08A4, 0x0884, 0x0863, 0x0862, 0x0862, 0x0841, 0x0841, 0x0841, 0x0841, 0x0841, 0x0861, 0x1061,
    0x0925, 0x116A, 0x19EF, 0x2251, 0x22D4, 0x22B4, 0x11F0, 0x090A, 0x00A6, 0x0064, 0x0084, 0x0064,
    0x0063, 0x0864, 0x0864, 0x0084, 0x0064, 0x00C6, 0x11CE, 0x22D3, 0x2AD3, 0x2251, 0x19EF, 0x19EF,
    0x19CE, 0x19CF, 0x19AF, 0x19AF, 0x19CF, 0x11CE, 0x19CE, 0x11AE, 0x11AE, 0x11AF, 0x11AF, 0x11AF,
    0x11AF, 0x11AF, 0x118F, 0x11AF, 0x118F, 0x118F, 0x11AF, 0x118F, 0x118F, 0x118F, 0x118F, 0x118F,
    0x118F, 0x118F, 0x1190, 0x1190, 0x1990, 0x1990, 0x1191, 0x1191, 0x19B1, 0x19B1, 0x19B1, 0x19B1,
    0x19B2, 0x1992, 0x1992, 0x19B3, 0x19B3, 0x19B3, 0x19B3, 0x1993, 0x19B5, 0x3259, 0x533D, 0x5B7E,
    0x42DC, 0x2A59, 0x533C, 0x7C3E, 0x7C1F, 0x3A9B, 0x11B6, 0x19B5, 0x2A38, 0x73FE, 0x7C1E, 0x4B1D,
    0x1995, 0x1972, 0x1971, 0x1970, 0x196F, 0x194F, 0x114E, 0x114E, 0x194D, 0x114D, 0x114D, 0x114D,
    0x114C, 0x114C, 0x114B, 0x114B, 0x114B, 0x114A, 0x114A, 0x114B, 0x114B, 0x194B, 0x196C, 0x116C,
    0x010A, 0x00A6, 0x0084, 0x0863, 0x0863, 0x0863, 0x0042, 0x0062, 0x0884, 0x10C6, 0x1108, 0x1129,
    0x1129, 0x1929, 0x1928, 0x1908, 0x1908, 0x1928, 0x214A, 0x216A, 0x1928, 0x2148, 0x3988, 0x51E9,
    0x522B, 0x49E9, 0x6208, 0x59C7, 0x59C6, 0x61E6, 0x4985, 0x6A05, 0x71E5, 0x4123, 0x1882, 0x20A3,
    0x1881, 0x2081, 0x3125, 0x49C7, 0x28C2, 0x1041, 0x1041, 0x1020, 0x1861, 0x1040, 0x1040, 0x1040,
    0x1840, 0x1840, 0x1861, 0x2081, 0x2081, 0x28A1, 0x30C1, 0x30C2, 0x3902, 0x3902, 0x4123, 0x4943,
    0x4123, 0x4143, 0x4123, 0x4143, 0x4143, 0x3923, 0x30E2, 0x30E2, 0x30C2, 0x28C1, 0x30E2, 0x38E2,
    0x4102, 0x4102, 0x4102, 0x3902, 0x4102, 0x4102, 0x30C1, 0x28A1, 0x2881, 0x2080, 0x2080, 0x2881,
    0x2881, 0x2881, 0x2881, 0x2881, 0x2080, 0x2080, 0x1860, 0x2060, 0x2881, 0x38C2, 0x6A06, 0x8287,
    0x5983, 0x38E2, 0x28A1, 0x28A1, 0x2881, 0x2081, 0x30E2, 0x3922, 0x3902, 0x20A1, 0x1861, 0x1840,
    0x1040, 0x1040, 0x1040, 0x1040, 0x1040, 0x1040, 0x1020, 0x1020, 0x1860, 0x28A0, 0x5141, 0x71C1,
    0x79E2, 0xAAE3, 0x71C1, 0x2880, 0x40E1, 0x6161, 0x6981, 0x79C1, 0x7181, 0x7181, 0x5941, 0x6141,
    0x6961, 0x9201, 0xD3A4, 0xEC86, 0xBB45, 0x8265, 0x7A25, 0x7204, 0x3924, 0x2105, 0x10C5, 0x10C5,
    0x08C5, 0x20E5, 0x1906, 0x08E6, 0x10C5, 0x1083, 0x18A4, 0x20C4, 0x28E5, 0x28E5, 0x3106, 0x3926,
    0x3926, 0x4126, 0x4126, 0x3926, 0x3926, 0x3906, 0x3906, 0x3906, 0x3906, 0x3905, 0x4105, 0x4925,
    0x5125, 0x5124, 0x5944, 0x6163, 0x6963, 0x7162, 0x7162, 0x7162, 0x7162, 0x7162, 0x7162, 0x7182,
    0x7181, 0x7182, 0x7182, 0x7962, 0x7162, 0x7162, 0x7162, 0x7182, 0x7982, 0x7982, 0x7162, 0x7982,
    0x7162, 0x6142, 0x4901, 0x4901, 0x5102, 0x38E4, 0x10A5, 0x08A5, 0x0884, 0x0883, 0x0862, 0x0862,
    0x0841, 0x0841, 0x0841, 0x0841, 0x0841, 0x1061, 0x1061, 0x1061, 0x0967, 0x11AC, 0x2231, 0x2272,
    0x22D4, 0x22B4, 0x11D0, 0x090A, 0x00A6, 0x0064, 0x0064, 0x0063, 0x0063, 0x0884, 0x0864, 0x0064,
    0x0064, 0x00C7, 0x11EF, 0x2B14, 0x2AF4, 0x1A51, 0x19EF, 0x19EF, 0x19CF, 0x19CF, 0x19AF, 0x19AF,
    0x19CF, 0x19CE, 0x11CF, 0x11AF, 0x11AF, 0x11AF, 0x11AF, 0x11AF, 0x11AF, 0x11AF, 0x11AF, 0x118F,
    0x198F, 0x1990, 0x19B0, 0x1990, 0x1990, 0x1990, 0x1190, 0x1990, 0x1190, 0x11B0, 0x11B0, 0x11B0,
    0x11B1, 0x11B1, 0x19B1, 0x11B2, 0x11B2, 0x19B2, 0x19B2, 0x19B2, 0x19B2, 0x19B3, 0x19B3, 0x19B3,
    0x19B3, 0x19B3, 0x19B4, 0x3259, 0x5B5D, 0x73FF, 0x7C3E, 0x73DE, 0x531D, 0x2A59, 0x4B1C, 0x7C3E,
    0x6BBF, 0x2A3A, 0x19D6, 0x19D6, 0x42DB, 0x7C5E, 0x7BFE, 0x42BB, 0x1974, 0x1973, 0x1971, 0x1970,
    0x1970, 0x196F, 0x114F, 0x114E, 0x114E, 0x114D, 0x114D, 0x114D, 0x114C, 0x114C, 0x114B, 0x114B,
    0x114B, 0x114B, 0x114B, 0x114B, 0x114B, 0x194C, 0x196D, 0x116D, 0x092B, 0x00A7, 0x0084, 0x0863,
    0x0863, 0x0063, 0x0042, 0x0062, 0x0884, 0x10E6, 0x1129, 0x1129, 0x1949, 0x1949, 0x1929, 0x1928,
    0x1928, 0x2149, 0x298A, 0x318A, 0x1928, 0x2148, 0x3169, 0x49C9, 0x49C9, 0x59E8, 0x49A8, 0x51E8,
    0x6207, 0x4986, 0x59E6, 0x7A25, 0x4944, 0x20A3, 0x20A3, 0x20C3, 0x20C2, 0x1861, 0x3146, 0x3945,
    0x30C3, 0x1841, 0x1020, 0x0820, 0x1040, 0x1860, 0x1860, 0x1840, 0x1840, 0x1841, 0x1860, 0x2080,
    0x28C1, 0x30E2, 0x3902, 0x4123, 0x4943, 0x5163, 0x4943, 0x4122, 0x4123, 0x3902, 0x4964, 0x5184,
    0x4144, 0x3903, 0x4123, 0x4123, 0x30E2, 0x4122, 0x4122, 0x4122, 0x4923, 0x4102, 0x4922, 0x4922,
    0x3902, 0x28A1, 0x28A1, 0x28A1, 0x28A1, 0x30A1, 0x30C1, 0x30A1, 0x30A1, 0x30A1, 0x2881, 0x2880,
    0x28A1, 0x30C1, 0x38C1, 0x38C1, 0x38E2, 0x40E2, 0x61C5, 0x8AA7, 0x59A4, 0x38E2, 0x30A1, 0x28A1,
    0x2081, 0x2081, 0x28A1, 0x28C1, 0x3923, 0x4143, 0x30E2, 0x2081, 0x1861, 0x1040, 0x0820, 0x0820,
    0x0820, 0x1020, 0x1040, 0x1860, 0x2060, 0x2060, 0x30A0, 0x38C1, 0x5141, 0x79E2, 0x81E2, 0x38C1,
    0x40E1, 0x7181, 0x79C1, 0x71A1, 0x79A1, 0x7181, 0x79C1, 0x7181, 0x79A1, 0x9222, 0xCB84, 0xAAE4,
    0x69E4, 0x9285, 0x9244, 0x28E4, 0x3924, 0x3903, 0x08A3, 0x18C4, 0x10A4, 0x20E5, 0x3106, 0x2106,
    0x2906, 0x3106, 0x3926, 0x3926, 0x4147, 0x4147, 0x4147, 0x4147, 0x4146, 0x4146, 0x3926, 0x3926,
    0x3926, 0x4106, 0x4106, 0x4105, 0x4925, 0x5124, 0x5923, 0x5923, 0x6143, 0x6942, 0x6962, 0x6962,
    0x6962, 0x7162, 0x7162, 0x7162, 0x7162, 0x7162, 0x7162, 0x7162, 0x7162, 0x7162, 0x7162, 0x7162,
    0x7162, 0x7162, 0x6962, 0x6962, 0x6962, 0x6162, 0x5922, 0x5922, 0x6122, 0x48E1, 0x38C1, 0x38C1,
    0x38C4, 0x10C6, 0x08A5, 0x08A4, 0x0883, 0x0862, 0x0861, 0x0841, 0x0841, 0x0841, 0x1041, 0x1041,
    0x1041, 0x1061, 0x1061, 0x1061, 0x11AB, 0x220F, 0x2A72, 0x2A72, 0x22D4, 0x1A93, 0x11CF, 0x090A,
    0x0886, 0x0864, 0x0064, 0x0063, 0x0063, 0x0884, 0x0864, 0x0064, 0x0064, 0x08C7, 0x11F0, 0x3335,
    0x2B14, 0x2251, 0x19CF, 0x19CF, 0x19CF, 0x19CF, 0x19D0, 0x19CF, 0x19CF, 0x19CF, 0x11AF, 0x11AF,
    0x11CF, 0x11AF, 0x11AF, 0x11AF, 0x11AF, 0x198F, 0x19AF, 0x19B0, 0x19B0, 0x19B0, 0x19B0, 0x19B0,
    0x1990, 0x1190, 0x11B0, 0x11B0, 0x11B1, 0x11B1, 0x11B1, 0x11B1, 0x19B2, 0x19B2, 0x19B2, 0x19B2,
    0x19B2, 0x19B3, 0x19B3, 0x19B3, 0x19B3, 0x19B3, 0x19B3, 0x19B4, 0x19D4, 0x21F6, 0x4AFB, 0x741F,
    0x845E, 0x845F, 0x7C1F, 0x5B9E, 0x329A, 0x19F6, 0x42FB, 0x741E, 0x73DF, 0x3A7B, 0x11B6, 0x325A,
    0x73FE, 0x845E, 0x6BDE, 0x2A18, 0x1974, 0x1973, 0x1971, 0x1971, 0x1970, 0x1970, 0x194F, 0x114E,
    0x114E, 0x114E, 0x114D, 0x194D, 0x114D, 0x114C, 0x114C, 0x114B, 0x114B, 0x114B, 0x194B, 0x194B,
    0x194C, 0x194C, 0x198D, 0x116D, 0x092B, 0x00A7, 0x0084, 0x0863, 0x0863, 0x0863, 0x0042, 0x0862,
    0x0884, 0x10E7, 0x1129, 0x1929, 0x1929, 0x1129, 0x1929, 0x1929, 0x1108, 0x2169, 0x298A, 0x1929,
    0x1929, 0x2129, 0x2149, 0x3989, 0x318A, 0x39CA, 0x522B, 0x7AAB, 0x5A08, 0x49E8, 0x8287, 0x5984,
    0x28E4, 0x1882, 0x28C3, 0x28E4, 0x28E3, 0x1861, 0x3146, 0x3125, 0x2082, 0x2081, 0x1020, 0x0840,
    0x0820, 0x0840, 0x1060, 0x1861, 0x2081, 0x2881, 0x28A1, 0x30E1, 0x38E2, 0x3902, 0x4122, 0x4923,
    0x4923, 0x38E2, 0x3902, 0x4102, 0x4143, 0x51A4, 0x59C5, 0x5184, 0x4144, 0x4964, 0x4964, 0x3923,
    0x4943, 0x4943, 0x4943, 0x4943, 0x4943, 0x5163, 0x5163, 0x3902, 0x30E1, 0x38E1, 0x30C1, 0x38C1,
    0x38E1, 0x38E1, 0x38E1, 0x38E1, 0x38E1, 0x30C1, 0x38C1, 0x4922, 0x5142, 0x4921, 0x4101, 0x38E1,
    0x38E2, 0x4102, 0x7206, 0x8267, 0x4943, 0x38E2, 0x30A1, 0x30A1, 0x30A1, 0x2081, 0x2081, 0x20A1,
    0x28C2, 0x4143, 0x4964, 0x38E2, 0x28A1, 0x2061, 0x1860, 0x1860, 0x1840, 0x1040, 0x1040, 0x1040,
    0x1840, 0x1860, 0x2880, 0x2060, 0x3080, 0x6161, 0x7181, 0x5121, 0x38C1, 0x71A1, 0x79A1, 0x6981,
    0x81E1, 0x7181, 0x9222, 0x9202, 0x9A42, 0x9222, 0x9A83, 0x69E4, 0xA2C4, 0x7A04, 0x3924, 0x2904,
    0x3105, 0x4104, 0x3104, 0x2905, 0x2906, 0x3926, 0x4127, 0x4147, 0x4147, 0x4147, 0x4167, 0x4167,
    0x4147, 0x4147, 0x4127, 0x4127, 0x4146, 0x4146, 0x4146, 0x4126, 0x4925, 0x5105, 0x5104, 0x5903,
    0x5922, 0x5922, 0x6121, 0x6121, 0x6122, 0x6922, 0x6921, 0x6942, 0x6942, 0x6941, 0x6942, 0x6942,
    0x6942, 0x6942, 0x6962, 0x6962, 0x6961, 0x6962, 0x6962, 0x6942, 0x6942, 0x6142, 0x6142, 0x6141,
    0x6141, 0x5121, 0x40E1, 0x38C2, 0x38C1, 0x38C1, 0x28A1, 0x28C3, 0x18C6, 0x08C6, 0x08A5, 0x0883,
    0x0862, 0x0862, 0x0861, 0x0841, 0x0841, 0x0841, 0x1041, 0x1061, 0x1061, 0x1061, 0x1061, 0x1081,
    0x19CD, 0x2210, 0x2231, 0x2230, 0x1A72, 0x1272, 0x09CE, 0x0909, 0x0886, 0x0865, 0x0884, 0x0064,
    0x0064, 0x0864, 0x0864, 0x0865, 0x0064, 0x08C8, 0x1A10, 0x2B14, 0x2B14, 0x2251, 0x19CF, 0x19EF,
    0x19EF, 0x19CF, 0x19D0, 0x19CF, 0x19CF, 0x11CF, 0x11CF, 0x11AF, 0x11AF, 0x11AF, 0x11AF, 0x11AF,
    0x11AF, 0x11AF, 0x11AF, 0x11B0, 0x19B0, 0x11B0, 0x11B0, 0x19B0, 0x19B0, 0x11B1, 0x11B1, 0x11B1,
    0x19B1, 0x11B1, 0x19B1, 0x11B2, 0x19B2, 0x19B3, 0x19B3, 0x19B3, 0x19B3, 0x19B3, 0x19B3, 0x19B4,
    0x19B4, 0x19B4, 0x19F6, 0x19F5, 0x2216, 0x533C, 0x7C3E, 0x845E, 0x7C3F, 0x63BE, 0x3ABB, 0x2218,
    0x19D6, 0x19D6, 0x4B1C, 0x7C3F, 0x73FF, 0x327C, 0x2A5A, 0x63DE, 0x7C5E, 0x7C3E, 0x4AFB, 0x1995,
    0x1994, 0x1994, 0x1992, 0x1971, 0x1970, 0x1970, 0x1950, 0x116F, 0x116E, 0x114E, 0x114D, 0x194E,
    0x194D, 0x114D, 0x114C, 0x114B, 0x116B, 0x114B, 0x116B, 0x194C, 0x196C, 0x196C, 0x198D, 0x118D,
    0x092B, 0x00C7, 0x0084, 0x0863, 0x0863, 0x0863, 0x0042, 0x0863, 0x10A5, 0x1907, 0x1949, 0x194A,
    0x194A, 0x112A, 0x1149, 0x1129, 0x1928, 0x3189, 0x41A9, 0x1928, 0x1929, 0x2149, 0x2948, 0x2969,
    0x3189, 0x49EA, 0x82CB, 0x6228, 0x49A7, 0x7268, 0x7226, 0x4186, 0x18A3, 0x20A2, 0x28E4, 0x3105,
    0x20C3, 0x0820, 0x2904, 0x2904, 0x1861, 0x1861, 0x1841, 0x1040, 0x1040, 0x1040, 0x1040, 0x1040,
    0x1841, 0x2081, 0x28A1, 0x28A1, 0x28C1, 0x30C1, 0x38E2, 0x38E2, 0x38E2, 0x4943, 0x4943, 0x4943,
    0x59C5, 0x59E5, 0x5184, 0x4143, 0x4984, 0x4964, 0x4123, 0x4964, 0x4963, 0x4963, 0x4943, 0x4943,
    0x5984, 0x4943, 0x38E2, 0x4122, 0x4122, 0x3902, 0x4102, 0x4902, 0x4922, 0x4922, 0x4922, 0x5142,
    0x4102, 0x4942, 0x5962, 0x4101, 0x30C1, 0x30A1, 0x30A1, 0x30C1, 0x4102, 0x4923, 0x69E5, 0x8266,
    0x5183, 0x38E2, 0x38C1, 0x30A1, 0x30A1, 0x30C1, 0x30C2, 0x28A1, 0x28C1, 0x30C2, 0x3903, 0x4944,
    0x38E2, 0x30C2, 0x1861, 0x1040, 0x0820, 0x0820, 0x1020, 0x1040, 0x1860, 0x1840, 0x2040, 0x2060,
    0x30A0, 0x5941, 0x9A82, 0x9A62, 0x4901, 0x4901, 0x7181, 0x81E1, 0x81E1, 0x81E1, 0x9A42, 0xBAE3,
    0xB2E3, 0x9243, 0xAAE3, 0xAB04, 0x8245, 0x5185, 0x3946, 0x51A6, 0x71E6, 0x3947, 0x4946, 0x4966,
    0x4147, 0x4947, 0x4947, 0x4147, 0x4147, 0x4147, 0x4147, 0x4147, 0x4147, 0x4127, 0x4127, 0x4126,
    0x4925, 0x4924, 0x4924, 0x5123, 0x5903, 0x5902, 0x5902, 0x5901, 0x5901, 0x5921, 0x5921, 0x5921,
    0x5921, 0x5922, 0x6121, 0x6121, 0x6121, 0x6121, 0x6121, 0x6121, 0x6122, 0x6122, 0x6121, 0x6121,
    0x5941, 0x5941, 0x5921, 0x5102, 0x5102, 0x4902, 0x4902, 0x4902, 0x4901, 0x40E1, 0x30C2, 0x28A2,
    0x28A2, 0x30C2, 0x30C2, 0x18C5, 0x08E7, 0x08C6, 0x08A5, 0x0863, 0x0862, 0x0861, 0x0841, 0x0841,
    0x0841, 0x1041, 0x1061, 0x1061, 0x1081, 0x1881, 0x1882, 0x1882, 0x11AC, 0x19CD, 0x118C, 0x118B,
    0x11CD, 0x09EF, 0x098D, 0x08E9, 0x08A6, 0x0885, 0x0885, 0x0064, 0x0064, 0x0884, 0x0864, 0x0865,
    0x0864, 0x08E8, 0x1A30, 0x2AF4, 0x2AD3, 0x1A31, 0x19CF, 0x19EF, 0x19EF, 0x19CF, 0x19D0, 0x19CF,
    0x19CF, 0x19CF, 0x11CF, 0x11CF, 0x11CF, 0x11B0, 0x11B0, 0x11AF, 0x19B0, 0x11AF, 0x11B0, 0x11B0,
    0x19B0, 0x19B1, 0x19B1, 0x19B1, 0x19B1, 0x19B1, 0x19B1, 0x19B1, 0x19B2, 0x19B2, 0x19B2, 0x19B2,
    0x19B3, 0x19B3, 0x19D3, 0x19D3, 0x19D3, 0x19B4, 0x19B4, 0x19B4, 0x19B5, 0x3259, 0x3ABC, 0x2A79,
    0x3299, 0x63DD, 0x849E, 0x7C3E, 0x42DC, 0x2219, 0x19D7, 0x19D6, 0x21F6, 0x19D6, 0x4B1C, 0x7C3F,
    0x73FF, 0x533E, 0x63BF, 0x7C3E, 0x7C3E, 0x535D, 0x21F7, 0x19B5, 0x1995, 0x1994, 0x1992, 0x1991,
    0x1971, 0x1970, 0x1950, 0x196F, 0x196F, 0x114E, 0x114E, 0x194E, 0x194D, 0x114D, 0x114C, 0x116C,
    0x116B, 0x116B, 0x116B, 0x116C, 0x196C, 0x196C, 0x198E, 0x118E, 0x092B, 0x00C7, 0x0084, 0x0063,
    0x0863, 0x0863, 0x0042, 0x0863, 0x08A5, 0x2127, 0x214A, 0x194A, 0x114A, 0x112A, 0x1149, 0x1149,
    0x1129, 0x39A9, 0x51C7, 0x2947, 0x1949, 0x49A8, 0x3168, 0x2948, 0x3989, 0x6249, 0x49C9, 0x3988,
    0x6A07, 0x8AA7, 0x59E7, 0x3146, 0x1062, 0x28E4, 0x28E4, 0x2905, 0x20A2, 0x0000, 0x20C3, 0x20A3,
    0x1861, 0x1020, 0x1840, 0x1020, 0x1040, 0x1860, 0x1860, 0x1860, 0x2061, 0x2061, 0x2061, 0x2081,
    0x30C1, 0x30E2, 0x38E2, 0x4123, 0x5184, 0x4943, 0x4964, 0x59C5, 0x59C5, 0x5184, 0x4984, 0x51A5,
    0x5185, 0x4944, 0x5164, 0x5184, 0x5163, 0x4963, 0x5183, 0x59A4, 0x4943, 0x4923, 0x4942, 0x4922,
    0x4942, 0x4942, 0x5143, 0x5963, 0x5963, 0x6183, 0x69C3, 0x5122, 0x4922, 0x4902, 0x30A1, 0x30A1,
    0x38C1, 0x38E1, 0x4902, 0x4922, 0x5163, 0x69A4, 0x8A67, 0x7205, 0x5163, 0x4122, 0x38C1, 0x30C2,
    0x30C1, 0x28A1, 0x30C2, 0x38E2, 0x30C2, 0x38E2, 0x30E2, 0x4123, 0x4123, 0x28C1, 0x30E2, 0x1860,
    0x1020, 0x1020, 0x0820, 0x1040, 0x1040, 0x1840, 0x1840, 0x1860, 0x30C0, 0x5941, 0x9A42, 0xC343,
    0x8202, 0x2881, 0x5920, 0x9200, 0x8A01, 0xA262, 0xAA62, 0xCB64, 0x9243, 0x9A84, 0xAAE4, 0x7225,
    0x7226, 0x69E6, 0x59A7, 0x9A47, 0x61A7, 0x4987, 0x4167, 0x61A6, 0x4147, 0x4947, 0x5147, 0x4147,
    0x4947, 0x4147, 0x4166, 0x4146, 0x4125, 0x4905, 0x5104, 0x5103, 0x5102, 0x5102, 0x5101, 0x5901,
    0x5101, 0x5901, 0x5901, 0x5901, 0x5101, 0x5101, 0x5101, 0x5101, 0x5101, 0x5101, 0x5921, 0x5121,
    0x5121, 0x5121, 0x5101, 0x5101, 0x48E1, 0x48E1, 0x48E1, 0x48E1, 0x40E1, 0x38E1, 0x38C1, 0x38C2,
    0x30C2, 0x30C2, 0x30C2, 0x38E2, 0x38E2, 0x38E2, 0x30A2, 0x28A2, 0x30C2, 0x38E3, 0x28E4, 0x10E7,
    0x08E7, 0x08A5, 0x0884, 0x0862, 0x0862, 0x0861, 0x0861, 0x0841, 0x1041, 0x1061, 0x1061, 0x1081,
    0x1882, 0x1882, 0x18A2, 0x18A2, 0x0947, 0x0927, 0x0906, 0x0906, 0x0948, 0x096B, 0x096B, 0x0909,
    0x08A7, 0x08A6, 0x0885, 0x0064, 0x0064, 0x0885, 0x0865, 0x0865, 0x0864, 0x08E8, 0x11EF, 0x22D3,
    0x2293, 0x1A11, 0x19F0, 0x19EF, 0x19EF, 0x19CF, 0x19D0, 0x19D0, 0x11AF, 0x11CF, 0x11CF, 0x19AF,
    0x11B0, 0x19B0, 0x19B0, 0x11B0, 0x19B0, 0x11B0, 0x11B0, 0x11B0, 0x19B1, 0x19B1, 0x19D1, 0x19D1,
    0x19D2, 0x19D2, 0x19B2, 0x19B2, 0x19B2, 0x19B3, 0x19B3, 0x19B3, 0x19B4, 0x19D4, 0x19D4, 0x19D4,
    0x19D5, 0x19D4, 0x19B5, 0x19B5, 0x2A18, 0x639E, 0x639D, 0x42FB, 0x2A9A, 0x6BFE, 0x847E, 0x533D,
    0x19D9, 0x21F8, 0x21F7, 0x19F7, 0x19F7, 0x19D7, 0x4B1C, 0x7C3F, 0x8CBF, 0x847F, 0x845F, 0x7C3E,
    0x535D, 0x2218, 0x19B5, 0x19B5, 0x1995, 0x1994, 0x1993, 0x1992, 0x1971, 0x1971, 0x1970, 0x196F,
    0x196F, 0x116E, 0x194E, 0x194E, 0x194D, 0x194D, 0x196C, 0x196C, 0x116C, 0x116B, 0x116C, 0x116C,
    0x196C, 0x196C, 0x198E, 0x116E, 0x092B, 0x00C7, 0x0084, 0x0863, 0x0863, 0x0843, 0x0863, 0x0063,
    0x08A4, 0x1928, 0x196A, 0x196A, 0x194A, 0x114A, 0x1149, 0x1149, 0x1949, 0x41A9, 0x2148, 0x3947,
    0x3968, 0x4188, 0x2948, 0x2948, 0x520A, 0x3189, 0x31AA, 0x5A08, 0x92C8, 0x8287, 0x5209, 0x18A3,
    0x18A2, 0x2905, 0x28E4, 0x2905, 0x20A2, 0x0820, 0x1882, 0x1882, 0x1041, 0x1020, 0x1840, 0x1840,
    0x1040, 0x0840, 0x1040, 0x1040, 0x1840, 0x1861, 0x2081, 0x30C1, 0x38E2, 0x3902, 0x4143, 0x5163,
    0x4923, 0x4964, 0x61E5, 0x59C5, 0x4963, 0x4143, 0x51C5, 0x59C5, 0x4964, 0x5184, 0x5184, 0x51A4,
    0x5184, 0x59A4, 0x61C4, 0x4963, 0x4923, 0x5143, 0x5963, 0x5163, 0x5142, 0x5963, 0x61A3, 0x6183,
    0x79E4, 0x7A04, 0x5142, 0x4922, 0x5122, 0x40E1, 0x5922, 0x6162, 0x6162, 0x5122, 0x6183, 0x71A4,
    0x69A4, 0x79E5, 0x9AC8, 0x71E5, 0x5163, 0x4922, 0x4102, 0x4102, 0x4122, 0x3902, 0x30A1, 0x30C1,
    0x38E2, 0x4943, 0x4963, 0x38E2, 0x4123, 0x3903, 0x28C2, 0x30C1, 0x1860, 0x1020, 0x1040, 0x1020,
    0x0820, 0x1020, 0x1040, 0x1860, 0x2080, 0x30A0, 0x9242, 0xE445, 0x8A63, 0x2060, 0x48E0, 0x81C0,
    0x9A41, 0x9A21, 0xA262, 0xA263, 0x81E4, 0x7225, 0x8245, 0x7A25, 0x7A26, 0x9287, 0x9267, 0x69C7,
    0x4967, 0x5187, 0x4987, 0x69A6, 0x5166, 0x5166, 0x4947, 0x4947, 0x4926, 0x4924, 0x4124, 0x4103,
    0x40E2, 0x40E2, 0x48E1, 0x50E1, 0x5901, 0x5901, 0x5901, 0x5901, 0x5101, 0x5101, 0x5101, 0x5101,
    0x5101, 0x4901, 0x48E1, 0x48E1, 0x48E1, 0x48E1, 0x48E1, 0x48E1, 0x40E1, 0x40E1, 0x40E1, 0x40C1,
    0x38C2, 0x38C2, 0x38C2, 0x30C2, 0x30C2, 0x28A1, 0x20A1, 0x28C2, 0x28C2, 0x28C3, 0x28E2, 0x3102,
    0x3903, 0x38E3, 0x38C3, 0x38C3, 0x38E3, 0x38E4, 0x18E7, 0x08E8, 0x08E7, 0x08A5, 0x0883, 0x0862,
    0x0861, 0x0861, 0x1061, 0x1041, 0x1061, 0x1061, 0x1061, 0x1881, 0x1882, 0x18A2, 0x18A2, 0x18A2,
    0x00E4, 0x00C4, 0x00C4, 0x08E5, 0x0928, 0x098B, 0x096A, 0x0909, 0x08A7, 0x0886, 0x0085, 0x0084,
    0x0084, 0x0885, 0x0885, 0x0865, 0x0865, 0x08E8, 0x11CF, 0x2293, 0x1A52, 0x19F0, 0x19D0, 0x19EF,
    0x19EF, 0x19D0, 0x19D0, 0x19B0, 0x19D0, 0x11AF, 0x11AF, 0x19B0, 0x19B0, 0x19B0, 0x19B0, 0x11B0,
    0x19B0, 0x11B0, 0x11B0, 0x19B1, 0x19B1, 0x19B1, 0x19D2, 0x19D2, 0x19D2, 0x19D2, 0x19D3, 0x19B3,
    0x19B3, 0x19B3, 0x19B4, 0x19B4, 0x19B4, 0x19D4, 0x19F5, 0x2A58, 0x3279, 0x2217, 0x19D5, 0x19B6,
    0x4B1C, 0x743E, 0x741E, 0x42FB, 0x2239, 0x63DE, 0x7C3E, 0x533D, 0x21F9, 0x21F8, 0x2239, 0x2A39,
    0x2218, 0x19F7, 0x4B1C, 0x8C9F, 0xA55F, 0x9D1F, 0x9D1F, 0x7C5E, 0x3ABB, 0x19D7, 0x19B5, 0x19B5,
    0x19B5, 0x19B4, 0x1993, 0x1992, 0x1972, 0x1971, 0x1970, 0x1970, 0x196F, 0x196F, 0x196E, 0x194E,
    0x194E, 0x194D, 0x194C, 0x196C, 0x116C, 0x116C, 0x196C, 0x116C, 0x196C, 0x196C, 0x198E, 0x116E,
    0x092B, 0x00C7, 0x0084, 0x0063, 0x0863, 0x0863, 0x0042, 0x0863, 0x08A4, 0x1108, 0x196A, 0x196A,
    0x196A, 0x194A, 0x194A, 0x194A, 0x1949, 0x3189, 0x1129, 0x2969, 0x4188, 0x2149, 0x1908, 0x41EB,
    0x41CA, 0x2969, 0x41A8, 0x7A89, 0x9AE8, 0x7269, 0x3167, 0x1061, 0x20C3, 0x3105, 0x28E4, 0x2905,
    0x20C3, 0x0820, 0x1041, 0x1881, 0x1861, 0x0820, 0x1020, 0x1040, 0x1860, 0x1060, 0x1060, 0x1860,
    0x1861, 0x2881, 0x30C2, 0x3902, 0x4122, 0x4122, 0x4943, 0x4102, 0x4943, 0x59C5, 0x5184, 0x4963,
    0x3903, 0x4984, 0x51A4, 0x4984, 0x5185, 0x5185, 0x61E6, 0x59A5, 0x61E5, 0x6205, 0x51A4, 0x5183,
    0x5984, 0x61A4, 0x5984, 0x4942, 0x59A3, 0x69A3, 0x6183, 0x79E4, 0x8205, 0x5142, 0x5962, 0x71C3,
    0x71C3, 0x79C4, 0x81E4, 0x79C4, 0x79C4, 0x8204, 0x8205, 0x8205, 0x8226, 0x8A46, 0x92A7, 0x8246,
    0x5963, 0x4922, 0x4102, 0x4922, 0x5142, 0x5963, 0x4942, 0x30C1, 0x30A1, 0x4122, 0x59C4, 0x4964,
    0x30E2, 0x3903, 0x3902, 0x28A1, 0x30C1, 0x2080, 0x1040, 0x1860, 0x1860, 0x1040, 0x1040, 0x1040,
    0x1860, 0x2880, 0x79E1, 0xC364, 0x8222, 0x3080, 0x2880, 0x6960, 0x81E1, 0xA241, 0xAA62, 0x81E3,
    0x8A25, 0x7226, 0x7225, 0xA2A5, 0xAB06, 0xA2E7, 0x69E7, 0x5187, 0x5987, 0x5187, 0x59A6, 0x71E5,
    0x5145, 0x5945, 0x4924, 0x4904, 0x4903, 0x4902, 0x48E1, 0x40E1, 0x30C1, 0x30C1, 0x38C1, 0x40C1,
    0x48E1, 0x50E1, 0x5901, 0x5901, 0x5921, 0x5921, 0x5101, 0x5101, 0x4901, 0x40E1, 0x40E1, 0x40E1,
    0x40E1, 0x38C1, 0x30C1, 0x30A1, 0x30A1, 0x30C1, 0x30C1, 0x28A2, 0x28A2, 0x28A2, 0x28C2, 0x28C2,
    0x28C2, 0x28C2, 0x20C2, 0x28C2, 0x30E3, 0x30E4, 0x30E3, 0x3103, 0x3923, 0x3904, 0x38E4, 0x38E4,
    0x38E3, 0x28E5, 0x1108, 0x0908, 0x08E6, 0x08A4, 0x0863, 0x0862, 0x0861, 0x0861, 0x1061, 0x1061,
    0x1061, 0x1061, 0x1882, 0x1882, 0x18A2, 0x20A2, 0x20C2, 0x20C3, 0x00C3, 0x00A3, 0x08C4, 0x0949,
    0x11AC, 0x11AD, 0x096B, 0x0909, 0x08A6, 0x0886, 0x0085, 0x0084, 0x0084, 0x0885, 0x0865, 0x0885,
    0x0885, 0x08E9, 0x11CF, 0x1A52, 0x1A12, 0x19F0, 0x19CF, 0x19CF, 0x19EF, 0x19D0, 0x19D0, 0x19D0,
    0x19D0, 0x19B0, 0x19B0, 0x19B0, 0x11B0, 0x19B0, 0x11D1, 0x11D1, 0x11B1, 0x11D1, 0x11D1, 0x11B1,
    0x19D2, 0x19D2, 0x19D2, 0x19D2, 0x19D2, 0x19D3, 0x19D3, 0x19D3, 0x19D3, 0x19B4, 0x19D4, 0x19D4,
    0x19D5, 0x19D5, 0x2A38, 0x4B1C, 0x535D, 0x3ADB, 0x11D5, 0x2A59, 0x6BDE, 0x7C3E, 0x63DE, 0x2238,
    0x2A59, 0x6BDE, 0x7C3E, 0x533D, 0x2A3B, 0x42FC, 0x5B9D, 0x533D, 0x327B, 0x21F8, 0x431D, 0x8CBF,
    0x9D3F, 0x9D1F, 0x94DE, 0x7C3E, 0x6BDE, 0x533D, 0x2A39, 0x19B6, 0x19B5, 0x19B4, 0x1993, 0x1972,
    0x1972, 0x1971, 0x1971, 0x1970, 0x196F, 0x196F, 0x196F, 0x194E, 0x194E, 0x196D, 0x194C, 0x116C,
    0x116C, 0x116C, 0x116C, 0x116C, 0x196C, 0x196C, 0x198E, 0x116E, 0x092C, 0x00C7, 0x0084, 0x0063,
    0x0863, 0x0863, 0x0863, 0x0863, 0x08A5, 0x1128, 0x196A, 0x196A, 0x196B, 0x196B, 0x196A, 0x194A,
    0x1949, 0x1949, 0x1949, 0x1949, 0x3988, 0x3168, 0x3189, 0x624C, 0x2969, 0x2948, 0x4A0A, 0x8B2C,
    0x8AEA, 0x49CA, 0x20C4, 0x1061, 0x28E4, 0x2905, 0x20C3, 0x2926, 0x28C3, 0x1040, 0x0820, 0x1041,
    0x1861, 0x1041, 0x0800, 0x0820, 0x0820, 0x1040, 0x1860, 0x1860, 0x2081, 0x30C2, 0x38E2, 0x4102,
    0x3902, 0x4122, 0x4122, 0x5163, 0x5164, 0x4923, 0x4923, 0x38E2, 0x4964, 0x4984, 0x4143, 0x51A5,
    0x5185, 0x6206, 0x59C6, 0x6206, 0x7246, 0x59E5, 0x59C4, 0x69C4, 0x69C5, 0x61A4, 0x5143, 0x69C3,
    0x7204, 0x69A3, 0x8204, 0x8A05, 0x5943, 0x6983, 0x9245, 0x9A65, 0x9A65, 0x9A65, 0x9A46, 0x9246,
    0x9A66, 0xA2C6, 0x9AA7, 0x9AC7, 0x9286, 0x9266, 0x9286, 0x7A25, 0x7A05, 0x61A3, 0x5142, 0x40E1,
    0x38C1, 0x40E1, 0x5983, 0x61A4, 0x4943, 0x38E2, 0x4943, 0x59C4, 0x4143, 0x38E2, 0x4122, 0x30E2,
    0x28A1, 0x30E2, 0x1860, 0x0820, 0x1020, 0x1040, 0x1840, 0x1860, 0x2060, 0x30A0, 0x6981, 0xA2C3,
    0x9263, 0x30A0, 0x1040, 0x5920, 0x81E1, 0x9221, 0xAA82, 0x9A43, 0x8A04, 0x9244, 0x9264, 0x8A44,
    0x8A45, 0xA2A5, 0x8226, 0x61A7, 0x59A7, 0x69C6, 0xA2C6, 0x6183, 0x4922, 0x5122, 0x40E1, 0x40E1,
    0x40E1, 0x48E1, 0x48E1, 0x48E1, 0x38C1, 0x30C1, 0x30C1, 0x30C1, 0x30C1, 0x38C1, 0x40E1, 0x48E1,
    0x5101, 0x5921, 0x5921, 0x5101, 0x48E1, 0x38C1, 0x38C1, 0x30C1, 0x30A1, 0x28A1, 0x2081, 0x2081,
    0x20A2, 0x20A2, 0x20C2, 0x20C2, 0x20A2, 0x28C2, 0x28C3, 0x28E3, 0x28E3, 0x28E3, 0x28E3, 0x30E3,
    0x30E4, 0x3104, 0x3904, 0x3104, 0x3924, 0x3904, 0x3904, 0x4104, 0x38E4, 0x20E8, 0x112A, 0x0929,
    0x08E6, 0x08A4, 0x0863, 0x0862, 0x1061, 0x1061, 0x1061, 0x1061, 0x1061, 0x1861, 0x1882, 0x18A2,
    0x18A2, 0x20C2, 0x28C2, 0x28E3, 0x00C3, 0x08C4, 0x0928, 0x11AD, 0x11EF, 0x11CD, 0x096A, 0x0908,
    0x08A7, 0x08A6, 0x0885, 0x0084, 0x0084, 0x0885, 0x0865, 0x0865, 0x0865, 0x090A, 0x11F0, 0x1A53,
    0x1A32, 0x19F1, 0x19D0, 0x19CF, 0x19D0, 0x19D0, 0x19D0, 0x19D0, 0x19D0, 0x19D0, 0x19D0, 0x19D0,
    0x11D0, 0x11D1, 0x11D1, 0x19D1, 0x19D1, 0x19B1, 0x19D1, 0x19D2, 0x19D2, 0x19D2, 0x19D2, 0x19D3,
    0x19D3, 0x19D3, 0x19D4, 0x19D3, 0x19D4, 0x21F6, 0x19D6, 0x19D5, 0x19F6, 0x19F6, 0x3279, 0x63BE,
    0x741E, 0x433C, 0x1A18, 0x535D, 0x7C3E, 0x7C3E, 0x431C, 0x19F8, 0x329A, 0x6BDE, 0x7C3E, 0x6BFF,
    0x63BF, 0x7C3F, 0x845E, 0x6BBE, 0x3ABC, 0x19F8, 0x42FD, 0x7C5E, 0x8C9E, 0x73FE, 0x6BDE, 0x7C3E,
    0x7C3E, 0x7C1E, 0x6BBE, 0x42DC, 0x2217, 0x19B4, 0x1994, 0x1993, 0x1973, 0x1972, 0x1971, 0x1970,
    0x1970, 0x196F, 0x196F, 0x116E, 0x194E, 0x116D, 0x116D, 0x196C, 0x196C, 0x196C, 0x196C, 0x116C,
    0x196C, 0x198D, 0x198E, 0x116E, 0x092B, 0x00C7, 0x0084, 0x0063, 0x0863, 0x0863, 0x0863, 0x0863,
    0x08A5, 0x1129, 0x196A, 0x196B, 0x196B, 0x216B, 0x196A, 0x194A, 0x1949, 0x1149, 0x1129, 0x2948,
    0x2128, 0x1949, 0x49EA, 0x41CA, 0x3189, 0x41CA, 0x6AAD, 0x9B4C, 0x5A4B, 0x39CA, 0x1883, 0x1061,
    0x20C4, 0x20E4, 0x20A3, 0x2905, 0x20C3, 0x1861, 0x0800, 0x0820, 0x0820, 0x1040, 0x1040, 0x0820,
    0x0840, 0x1860, 0x2060, 0x2881, 0x28C2, 0x30C2, 0x30C2, 0x38E2, 0x4122, 0x4122, 0x4943, 0x4943,
    0x4102, 0x38E2, 0x3902, 0x4984, 0x4943, 0x3923, 0x4984, 0x51A5, 0x6207, 0x6206, 0x6206, 0x7247,
    0x61E5, 0x6A26, 0x6A05, 0x69E5, 0x69C4, 0x5963, 0x71E4, 0x8225, 0x79E4, 0x8A24, 0x9A66, 0x69A4,
    0x7184, 0x9A66, 0xA286, 0xA285, 0xA285, 0xA2A6, 0xAAC7, 0xB308, 0xBB28, 0xB328, 0xB328, 0xA2E8,
    0xAB08, 0xAB08, 0x9A86, 0x8A66, 0x7A05, 0x7A05, 0x5983, 0x5122, 0x48E2, 0x40E2, 0x4102, 0x5142,
    0x7204, 0x61C4, 0x4923, 0x4943, 0x61C5, 0x4923, 0x3902, 0x3902, 0x28A1, 0x2081, 0x38E1, 0x1840,
    0x1020, 0x1020, 0x1040, 0x1040, 0x2060, 0x30A0, 0x4900, 0x8A22, 0x9283, 0x38C1, 0x2060, 0x5100,
    0x9A41, 0x9A41, 0xA262, 0xAA83, 0x9A23, 0x9243, 0xA2A4, 0x8A64, 0x61C4, 0x9284, 0xA2A5, 0x69C5,
    0x71E5, 0x9A64, 0x6182, 0x4901, 0x40E1, 0x48E1, 0x38C1, 0x40C1, 0x40C1, 0x40E1, 0x48E1, 0x48E1,
    0x40E1, 0x40C1, 0x30C1, 0x30A1, 0x28A1, 0x30A1, 0x30C1, 0x30C1, 0x40E1, 0x48E1, 0x4901, 0x4901,
    0x38C1, 0x30A1, 0x28A1, 0x28A1, 0x28A1, 0x2081, 0x1861, 0x1882, 0x20A2, 0x20C2, 0x20C2, 0x28C2,
    0x28C2, 0x28C3, 0x28E3, 0x30E3, 0x30E3, 0x30E3, 0x30E3, 0x3104, 0x3904, 0x3904, 0x3924, 0x3924,
    0x3924, 0x4125, 0x4125, 0x4125, 0x30E6, 0x192A, 0x096C, 0x0929, 0x08C6, 0x0884, 0x0863, 0x1062,
    0x1061, 0x1061, 0x1061, 0x1061, 0x1881, 0x1882, 0x18A2, 0x20A2, 0x20C2, 0x28C2, 0x28E3, 0x3103,
    0x00E3, 0x0925, 0x116A, 0x11CF, 0x11EE, 0x09AB, 0x0948, 0x0907, 0x08E7, 0x08E7, 0x08E7, 0x08C6,
    0x0885, 0x0885, 0x0865, 0x0865, 0x0865, 0x092B, 0x1211, 0x2294, 0x2253, 0x1A11, 0x19D0, 0x19D0,
    0x19D0, 0x19D0, 0x19D0, 0x19D1, 0x19D1, 0x19D0, 0x19D0, 0x19D0, 0x19D0, 0x19D1, 0x19D1, 0x19D2,
    0x19D2, 0x19D2, 0x19D2, 0x19D2, 0x19D3, 0x19D3, 0x19D3, 0x21D3, 0x21D4, 0x19D4, 0x21D4, 0x19D5,
    0x329A, 0x4B1C, 0x3ABB, 0x19F7, 0x19F6, 0x21F7, 0x329A, 0x6BFE, 0x7C3F, 0x4B3D, 0x32BC, 0x741F,
    0x845E, 0x63DE, 0x225A, 0x2218, 0x329B, 0x6C1E, 0x94FE, 0x951F, 0x847F, 0x8C9E, 0x7C5E, 0x537D,
    0x2A5A, 0x19F8, 0x42FC, 0x7C3E, 0x7C3E, 0x42DC, 0x327B, 0x5B5D, 0x73FE, 0x843E, 0x7C1E, 0x741F,
    0x5B5D, 0x2A38, 0x19B4, 0x1993, 0x1993, 0x1972, 0x1971, 0x1970, 0x1970, 0x116F, 0x196F, 0x116E,
    0x114E, 0x116D, 0x196D, 0x196C, 0x196C, 0x196C, 0x196C, 0x196C, 0x196C, 0x198D, 0x19AE, 0x116E,
    0x092C, 0x08C7, 0x0884, 0x0863, 0x0863, 0x0863, 0x0863, 0x0863, 0x10C6, 0x1149, 0x196A, 0x196A,
    0x196B, 0x216B, 0x196A, 0x196A, 0x1949, 0x1149, 0x1948, 0x2948, 0x2149, 0x1949, 0x3188, 0x3989,
    0x49A8, 0x6A29, 0x930B, 0x830C, 0x41EB, 0x39A9, 0x1883, 0x1061, 0x20E5, 0x20E4, 0x1882, 0x20C4,
    0x20C3, 0x1861, 0x0820, 0x0820, 0x0820, 0x0820, 0x1040, 0x1861, 0x2081, 0x2081, 0x28A1, 0x28A1,
    0x28A1, 0x28A2, 0x38E2, 0x4102, 0x3902, 0x4122, 0x4122, 0x38E2, 0x38C2, 0x4103, 0x4943, 0x4123,
    0x3902, 0x4984, 0x51A4, 0x59E6, 0x6A07, 0x6A06, 0x7247, 0x6206, 0x6A46, 0x7246, 0x7226, 0x61C4,
    0x69A4, 0x8246, 0x8A66, 0x8225, 0x9265, 0xAAE7, 0x8A25, 0x6984, 0xA286, 0xB2E7, 0xAAA6, 0xAAA6,
    0xB2E6, 0xBB27, 0xC369, 0xCBAA, 0xCBCA, 0xC3A9, 0xBB89, 0xC38A, 0xBB69, 0xB349, 0xA2C7, 0x9A86,
    0x8225, 0x8A46, 0x8225, 0x6183, 0x5122, 0x4902, 0x4902, 0x5122, 0x61A3, 0x7A25, 0x61C4, 0x4923,
    0x5184, 0x59A4, 0x38E2, 0x3902, 0x3902, 0x2081, 0x28A1, 0x30C1, 0x1040, 0x1040, 0x1040, 0x1040,
    0x1840, 0x2060, 0x2880, 0x6161, 0x8202, 0x38A1, 0x38C0, 0x6181, 0x9241, 0xAAA2, 0xAAA2, 0xBAA3,
    0xAA83, 0xAAC3, 0xBB23, 0xC364, 0x9AA4, 0x9284, 0x9A84, 0x8203, 0x6962, 0x4902, 0x38C1, 0x4101,
    0x40E1, 0x5101, 0x38E1, 0x38C1, 0x38C1, 0x38C1, 0x38C1, 0x38C1, 0x38C1, 0x38C1, 0x30A1, 0x30A1,
    0x30A1, 0x30C1, 0x30C1, 0x30A1, 0x28A1, 0x30C1, 0x30C1, 0x30C1, 0x28A1, 0x28A1, 0x20A1, 0x28A1,
    0x28A1, 0x20A1, 0x1881, 0x1882, 0x20A2, 0x20C2, 0x28C2, 0x28C3, 0x28C3, 0x28C3, 0x28E3, 0x30E3,
    0x30E4, 0x30E4, 0x3104, 0x3924, 0x3925, 0x3925, 0x3945, 0x3924, 0x3924, 0x4125, 0x4145, 0x4125,
    0x2908, 0x116D, 0x116C, 0x0908, 0x08A5, 0x1083, 0x1062, 0x1061, 0x1061, 0x1061, 0x1081, 0x1881,
    0x1881, 0x2082, 0x20A2, 0x20A2, 0x28C2, 0x28E3, 0x3103, 0x3924, 0x0904, 0x0925, 0x0947, 0x096A,
    0x0969, 0x0147, 0x0105, 0x0906, 0x0907, 0x0928, 0x0928, 0x0907, 0x08A6, 0x0885, 0x0885, 0x0865,
    0x0865, 0x090B, 0x1A31, 0x2A94, 0x2273, 0x19F1, 0x19D0, 0x19D0, 0x19D0, 0x19D0, 0x19D1, 0x19D1,
    0x19D1, 0x19D1, 0x19D1, 0x19D1, 0x19D1, 0x19D1, 0x19D2, 0x19B2, 0x19B2, 0x19D2, 0x19D3, 0x19D3,
    0x19D3, 0x19D4, 0x19D4, 0x19D4, 0x19D4, 0x19F4, 0x19F5, 0x2A79, 0x63DE, 0x743E, 0x6BDE, 0x2A7A,
    0x1A17, 0x2217, 0x329B, 0x741E, 0x7C5F, 0x535E, 0x5B7E, 0x845F, 0x7C5F, 0x3AFC, 0x1A18, 0x2239,
    0x329B, 0x7C7F, 0xA53E, 0x94DF, 0x7C3F, 0x63DE, 0x3AFC, 0x2239, 0x2219, 0x21F9, 0x42FC, 0x7C3E,
    0x7C5E, 0x4AFC, 0x21D9, 0x2A1A, 0x42BC, 0x637E, 0x7BFF, 0x7C1F, 0x6B5E, 0x3A7B, 0x19B4, 0x1993,
    0x1992, 0x1972, 0x1971, 0x1971, 0x1970, 0x116F, 0x196F, 0x196E, 0x116E, 0x196E, 0x196D, 0x196D,
    0x196C, 0x196C, 0x196D, 0x196D, 0x196D, 0x198D, 0x19AE, 0x116E, 0x092C, 0x08C7, 0x0884, 0x0863,
    0x0863, 0x0863, 0x0863, 0x0863, 0x10C6, 0x1149, 0x196A, 0x196A, 0x196B, 0x196B, 0x196A, 0x196A,
    0x196A, 0x1149, 0x3188, 0x2169, 0x1129, 0x2149, 0x3169, 0x2969, 0x49E9, 0x8AEB, 0x72EE, 0x5ACF,
    0x41EC, 0x3168, 0x20A4, 0x1862, 0x2905, 0x20E4, 0x1061, 0x1882, 0x20A3, 0x1861, 0x1040, 0x0840,
    0x0840, 0x1861, 0x1861, 0x1861, 0x1861, 0x1881, 0x2081, 0x28A1, 0x28A1, 0x38E2, 0x4123, 0x38E2,
    0x38E2, 0x38E2, 0x3902, 0x38E2, 0x4102, 0x4103, 0x38E2, 0x3902, 0x4964, 0x51C5, 0x59C5, 0x6206,
    0x61E6, 0x6A06, 0x6206, 0x6A26, 0x7A87, 0x7246, 0x61E5, 0x71E5, 0x8A66, 0x9287, 0x8A66, 0x9285,
    0xB327, 0x9AA6, 0x69A4, 0x9A87, 0xC348, 0xB2E7, 0xB2E7, 0xB307, 0xC368, 0xCBEA, 0xD3EB, 0xCBCB,
    0xCBCA, 0xCBEA, 0xD40B, 0xCBEB, 0xCBCA, 0xC3AA, 0xBB48, 0xA2C7, 0x9266, 0x8225, 0x9266, 0x8A25,
    0x6184, 0x5122, 0x40E2, 0x38A1, 0x4102, 0x7A04, 0x7A25, 0x61C4, 0x4963, 0x59A4, 0x4963, 0x38E2,
    0x3902, 0x38C1, 0x2060, 0x38C1, 0x2881, 0x1840, 0x1040, 0x1040, 0x1040, 0x1840, 0x2060, 0x4901,
    0x9242, 0x5121, 0x71C2, 0x69A1, 0x8A21, 0xBB02, 0xBAE3, 0xB2C3, 0xAA83, 0xAAA3, 0xCB84, 0xE486,
    0xD3E5, 0xA2C4, 0x71C2, 0x6182, 0x5922, 0x40E1, 0x40E1, 0x38E1, 0x38C1, 0x38C1, 0x38A1, 0x30A1,
    0x30C1, 0x30C1, 0x30A1, 0x30A1, 0x28A1, 0x2881, 0x2081, 0x2881, 0x30C1, 0x40E1, 0x40E1, 0x30C1,
    0x28A1, 0x20A1, 0x20A1, 0x20A2, 0x20A2, 0x28A2, 0x28C2, 0x28C2, 0x28C2, 0x28A2, 0x20A2, 0x20A2,
    0x20A3, 0x20C3, 0x20C3, 0x20C3, 0x28C3, 0x28C3, 0x28E4, 0x28E3, 0x28E4, 0x28E3, 0x28E4, 0x3924,
    0x3925, 0x3924, 0x3924, 0x3104, 0x3104, 0x3924, 0x4145, 0x3926, 0x194B, 0x11AF, 0x116C, 0x0907,
    0x10A4, 0x1083, 0x1062, 0x1061, 0x1061, 0x1081, 0x1881, 0x1881, 0x20A2, 0x20A2, 0x28A2, 0x28C2,
    0x28E2, 0x3103, 0x3924, 0x4164, 0x0904, 0x0904, 0x08E4, 0x0905, 0x0104, 0x0104, 0x0904, 0x0905,
    0x0906, 0x0926, 0x0928, 0x0928, 0x08C7, 0x0885, 0x0885, 0x0866, 0x0866, 0x090B, 0x1A31, 0x2A94,
    0x2273, 0x19F1, 0x19D0, 0x19D0, 0x19D0, 0x19D0, 0x19D1, 0x19D1, 0x19D1, 0x19D1, 0x19D1, 0x19F1,
    0x19D1, 0x19D1, 0x19B2, 0x19B2, 0x19D3, 0x19D3, 0x19D3, 0x19D3, 0x19D3, 0x19D3, 0x19D4, 0x19D5,
    0x19D5, 0x19F5, 0x19F6, 0x42FB, 0x7C5F, 0x8CFF, 0x7C5F, 0x42FC, 0x1A18, 0x2238, 0x3ABB, 0x743E,
    0x7C5E, 0x6BFE, 0x741E, 0x847E, 0x63DE, 0x223A, 0x2239, 0x2239, 0x32BB, 0x743E, 0x8CDE, 0x743E,
    0x42FD, 0x225A, 0x2219, 0x2218, 0x2219, 0x19F8, 0x42DC, 0x7C5E, 0x847E, 0x4B1D, 0x21F8, 0x29F8,
    0x21F9, 0x2A3A, 0x42BC, 0x5B3D, 0x4ADD, 0x2A38, 0x19B3, 0x19B3, 0x1993, 0x1972, 0x1971, 0x1971,
    0x1970, 0x196F, 0x196F, 0x196E, 0x196E, 0x196E, 0x196D, 0x196D, 0x196D, 0x196D, 0x196D, 0x198D,
    0x198D, 0x198D, 0x19AE, 0x116E, 0x092C, 0x00C8, 0x0884, 0x0863, 0x0863, 0x0863, 0x0863, 0x0863,
    0x08C6, 0x1149, 0x198A, 0x198B, 0x196B, 0x218B, 0x196A, 0x1949, 0x196A, 0x2969, 0x4188, 0x1949,
    0x1129, 0x2169, 0x216A, 0x29AA, 0x72CC, 0x5A4B, 0x526F, 0x5AB0, 0x3169, 0x2926, 0x20C4, 0x1882,
    0x28E5, 0x20A3, 0x1041, 0x1061, 0x1862, 0x1861, 0x1861, 0x1040, 0x1860, 0x1840, 0x1861, 0x1861,
    0x1861, 0x2081, 0x28C1, 0x30C1, 0x3902, 0x4923, 0x30C2, 0x30C2, 0x30E2, 0x38E2, 0x38E2, 0x4102,
    0x4102, 0x30A1, 0x38E2, 0x4943, 0x51A4, 0x51A4, 0x6206, 0x59C5, 0x61E6, 0x61E6, 0x7226, 0x7267,
    0x7A87, 0x6A05, 0x71E5, 0x92A7, 0x9AC7, 0x9266, 0xA2A6, 0xBB47, 0xAB27, 0x8225, 0x8A45, 0xCB89,
    0xC348, 0xBB28, 0xC348, 0xC389, 0xD40A, 0xD42B, 0xD40B, 0xD3EB, 0xD40B, 0xD42B, 0xD42B, 0xD42B,
    0xD40B, 0xCBCA, 0xC389, 0xB328, 0x9A86, 0x9A86, 0x8A45, 0x9A86, 0x8A46, 0x71C4, 0x6163, 0x5122,
    0x30A1, 0x40E1, 0x7A04, 0x8245, 0x61A4, 0x5163, 0x5984, 0x38E2, 0x38E1, 0x38E1, 0x30C1, 0x28A1,
    0x38E1, 0x2060, 0x1860, 0x1840, 0x1840, 0x1860, 0x2880, 0x5941, 0x9A62, 0xBB03, 0xB303, 0x71A1,
    0x8201, 0xBB02, 0xCB42, 0xBAE3, 0xAA83, 0xB2E3, 0xE445, 0xF507, 0xD405, 0x8202, 0x38E1, 0x6182,
    0x6162, 0x4902, 0x4101, 0x5962, 0x38C1, 0x28A1, 0x2881, 0x2881, 0x2881, 0x2881, 0x2881, 0x28A1,
    0x2082, 0x2082, 0x1882, 0x2082, 0x38C1, 0x5101, 0x48E1, 0x30C1, 0x28A1, 0x20A1, 0x20A2, 0x20A2,
    0x20A2, 0x28C2, 0x30C2, 0x30E2, 0x30E2, 0x30C2, 0x20A2, 0x20A2, 0x20A3, 0x20C3, 0x20C3, 0x20C3,
    0x20C4, 0x28E4, 0x28E4, 0x28C4, 0x28C3, 0x20E3, 0x28E3, 0x30E4, 0x3904, 0x3904, 0x3924, 0x3104,
    0x28E3, 0x3904, 0x4145, 0x3127, 0x118E, 0x11F0, 0x116B, 0x10E6, 0x10A4, 0x1882, 0x1862, 0x1881,
    0x1881, 0x20A1, 0x20A1, 0x20A1, 0x20A2, 0x28C2, 0x28C2, 0x28E2, 0x3102, 0x3923, 0x4164, 0x4985,
    0x08E4, 0x08E4, 0x08E4, 0x08E4, 0x0103, 0x0124, 0x0924, 0x0925, 0x0906, 0x0906, 0x0927, 0x0948,
    0x08E7, 0x0886, 0x0865, 0x0886, 0x0866, 0x090A, 0x1A10, 0x2274, 0x2253, 0x19D1, 0x19D1, 0x19D0,
    0x19D0, 0x19D1, 0x19D1, 0x19D1, 0x19D1, 0x19D1, 0x19D1, 0x19F1, 0x19D1, 0x19D2, 0x19D2, 0x19B3,
    0x19D3, 0x19D3, 0x19D3, 0x19D3, 0x2236, 0x2A78, 0x2216, 0x19D5, 0x21F6, 0x21F5, 0x2237, 0x535D,
    0x7C3E, 0x94FF, 0x7C3E, 0x537D, 0x2259, 0x2238, 0x3ABB, 0x7C5E, 0x8CBE, 0x8CBE, 0x7C5E, 0x743E,
    0x32BB, 0x1A19, 0x2239, 0x2239, 0x2A7B, 0x6C1E, 0x7C7E, 0x537E, 0x221A, 0x2239, 0x2239, 0x2219,
    0x2A7A, 0x221A, 0x42DC, 0x7C5E, 0x845E, 0x533D, 0x21F9, 0x29F8, 0x29F9, 0x21F8, 0x21D8, 0x2218,
    0x2217, 0x19D5, 0x19B3, 0x19B3, 0x1993, 0x1992, 0x1991, 0x1991, 0x1970, 0x196F, 0x196F, 0x196F,
    0x196E, 0x196E, 0x196D, 0x196D, 0x116D, 0x116D, 0x116D, 0x198D, 0x198D, 0x198D, 0x19AF, 0x118E,
    0x092C, 0x00C8, 0x0884, 0x0863, 0x0863, 0x0863, 0x0863, 0x0863, 0x10C6, 0x1129, 0x196B, 0x198B,
    0x218B, 0x218B, 0x196A, 0x1949, 0x1969, 0x3188, 0x3988, 0x1949, 0x1929, 0x3189, 0x31A9, 0x4A2A,
    0x39EC, 0x31AC, 0x5A6F, 0x4A2E, 0x2106, 0x2906, 0x2905, 0x1062, 0x20E5, 0x20A3, 0x0840, 0x1041,
    0x1041, 0x1861, 0x1040, 0x1860, 0x1040, 0x1861, 0x2081, 0x2081, 0x28A1, 0x30E2, 0x30E2, 0x3922,
    0x4923, 0x28A2, 0x30C2, 0x30E2, 0x30E1, 0x30C1, 0x4102, 0x4102, 0x30C2, 0x4102, 0x4943, 0x51A4,
    0x4964, 0x59C5, 0x59C5, 0x61E5, 0x61E6, 0x7227, 0x7226, 0x7266, 0x61E5, 0x7205, 0x8A66, 0xA2C7,
    0x9266, 0xAAC7, 0xBB48, 0xBB88, 0xA2E7, 0x7A04, 0xC369, 0xCBAA, 0xC349, 0xC369, 0xCBAA, 0xDC2B,
    0xDC2B, 0xDC4C, 0xDC2C, 0xDC2C, 0xDC4C, 0xD42B, 0xDC2B, 0xDC2B, 0xDC2B, 0xD42B, 0xCBCA, 0xBB48,
    0xAAE7, 0xAAE7, 0xB308, 0xA2A7, 0x9A86, 0x8A25, 0x71A4, 0x6163, 0x5122, 0x38A1, 0x48E1, 0x7A04,
    0x7A25, 0x5143, 0x5963, 0x4922, 0x38E1, 0x30A1, 0x38E1, 0x2881, 0x4901, 0x30C1, 0x30A0, 0x1840,
    0x1860, 0x2880, 0x38C0, 0x6161, 0xAAA3, 0xCB64, 0xBB23, 0xA2A2, 0x9242, 0xAAA2, 0xD383, 0xCB63,
    0xAAA3, 0xB2C3, 0xCBA4, 0xF4C6, 0x8A63, 0x4901, 0x2081, 0x69A2, 0x4922, 0x40E2, 0x28C1, 0x5942,
    0x40E1, 0x2081, 0x2081, 0x2061, 0x2082, 0x2082, 0x1882, 0x20A2, 0x20A2, 0x1882, 0x1882, 0x2082,
    0x38C2, 0x5101, 0x48E1, 0x38C1, 0x28A2, 0x20A2, 0x20A2, 0x20A2, 0x28C2, 0x28C2, 0x30C2, 0x30E2,
    0x30E2, 0x28C2, 0x20A2, 0x18A2, 0x20C3, 0x20C3, 0x20C3, 0x20C3, 0x20C4, 0x28C4, 0x28C4, 0x20C4,
    0x20C3, 0x20C3, 0x30E4, 0x3905, 0x3905, 0x3925, 0x4125, 0x3924, 0x3924, 0x4145, 0x4145, 0x2949,
    0x19F0, 0x11EF, 0x1149, 0x18E5, 0x20A4, 0x20A2, 0x20A2, 0x28A2, 0x28C1, 0x28C1, 0x28C1, 0x28C2,
    0x30E2, 0x30E2, 0x30E2, 0x3102, 0x3923, 0x3943, 0x4984, 0x51C6, 0x08E4, 0x08E4, 0x08E4, 0x0925,
    0x0945, 0x0945, 0x0925, 0x0905, 0x0906, 0x0906, 0x0926, 0x0948, 0x0908, 0x08A7, 0x0866, 0x0886,
    0x0886, 0x090B, 0x11F0, 0x2253, 0x1A12, 0x19D1, 0x19B1, 0x19D1, 0x19D1, 0x19D1, 0x19D1, 0x19D2,
    0x19D2, 0x19D2, 0x19D2, 0x19D2, 0x19F2, 0x19D2, 0x19D3, 0x19D3, 0x19D4, 0x19D4, 0x19F3, 0x2257,
    0x4B5C, 0x537D, 0x3ADB, 0x19F7, 0x2216, 0x1A16, 0x2A79, 0x63BE, 0x741E, 0x849F, 0x741F, 0x63DE,
    0x2A9B, 0x2219, 0x3ABC, 0x7C5E, 0xA53E, 0xA55E, 0x8CBE, 0x5B9D, 0x1A1A, 0x2239, 0x2239, 0x2239,
    0x327C, 0x6BFE, 0x7C5E, 0x537E, 0x223B, 0x221A, 0x2A7B, 0x4B3D, 0x5B7E, 0x42DD, 0x431D, 0x73DE,
    0x73FE, 0x531D, 0x21F8, 0x21F8, 0x21F8, 0x21F8, 0x21F7, 0x19D6, 0x19D5, 0x19D4, 0x19D3, 0x19B3,
    0x1993, 0x1992, 0x1991, 0x1991, 0x1990, 0x1990, 0x196F, 0x196F, 0x196E, 0x196E, 0x116D, 0x116D,
    0x116D, 0x196D, 0x196D, 0x198D, 0x198D, 0x19AE, 0x19AF, 0x118F, 0x092C, 0x00C8, 0x0884, 0x0883,
    0x0863, 0x0863, 0x0863, 0x0863, 0x10C6, 0x1129, 0x196B, 0x198B, 0x198B, 0x196B, 0x194A, 0x114A,
    0x3189, 0x3189, 0x2169, 0x2149, 0x296A, 0x49C9, 0x41A9, 0x298B, 0x218C, 0x424E, 0x5A6F, 0x39AB,
    0x20E5, 0x2905, 0x2906, 0x1062, 0x18A3, 0x20A3, 0x1041, 0x0820, 0x0820, 0x1040, 0x1040, 0x1060,
    0x1881, 0x1861, 0x2061, 0x20A1, 0x30C2, 0x30E2, 0x3902, 0x3922, 0x30C1, 0x30C2, 0x30C2, 0x30C2,
    0x38E2, 0x3902, 0x38E2, 0x30A1, 0x38C2, 0x4943, 0x5184, 0x4984, 0x5184, 0x5184, 0x59C5, 0x59A5,
    0x69E6, 0x69E6, 0x7A67, 0x61E5, 0x69C4, 0x8A66, 0xA2E7, 0x9286, 0xAAE7, 0xC348, 0xC368, 0xBBAA,
    0x8A66, 0xAB28, 0xDC0B, 0xC369, 0xC369, 0xD3CA, 0xDC4C, 0xDC4C, 0xDC6C, 0xDC4C, 0xDC4C, 0xDC4C,
    0xDC4C, 0xDC4B, 0xDC2B, 0xDC2B, 0xD40B, 0xDC2B, 0xD3EB, 0xBB69, 0xBB48, 0xB308, 0xB328, 0xB328,
    0xA2C7, 0xA2A7, 0x9245, 0x71A3, 0x6163, 0x40C1, 0x38C1, 0x5122, 0x8A86, 0x69C4, 0x5163, 0x5142,
    0x38E1, 0x38E1, 0x38C1, 0x38E1, 0x40E1, 0x5942, 0x38C1, 0x38A0, 0x1840, 0x2060, 0x38C1, 0x5941,
    0x8A02, 0x9A62, 0xBB23, 0xE424, 0xA2A2, 0xAAA2, 0xDBC3, 0xDB83, 0xAAA3, 0x9222, 0xD3A4, 0xB344,
    0x69A2, 0x30E1, 0x1881, 0x6982, 0x28A2, 0x30C2, 0x28C1, 0x20A1, 0x38E1, 0x1881, 0x1861, 0x1862,
    0x1862, 0x1882, 0x18A2, 0x20A2, 0x20A2, 0x1883, 0x1883, 0x2083, 0x38C2, 0x5102, 0x4901, 0x38C1,
    0x28C2, 0x20A3, 0x20A3, 0x20C3, 0x28C2, 0x28C2, 0x28C2, 0x28E3, 0x28C3, 0x28C3, 0x1882, 0x18A2,
    0x20C3, 0x20C3, 0x20C3, 0x20C4, 0x20C4, 0x20C4, 0x20C4, 0x18C4, 0x20C4, 0x20E4, 0x3904, 0x4965,
    0x4965, 0x4965, 0x4965, 0x4965, 0x4165, 0x4985, 0x4167, 0x214B, 0x116D, 0x092A, 0x10A5, 0x1883,
    0x2082, 0x2082, 0x2882, 0x28A1, 0x20A1, 0x20A1, 0x28C1, 0x28C2, 0x30E2, 0x3102, 0x3903, 0x3923,
    0x4143, 0x4984, 0x51E5, 0x6227, 0x08E4, 0x08E5, 0x0948, 0x118A, 0x0989, 0x0967, 0x0925, 0x0905,
    0x0905, 0x0906, 0x0926, 0x0948, 0x092A, 0x08C9, 0x0886, 0x0886, 0x0887, 0x08EB, 0x19D1, 0x1A33,
    0x1A12, 0x19D1, 0x19B1, 0x19B1, 0x19D1, 0x19D1, 0x19D1, 0x19D2, 0x19D2, 0x19D2, 0x19D2, 0x19D2,
    0x19D2, 0x19D2, 0x19D3, 0x19D4, 0x19F5, 0x19F5, 0x1A15, 0x3B1B, 0x745E, 0x7C7E, 0x537E, 0x1A18,
    0x1A17, 0x1A17, 0x3ADB, 0x6BFF, 0x6BFE, 0x6BDF, 0x741F, 0x741F, 0x3ADC, 0x2219, 0x3ADC, 0x7C9E,
    0xAD9E, 0xADBE, 0x9D3E, 0x6BFE, 0x32DC, 0x223A, 0x2239, 0x2239, 0x327B, 0x6C1F, 0x7C7E, 0x5B9E,
    0x2A5C, 0x431D, 0x6BFE, 0x7C5E, 0x73FE, 0x5B1D, 0x329C, 0x4AFD, 0x5B1E, 0x327B, 0x21F7, 0x21F8,
    0x21D7, 0x21D7, 0x21D7, 0x19D6, 0x19D5, 0x19D4, 0x19B3, 0x19B3, 0x19B3, 0x1992, 0x1991, 0x1991,
    0x1990, 0x1990, 0x196F, 0x196E, 0x196E, 0x196E, 0x116D, 0x196D, 0x116D, 0x196D, 0x198D, 0x198D,
    0x198D, 0x19AE, 0x19AF, 0x118F, 0x092C, 0x00C8, 0x0884, 0x0863, 0x0863, 0x0863, 0x0863, 0x0863,
    0x10C6, 0x1129, 0x196B, 0x218B, 0x198B, 0x196B, 0x196A, 0x2169, 0x2969, 0x1969, 0x218A, 0x3189,
    0x3989, 0x3189, 0x194A, 0x218B, 0x29ED, 0x4AB1, 0x4A2E, 0x318A, 0x1082, 0x20E5, 0x2926, 0x1882,
    0x1861, 0x20A2, 0x1041, 0x1041, 0x1020, 0x1040, 0x1861, 0x2081, 0x1860, 0x1060, 0x1881, 0x2081,
    0x2081, 0x30E2, 0x3902, 0x28C1, 0x38E2, 0x30C2, 0x30C2, 0x4102, 0x4102, 0x3902, 0x30C1, 0x30C1,
    0x5143, 0x5164, 0x5184, 0x4943, 0x5184, 0x51A4, 0x59A4, 0x59A4, 0x61C5, 0x7226, 0x6A26, 0x59A4,
    0x8225, 0x9AC6, 0x9266, 0xA286, 0xBB48, 0xCBAA, 0xD42B, 0x92E7, 0x9287, 0xE46C, 0xCBA9, 0xC369,
    0xD3EB, 0xDC6C, 0xDC6D, 0xDC8D, 0xDC6D, 0xDC6C, 0xDC6C, 0xDC6C, 0xDC6C, 0xDC4C, 0xDC4B, 0xDC2B,
    0xDC2B, 0xD40B, 0xD3EB, 0xCBCA, 0xBB69, 0xC369, 0xB328, 0xC369, 0xB308, 0xAAE8, 0xB2E7, 0x8A25,
    0x71C3, 0x5962, 0x40E2, 0x38C1, 0x61A4, 0x8A66, 0x5983, 0x5963, 0x4922, 0x38E1, 0x30C1, 0x5122,
    0x40E1, 0x71A2, 0x4921, 0x40E1, 0x30A0, 0x2080, 0x2880, 0x40E1, 0x71A2, 0xAAC3, 0xDC05, 0xDC24,
    0xA2A2, 0xAAA1, 0xDBE3, 0xDBC4, 0xC344, 0x9263, 0xA283, 0x7A03, 0x5162, 0x4942, 0x3901, 0x4102,
    0x38C2, 0x4902, 0x30C2, 0x1082, 0x28E2, 0x20A2, 0x1082, 0x1883, 0x1883, 0x18A3, 0x20A3, 0x20C3,
    0x20A3, 0x18A3, 0x1883, 0x20A3, 0x38C3, 0x5102, 0x4901, 0x40E1, 0x30C2, 0x20C3, 0x20A3, 0x20C3,
    0x28C3, 0x28E3, 0x28E3, 0x28E3, 0x28C3, 0x20A3, 0x20A3, 0x20A3, 0x20C3, 0x20C3, 0x20C3, 0x20C4,
    0x20C4, 0x20A4, 0x18A4, 0x18C4, 0x20E4, 0x28E4, 0x3924, 0x4985, 0x5186, 0x5186, 0x4985, 0x4985,
    0x4985, 0x4966, 0x2907, 0x2928, 0x49C8, 0x7266, 0x8AE6, 0x9B46, 0xA386, 0xABA7, 0xA386, 0x9B45,
    0x9305, 0x82A4, 0x7243, 0x69E3, 0x5982, 0x5142, 0x4122, 0x4102, 0x4122, 0x4963, 0x59C4, 0x6A26,
    0x0905, 0x0927, 0x118C, 0x19EE, 0x11AC, 0x0947, 0x0905, 0x08E5, 0x08E5, 0x0906, 0x0926, 0x0948,
    0x092B, 0x08EA, 0x0887, 0x0886, 0x0887, 0x090C, 0x19D1, 0x1A54, 0x1A12, 0x11D1, 0x19B1, 0x19D1,
    0x19D1, 0x19D1, 0x19D1, 0x19F2, 0x19D2, 0x19D2, 0x19D2, 0x19D2, 0x19F2, 0x1A35, 0x2236, 0x19F5,
    0x19F5, 0x19F5, 0x2257, 0x5BBE, 0x8CFE, 0x94FE, 0x63BE, 0x2259, 0x1A37, 0x1A38, 0x4B5C, 0x745E,
    0x63FE, 0x535E, 0x741F, 0x7C5F, 0x433D, 0x1A19, 0x3ADC, 0x849E, 0xA57E, 0xA57E, 0x94FE, 0x847E,
    0x6BFE, 0x4B3D, 0x2A7B, 0x2219, 0x329B, 0x6BFE, 0x7C5E, 0x6BFF, 0x63DE, 0x7C5F, 0x847E, 0x845E,
    0x6BFE, 0x42DC, 0x1A18, 0x2A39, 0x2A3A, 0x21F8, 0x21F7, 0x21F7, 0x21D7, 0x19D7, 0x19D6, 0x19D5,
    0x19D5, 0x19D4, 0x19B3, 0x19B3, 0x19B3, 0x1992, 0x1991, 0x1990, 0x1990, 0x198F, 0x196F, 0x198E,
    0x198E, 0x196E, 0x196D, 0x196D, 0x196D, 0x198D, 0x198D, 0x198D, 0x198D, 0x19AE, 0x19CF, 0x118F,
    0x092C, 0x00C8, 0x0884, 0x0884, 0x0863, 0x0863, 0x0863, 0x0884, 0x10C6, 0x114A, 0x198B, 0x198B,
    0x198B, 0x198B, 0x218A, 0x2989, 0x1149, 0x1969, 0x2989, 0x2969, 0x2149, 0x194A, 0x114A, 0x216B,
    0x324F, 0x4AB2, 0x41ED, 0x2928, 0x1062, 0x20C4, 0x2926, 0x18A3, 0x0820, 0x2082, 0x1861, 0x1041,
    0x1841, 0x1040, 0x1040, 0x1860, 0x1860, 0x1860, 0x2081, 0x28A2, 0x4103, 0x4123, 0x28A1, 0x38E2,
    0x30C1, 0x28A1, 0x4102, 0x4102, 0x4122, 0x30E1, 0x30E1, 0x4943, 0x5164, 0x5163, 0x4123, 0x4963,
    0x4963, 0x59C4, 0x5164, 0x61C5, 0x69E6, 0x6A06, 0x5984, 0x8225, 0x8A65, 0x9286, 0x8A25, 0xB2E7,
    0xD3EA, 0xD44C, 0xB369, 0x7205, 0xCC2B, 0xD42B, 0xCB89, 0xD42C, 0xE4CF, 0xE4EF, 0xE4CE, 0xE4AD,
    0xDC8D, 0xDC8D, 0xDC6D, 0xDC6C, 0xDC6C, 0xDC4C, 0xDC4B, 0xDC4B, 0xDC2B, 0xDC2B, 0xD40B, 0xD3EA,
    0xCBA9, 0xCBA9, 0xC389, 0xBB28, 0xC349, 0xAAE8, 0xBB28, 0xAAE7, 0x8A25, 0x71A3, 0x5942, 0x5122,
    0x30A1, 0x7A25, 0x7A04, 0x6183, 0x4922, 0x38E1, 0x38C1, 0x4901, 0x5942, 0x6161, 0x69A2, 0x40E1,
    0x30A0, 0x4101, 0x30A0, 0x38C0, 0x5921, 0xAAA3, 0xE425, 0xEC85, 0x79E1, 0x8A21, 0xD383, 0xDBC5,
    0xD3A5, 0xA284, 0x5143, 0x8243, 0x69C2, 0x61A3, 0x4122, 0x20C2, 0x4123, 0x38E3, 0x28C3, 0x10A3,
    0x30E3, 0x30E3, 0x1883, 0x1883, 0x20A4, 0x20A3, 0x20A3, 0x20C3, 0x18A3, 0x18A4, 0x18A4, 0x20A4,
    0x38C3, 0x4902, 0x5121, 0x4901, 0x30C2, 0x20C3, 0x20C3, 0x20C3, 0x20C3, 0x20E3, 0x28E3, 0x28C3,
    0x28C3, 0x20A3, 0x20A3, 0x20C3, 0x20C3, 0x20C3, 0x20C4, 0x20C4, 0x20A4, 0x18A5, 0x18A4, 0x18C4,
    0x20E5, 0x28E5, 0x3104, 0x4164, 0x5185, 0x5185, 0x5185, 0x51A5, 0x51A5, 0x3946, 0x7267, 0xD4A9,
    0xF5EC, 0xFE8E, 0xFED0, 0xFEF0, 0xFEF1, 0xFF11, 0xFF11, 0xFF10, 0xFEF0, 0xFEF0, 0xFEB0, 0xFE8F,
    0xEE0E, 0xE5AD, 0xD50B, 0xBC69, 0xA3A7, 0x9BA8, 0x9BA9, 0x9B27, 0x0948, 0x116A, 0x19EE, 0x1A0F,
    0x11AC, 0x0926, 0x08C4, 0x08C4, 0x08C5, 0x08E5, 0x0905, 0x0927, 0x092A, 0x08EA, 0x08A8, 0x0886,
    0x0887, 0x110D, 0x19D2, 0x1A53, 0x1A32, 0x19F1, 0x19D1, 0x19D1, 0x19D1, 0x19D1, 0x19F1, 0x19F2,
    0x19D2, 0x19D3, 0x19F3, 0x19F2, 0x2A97, 0x4B5C, 0x533D, 0x2A79, 0x19F6, 0x19F6, 0x3ABB, 0x6C1E,
    0x953E, 0x8CDF, 0x63BE, 0x2A7A, 0x1A38, 0x2259, 0x5BBE, 0x7C7E, 0x63DE, 0x32BD, 0x6BFF, 0x7C7F,
    0x5BDE, 0x2A7C, 0x3ABD, 0x7C7E, 0x94FE, 0x849E, 0x743E, 0x847E, 0x847E, 0x7C5E, 0x63BE, 0x3ABC,
    0x329B, 0x63DE, 0x847E, 0x94FF, 0x849F, 0x8C9E, 0x7C5E, 0x537D, 0x2A7A, 0x1A18, 0x21F8, 0x21F8,
    0x21F7, 0x21F7, 0x21F7, 0x19D7, 0x19D7, 0x19D6, 0x19D5, 0x19D5, 0x19D4, 0x19B4, 0x19B3, 0x19B3,
    0x19B3, 0x1992, 0x1991, 0x1990, 0x1990, 0x198F, 0x198E, 0x198E, 0x198E, 0x198E, 0x196D, 0x196D,
    0x198D, 0x198D, 0x198D, 0x198D, 0x198D, 0x21AE, 0x19CF, 0x1190, 0x092C, 0x00C8, 0x0884, 0x0884,
    0x0863, 0x0063, 0x0863, 0x0884, 0x10C6, 0x194A, 0x198B, 0x198C, 0x198B, 0x198C, 0x218A, 0x216A,
    0x1969, 0x2169, 0x2989, 0x194A, 0x194A, 0x112A, 0x196A, 0x218B, 0x4291, 0x4291, 0x420E, 0x2928,
    0x1062, 0x18A3, 0x2926, 0x28E4, 0x0820, 0x1041, 0x2081, 0x1861, 0x1861, 0x1040, 0x1040, 0x1040,
    0x1861, 0x28A1, 0x38E2, 0x4123, 0x4123, 0x28A1, 0x30C2, 0x3902, 0x28C2, 0x4102, 0x4123, 0x4943,
    0x38E2, 0x38E2, 0x4122, 0x5983, 0x5163, 0x4102, 0x4123, 0x4943, 0x51A4, 0x5183, 0x59A4, 0x69E5,
    0x69E6, 0x61A4, 0x7A05, 0x9285, 0x9285, 0x8A45, 0xA286, 0xCBAA, 0xDC8E, 0xBBCA, 0x7A04, 0xAB89,
    0xE4CE, 0xCBCA, 0xD42C, 0xE531, 0xED51, 0xE551, 0xE4EF, 0xE4AE, 0xE4AE, 0xE48D, 0xE48D, 0xE46D,
    0xDC6C, 0xDC6C, 0xDC6C, 0xDC4C, 0xDC4C, 0xDC2B, 0xDC2B, 0xD40A, 0xD3EA, 0xD3EA, 0xCBA9, 0xBB48,
    0xC349, 0xBB49, 0xBB28, 0xB307, 0xA2A6, 0x8A25, 0x6983, 0x6183, 0x38A2, 0x5963, 0x8245, 0x71E3,
    0x5142, 0x4101, 0x38C1, 0x38C1, 0x69A2, 0x5121, 0x8202, 0x5121, 0x38E0, 0x2880, 0x5141, 0x30A0,
    0x48E1, 0x6961, 0xC384, 0xE445, 0x6981, 0x8A01, 0xC342, 0xDC05, 0xCB65, 0xAAE4, 0x4943, 0x9263,
    0x7203, 0x4983, 0x4963, 0x4123, 0x20C4, 0x38E4, 0x28E4, 0x18C4, 0x20E3, 0x28C3, 0x18A3, 0x20A4,
    0x20A4, 0x20A3, 0x20C3, 0x18C3, 0x18A4, 0x18A4, 0x18A4, 0x20A4, 0x30C4, 0x4922, 0x5121, 0x5101,
    0x40E2, 0x28C3, 0x20A3, 0x20A2, 0x20A2, 0x20C2, 0x28E3, 0x20C3, 0x18A3, 0x20A3, 0x20C4, 0x20C3,
    0x20C3, 0x18C3, 0x18C4, 0x18A4, 0x18A4, 0x18C5, 0x18C5, 0x18C3, 0x20E4, 0x28E5, 0x28E4, 0x3924,
    0x5185, 0x5185, 0x51A5, 0x51C5, 0x4985, 0x7246, 0xFDAB, 0xFEF0, 0xFF11, 0xFEF2, 0xFEF2, 0xFEF2,
    0xFEF2, 0xFEF2, 0xFF12, 0xF712, 0xF712, 0xF713, 0xFF34, 0xFF34, 0xFF54, 0xFF74, 0xFF74, 0xFF74,
    0xFF75, 0xFFDB, 0xFFDD, 0xF75A, 0x19CD, 0x19EE, 0x1A10, 0x1A2F, 0x11CC, 0x0927, 0x08C4, 0x0884,
    0x08A4, 0x08A4, 0x08E4, 0x0906, 0x0929, 0x08E9, 0x08A8, 0x0887, 0x0887, 0x110D, 0x19F2, 0x1273,
    0x1A33, 0x19F2, 0x19D2, 0x19D1, 0x19D1, 0x19D1, 0x19D1, 0x19D2, 0x19D3, 0x19F3, 0x19F3, 0x1A14,
    0x4B5C, 0x743E, 0x741E, 0x431D, 0x1A17, 0x2238, 0x535D, 0x743E, 0x94FF, 0x849E, 0x63DE, 0x2ABA,
    0x1A38, 0x329B, 0x6C1E, 0x7C9E, 0x539E, 0x2A7C, 0x6C1E, 0x8CDE, 0x7C7F, 0x42DD, 0x3ADD, 0x7C3E,
    0x849F, 0x5BBE, 0x32DC, 0x63DD, 0x847E, 0x8C9E, 0x8C7F, 0x741E, 0x4B5D, 0x537D, 0x7C3E, 0x8C9F,
    0x847F, 0x6C1E, 0x3ADB, 0x1A18, 0x19F7, 0x2218, 0x21F8, 0x21F7, 0x21F7, 0x19F6, 0x19D6, 0x19D6,
    0x19D6, 0x19B5, 0x19B5, 0x19D4, 0x19D4, 0x19B3, 0x19B3, 0x19B3, 0x1992, 0x1992, 0x1991, 0x1990,
    0x1990, 0x198F, 0x198E, 0x198E, 0x198E, 0x198E, 0x196D, 0x198D, 0x198D, 0x198D, 0x198D, 0x198D,
    0x198D, 0x21CE, 0x19CF, 0x11B0, 0x092C, 0x00C8, 0x0884, 0x0884, 0x0883, 0x0863, 0x0063, 0x0884,
    0x10C7, 0x194A, 0x198C, 0x19AC, 0x19AC, 0x198B, 0x218B, 0x216A, 0x1949, 0x2189, 0x196A, 0x194A,
    0x194A, 0x112A, 0x218A, 0x29AB, 0x4291, 0x424F, 0x420F, 0x3148, 0x1062, 0x1882, 0x20E5, 0x2925,
    0x1881, 0x1041, 0x1041, 0x1841, 0x1861, 0x2081, 0x28A1, 0x30E2, 0x3922, 0x3902, 0x30C2, 0x30C2,
    0x2081, 0x30E2, 0x4122, 0x3902, 0x38E2, 0x4123, 0x4923, 0x3902, 0x30C1, 0x3902, 0x5983, 0x5163,
    0x4923, 0x4102, 0x4123, 0x4963, 0x5163, 0x5163, 0x59A4, 0x69C5, 0x5984, 0x71C4, 0x9265, 0x9285,
    0x9286, 0x9AA6, 0xB348, 0xDC6D, 0xCC4D, 0x8A66, 0x8A46, 0xDCAD, 0xD40B, 0xCBCA, 0xE531, 0xED93,
    0xED72, 0xED72, 0xED30, 0xE4EF, 0xE4CE, 0xE4AE, 0xE48D, 0xE48D, 0xDC8C, 0xDC8C, 0xDC6C, 0xDC6C,
    0xDC6C, 0xDC4C, 0xDC4B, 0xD40A, 0xD40A, 0xD40A, 0xD3CA, 0xC389, 0xC369, 0xC369, 0xBB48, 0xB328,
    0xAAE7, 0xA2A6, 0x81E4, 0x6983, 0x5923, 0x48E2, 0x8245, 0x8244, 0x69A3, 0x5942, 0x40E1, 0x38C1,
    0x71A2, 0x6141, 0x8202, 0x69A2, 0x5961, 0x2880, 0x38C1, 0x5961, 0x30A1, 0x6141, 0xCBE5, 0xAB03,
    0x6981, 0x8A21, 0xC342, 0xD3C5, 0xB325, 0xAAE5, 0x8A44, 0x5163, 0x59A3, 0x59A3, 0x61A4, 0x18A4,
    0x10A4, 0x28E4, 0x3104, 0x2904, 0x18C3, 0x20C3, 0x20A4, 0x20A4, 0x20A4, 0x18A4, 0x18C4, 0x18C4,
    0x18C4, 0x18A4, 0x18A4, 0x20A4, 0x28E4, 0x4123, 0x5142, 0x5121, 0x40E2, 0x28C3, 0x20A3, 0x2082,
    0x2082, 0x28C2, 0x28E3, 0x20C3, 0x20A3, 0x20A4, 0x20C4, 0x20C3, 0x20C3, 0x18C3, 0x18C4, 0x18A4,
    0x18A4, 0x18C6, 0x18C5, 0x18A3, 0x20E5, 0x2106, 0x2904, 0x3923, 0x4985, 0x51A5, 0x51A5, 0x51C5,
    0x4985, 0x8A85, 0xFE0C, 0xF6F2, 0xFEF2, 0xFEF1, 0xFEF2, 0xFEF2, 0xFEF2, 0xFF12, 0xFF12, 0xFF12,
    0xFF13, 0xFF13, 0xFF13, 0xFF14, 0xFF34, 0xFF34, 0xFF34, 0xF755, 0xFF56, 0xFF9C, 0xFFBE, 0xFFDF,
    0x1A10, 0x1A10, 0x1A30, 0x1A30, 0x11CC, 0x0968, 0x08E5, 0x08A4, 0x0884, 0x0884, 0x08A4, 0x08E4,
    0x0926, 0x0908, 0x08E8, 0x08C8, 0x08A8, 0x110D, 0x19F3, 0x1274, 0x1233, 0x19F2, 0x19D2, 0x19D2,
    0x19D1, 0x19F1, 0x19F1, 0x19F2, 0x19F3, 0x19F3, 0x19F4, 0x2256, 0x5BBD, 0x8CFE, 0x84DE, 0x5BBE,
    0x227A, 0x2A7A, 0x6C1E, 0x7C5E, 0x849F, 0x745E, 0x6C1E, 0x32DB, 0x1A38, 0x3AFC, 0x7C5E, 0x7C9E,
    0x641E, 0x5B9E, 0x849E, 0x9D3E, 0x8CDF, 0x4B3E, 0x3ABD, 0x743E, 0x8C9F, 0x5BBE, 0x223B, 0x2A9B,
    0x4B7D, 0x7C3F, 0x8C9F, 0x7C5F, 0x5B7E, 0x42FD, 0x4B3D, 0x5B7E, 0x4B3D, 0x2A5A, 0x1A18, 0x1A37,
    0x2238, 0x21F8, 0x21F7, 0x21F7, 0x19F6, 0x19D6, 0x19D5, 0x19D6, 0x19B5, 0x19B5, 0x19B4, 0x19B4,
    0x19B3, 0x19B3, 0x19B3, 0x1992, 0x1992, 0x1991, 0x1990, 0x1990, 0x198F, 0x198F, 0x198E, 0x198E,
    0x198E, 0x198E, 0x198E, 0x198D, 0x198D, 0x198D, 0x198D, 0x198D, 0x198D, 0x21CE, 0x19CF, 0x118F,
    0x092C, 0x00E8, 0x0885, 0x0884, 0x0884, 0x0863, 0x0063, 0x0884, 0x10E7, 0x194A, 0x198C, 0x19AC,
    0x19AC, 0x21AC, 0x218B, 0x196A, 0x196A, 0x218A, 0x196A, 0x194A, 0x112A, 0x194A, 0x298A, 0x218B,
    0x4AD3, 0x420E, 0x41EE, 0x318B, 0x20A4, 0x1882, 0x20C4, 0x2905, 0x20C3, 0x1041, 0x1041, 0x1041,
    0x1861, 0x20A1, 0x28C1, 0x28C1, 0x20A1, 0x1861, 0x28A2, 0x20A1, 0x3923, 0x4123, 0x3902, 0x3902,
    0x4102, 0x4923, 0x38E2, 0x30C2, 0x38E2, 0x4943, 0x5983, 0x4943, 0x4102, 0x4123, 0x4943, 0x5163,
    0x4943, 0x5163, 0x61A4, 0x5984, 0x69A4, 0x8A46, 0x8A65, 0x8A65, 0xA2E6, 0xAB07, 0xCBEB, 0xDC8D,
    0x9AC7, 0x79E4, 0xCBEA, 0xDC6C, 0xCBA9, 0xDC8D, 0xED92, 0xEDB4, 0xED93, 0xED72, 0xED30, 0xE4EF,
    0xE4EF, 0xE4CE, 0xE4AE, 0xE4AE, 0xE4AD, 0xDC8C, 0xDC6C, 0xDC6C, 0xDC6C, 0xDC4C, 0xDC4B, 0xD42B,
    0xD42B, 0xD40A, 0xD3EA, 0xCBAA, 0xCB8A, 0xC369, 0xBB48, 0xBB48, 0xAB07, 0xA2A6, 0x9A66, 0x71A4,
    0x6963, 0x48E2, 0x8245, 0x7A04, 0x8244, 0x6982, 0x5142, 0x38C1, 0x6982, 0x8202, 0x71C2, 0x9243,
    0x71C1, 0x5961, 0x1840, 0x5961, 0x5921, 0x9A62, 0xCB84, 0xAAE2, 0x79E1, 0x9A81, 0xC343, 0xC365,
    0xB325, 0xA2A5, 0x8224, 0x1083, 0x61A3, 0x7A03, 0x3123, 0x10A4, 0x18C4, 0x20E4, 0x4944, 0x20E4,
    0x18C4, 0x20C4, 0x20C4, 0x20A4, 0x18A4, 0x18A4, 0x18C4, 0x18C4, 0x18C4, 0x10A4, 0x10A5, 0x18A5,
    0x28C4, 0x4103, 0x5122, 0x5121, 0x40E2, 0x28A3, 0x2083, 0x1882, 0x2082, 0x20C3, 0x28E4, 0x28C3,
    0x28A3, 0x28C4, 0x20C4, 0x20C3, 0x20C3, 0x20C4, 0x18C4, 0x10A3, 0x18C5, 0x18E8, 0x18C6, 0x1882,
    0x18E5, 0x2128, 0x2905, 0x3903, 0x4984, 0x51A5, 0x51A5, 0x51A5, 0x51C5, 0x59A4, 0xCC47, 0xFEAF,
    0xFF13, 0xFF13, 0xFF13, 0xFF13, 0xFF13, 0xFF12, 0xFF32, 0xFF33, 0xFF33, 0xFF34, 0xFF34, 0xFF34,
    0xFF34, 0xFF55, 0xFF55, 0xFF56, 0xFF56, 0xFF9A, 0xFFBE, 0xFFBE, 0x19EE, 0x11CD, 0x11CC, 0x11CD,
    0x11CB, 0x0948, 0x08E5, 0x08A4, 0x0084, 0x0084, 0x0083, 0x00A4, 0x0905, 0x0926, 0x0909, 0x090A,
    0x08EA, 0x112F, 0x1A13, 0x1A74, 0x1A33, 0x19F2, 0x19D2, 0x19D2, 0x19F2, 0x19F1, 0x19F2, 0x19F2,
    0x19F3, 0x19F4, 0x19F4, 0x2A77, 0x63FE, 0x8D1E, 0x951E, 0x743F, 0x32DC, 0x42FD, 0x7C7F, 0x7C5E,
    0x6C1E, 0x743E, 0x743F, 0x32FB, 0x1A38, 0x4B5D, 0x84BE, 0x9D5E, 0x84BE, 0x743E, 0x84BE, 0x9D3E,
    0x8CFE, 0x537D, 0x2A7C, 0x741E, 0x8CBF, 0x63DE, 0x225A, 0x2239, 0x225A, 0x3ABC, 0x63BE, 0x6BDF,
    0x4B1D, 0x225A, 0x2239, 0x223A, 0x1A19, 0x1A18, 0x2238, 0x1A17, 0x1A17, 0x21F7, 0x21D7, 0x19D6,
    0x19D6, 0x19D5, 0x19D5, 0x19B5, 0x19B5, 0x19B4, 0x19B4, 0x19B3, 0x19B3, 0x19B3, 0x19B3, 0x1992,
    0x1992, 0x1991, 0x1990, 0x1990, 0x198F, 0x198F, 0x198E, 0x198E, 0x198E, 0x198E, 0x198D, 0x198D,
    0x198D, 0x198D, 0x198D, 0x198D, 0x19AD, 0x21CE, 0x21CF, 0x118F, 0x092B, 0x08E8, 0x0885, 0x0884,
    0x0884, 0x0063, 0x0863, 0x0884, 0x10E7, 0x194A, 0x198C, 0x19AC, 0x19AC, 0x21AC, 0x198B, 0x196A,
    0x196A, 0x218A, 0x194A, 0x194A, 0x194A, 0x214A, 0x216A, 0x21AC, 0x52D2, 0x4A2E, 0x39CD, 0x316A,
    0x28E6, 0x20A4, 0x20C4, 0x20C3, 0x20C3, 0x1861, 0x1041, 0x1841, 0x1841, 0x1040, 0x1040, 0x1040,
    0x1040, 0x28C2, 0x3903, 0x4944, 0x4143, 0x3902, 0x30E2, 0x30E2, 0x4122, 0x38E2, 0x38C2, 0x38E2,
    0x4922, 0x5983, 0x4943, 0x4102, 0x4102, 0x4923, 0x5163, 0x5143, 0x5163, 0x61C4, 0x61A4, 0x69A4,
    0x9246, 0x9246, 0x8225, 0x9AA5, 0xAAE6, 0xBB89, 0xDC6C, 0xAB08, 0x6984, 0xAB07, 0xE48C, 0xD3EA,
    0xD40A, 0xED30, 0xED92, 0xED93, 0xED92, 0xED51, 0xED30, 0xE4EF, 0xE4CF, 0xE4CE, 0xE4AE, 0xE4AE,
    0xE4AD, 0xE48C, 0xE48C, 0xE46C, 0xDC6C, 0xDC6C, 0xDC4B, 0xDC2B, 0xDC2B, 0xDC2B, 0xD3EA, 0xD3CA,
    0xCBAA, 0xC389, 0xC368, 0xBB48, 0xB307, 0xA2A6, 0xA2A6, 0x8205, 0x7184, 0x5102, 0x71E3, 0x7A24,
    0x8244, 0x71A2, 0x69A2, 0x4901, 0x5921, 0xAAC3, 0x79E2, 0xAAC3, 0x79E2, 0x6182, 0x4101, 0x40C0,
    0x9221, 0xBB03, 0xC343, 0xD3C3, 0x71C2, 0x9262, 0xCB83, 0xC365, 0xAAC4, 0xAAC5, 0x7A04, 0x20C3,
    0x61A3, 0x9284, 0x20C3, 0x2904, 0x18C5, 0x4965, 0x4124, 0x18C4, 0x18E4, 0x18C4, 0x20C4, 0x18A4,
    0x18A4, 0x18A4, 0x20C4, 0x18C4, 0x18C4, 0x10A4, 0x10A5, 0x18A5, 0x28C4, 0x3903, 0x4922, 0x4901,
    0x40C1, 0x28A3, 0x20A4, 0x1883, 0x1882, 0x20C4, 0x2905, 0x30E3, 0x30C3, 0x28C3, 0x20C3, 0x20C3,
    0x20E4, 0x20C4, 0x18A4, 0x10A3, 0x18C6, 0x1909, 0x18C6, 0x1861, 0x18E5, 0x2129, 0x2906, 0x3902,
    0x4964, 0x51A5, 0x51A5, 0x51A5, 0x59C5, 0x51A5, 0x61E5, 0xCC27, 0xFE6E, 0xFF12, 0xFF14, 0xFF13,
    0xFF13, 0xFF33, 0xFF33, 0xFF33, 0xFF34, 0xFF34, 0xFF35, 0xFF35, 0xFF55, 0xFF55, 0xFF56, 0xFF56,
    0xFF57, 0xFF79, 0xFFBD, 0xFFBE, 0x096A, 0x0947, 0x0926, 0x0946, 0x0947, 0x0906, 0x08E5, 0x08A5,
    0x0884, 0x0084, 0x0083, 0x00A3, 0x08E4, 0x0905, 0x0928, 0x092B, 0x090B, 0x1170, 0x2234, 0x1A75,
    0x1A33, 0x19F2, 0x19D2, 0x19F2, 0x19F2, 0x19F2, 0x1A12, 0x19F2, 0x19F3, 0x19F4, 0x19F4, 0x32B9,
    0x6C1E, 0x8CFE, 0x8CFE, 0x7C5F, 0x537E, 0x5BBE, 0x84BF, 0x745E, 0x5BBE, 0x743E, 0x745F, 0x3B1C,
    0x225A, 0x63DE, 0x9D5F, 0xA59E, 0x8CDE, 0x745E, 0x6C1E, 0x7C7E, 0x849E, 0x63DE, 0x329C, 0x741E,
    0x8CBF, 0x6BFE, 0x225A, 0x223A, 0x2A3A, 0x223A, 0x2A7B, 0x3ABC, 0x2A7A, 0x1A38, 0x1A18, 0x1A18,
    0x2218, 0x1A18, 0x1A17, 0x19F6, 0x19F6, 0x21D6, 0x19D6, 0x19D6, 0x19D5, 0x19D5, 0x19D5, 0x19B5,
    0x19B4, 0x19B4, 0x19B4, 0x19B3, 0x19B3, 0x19B2, 0x19B2, 0x1992, 0x1991, 0x1190, 0x1190, 0x118F,
    0x198F, 0x198F, 0x198E, 0x198E, 0x198E, 0x198E, 0x198D, 0x198D, 0x198D, 0x198D, 0x19AD, 0x19AD,
    0x21AE, 0x21CE, 0x21D0, 0x118F, 0x092C, 0x00C8, 0x0885, 0x0884, 0x0884, 0x0884, 0x0884, 0x0884,
    0x10E7, 0x194A, 0x21AC, 0x19AC, 0x21AC, 0x19AC, 0x198B, 0x196A, 0x196A, 0x218A, 0x196A, 0x194A,
    0x216A, 0x194A, 0x218B, 0x218B, 0x4A91, 0x524D, 0x420D, 0x3148, 0x2906, 0x20A3, 0x20E4, 0x20E3,
    0x20C3, 0x2082, 0x1861, 0x1861, 0x1841, 0x1861, 0x1040, 0x1040, 0x28A1, 0x3903, 0x4144, 0x4144,
    0x4123, 0x38E2, 0x30E2, 0x4122, 0x38E2, 0x38C2, 0x38E2, 0x38E2, 0x5163, 0x5163, 0x4102, 0x4102,
    0x4102, 0x5163, 0x5163, 0x5163, 0x61A4, 0x69C4, 0x69C4, 0x9265, 0x9246, 0x81E4, 0x9265, 0xAAE6,
    0xB348, 0xCC0A, 0xBB89, 0x71A4, 0x9266, 0xE44C, 0xDC4B, 0xCBC9, 0xDC8D, 0xED51, 0xED51, 0xED72,
    0xED51, 0xED30, 0xED0F, 0xE4EF, 0xE4EF, 0xE4CE, 0xE4CE, 0xE4CE, 0xE4AD, 0xE48C, 0xE46C, 0xE46C,
    0xE46C, 0xDC6C, 0xDC4B, 0xDC4B, 0xDC4B, 0xDC2B, 0xD40B, 0xD3EB, 0xD3EB, 0xCBAA, 0xC389, 0xC368,
    0xB327, 0xAAC6, 0xAAA6, 0x9A66, 0x79C4, 0x6142, 0x6183, 0x8265, 0x8224, 0x7A03, 0x71C2, 0x69A2,
    0x40E1, 0xB2E3, 0x9A83, 0xAAE3, 0x9AA3, 0x4901, 0x69A2, 0x40C0, 0x81E2, 0xBB03, 0xE404, 0xE445,
    0x8202, 0xA2C3, 0xC364, 0xBB45, 0x9A65, 0xBB25, 0x71E4, 0x28E3, 0x5184, 0x8264, 0x20E3, 0x3124,
    0x4145, 0x5185, 0x18C5, 0x20E4, 0x18E4, 0x18E5, 0x18C4, 0x18A4, 0x18A4, 0x18A4, 0x18C4, 0x18C3,
    0x10A4, 0x10A4, 0x10A5, 0x18A4, 0x20C4, 0x30E2, 0x38E1, 0x40E1, 0x38C1, 0x28A3, 0x18A5, 0x1084,
    0x1082, 0x18C4, 0x2905, 0x38E3, 0x30C2, 0x28C3, 0x20C3, 0x20C3, 0x20E4, 0x20C4, 0x18A4, 0x18A4,
    0x18E7, 0x1929, 0x18C6, 0x1061, 0x18C5, 0x2149, 0x2906, 0x3902, 0x4964, 0x51A5, 0x51A5, 0x51A5,
    0x59C5, 0x59C5, 0x59C5, 0x61C5, 0xA306, 0xED6A, 0xFEAF, 0xFF13, 0xFF34, 0xFF34, 0xFF34, 0xFF34,
    0xFF34, 0xFF35, 0xFF35, 0xFF35, 0xFF55, 0xFF56, 0xFF56, 0xFF77, 0xFF77, 0xFF78, 0xFF9B, 0xFFBE,
    0x0905, 0x08E4, 0x00E3, 0x00E3, 0x00E4, 0x00E4, 0x08C5, 0x08C5, 0x08A5, 0x0084, 0x0084, 0x00A4,
    0x08E4, 0x0905, 0x0926, 0x0928, 0x092B, 0x1991, 0x2255, 0x2295, 0x1A33, 0x19F2, 0x19D2, 0x19F2,
    0x19F2, 0x19F2, 0x1A12, 0x19F2, 0x1A13, 0x2214, 0x19F4, 0x3AFA, 0x6C1E, 0x7C9E, 0x84BE, 0x7C5E,
    0x6C1E, 0x6C3F, 0x84BF, 0x63FE, 0x433E, 0x745E, 0x7C9F, 0x433C, 0x2A7B, 0x743F, 0x9D5F, 0x953E,
    0x6BFE, 0x431D, 0x329B, 0x63DE, 0x849E, 0x743E, 0x42DE, 0x6BFE, 0x847F, 0x63FE, 0x2A7B, 0x223A,
    0x2A5A, 0x2A3A, 0x2A3A, 0x2239, 0x2238, 0x1A37, 0x1A38, 0x2218, 0x2218, 0x21F7, 0x19F7, 0x19F6,
    0x19F6, 0x21D6, 0x19D6, 0x19D6, 0x19D5, 0x19D4, 0x19D4, 0x19B4, 0x19B4, 0x19B4, 0x19B4, 0x19B3,
    0x19B2, 0x19B2, 0x19B2, 0x1992, 0x1991, 0x1990, 0x1990, 0x118F, 0x118F, 0x198F, 0x198F, 0x198E,
    0x198E, 0x198E, 0x198E, 0x198E, 0x198D, 0x19AD, 0x19AE, 0x19AD, 0x21AE, 0x21CF, 0x21D0, 0x118F,
    0x090B, 0x08C8, 0x0885, 0x0884, 0x0884, 0x0884, 0x0884, 0x0885, 0x10E7, 0x194A, 0x21AC, 0x19AC,
    0x21AC, 0x21AC, 0x198B, 0x196A, 0x196A, 0x298A, 0x216A, 0x194A, 0x216A, 0x196A, 0x218B, 0x216B,
    0x4A91, 0x4A2C, 0x420D, 0x3149, 0x2906, 0x20C4, 0x1882, 0x20E4, 0x20C3, 0x2082, 0x1861, 0x1041,
    0x1841, 0x1040, 0x1881, 0x20A1, 0x3102, 0x4143, 0x4144, 0x4123, 0x3902, 0x38E2, 0x4122, 0x4122,
    0x38C2, 0x30A1, 0x38E2, 0x4943, 0x5163, 0x4122, 0x3902, 0x4102, 0x4923, 0x5143, 0x5963, 0x5983,
    0x69C4, 0x71E4, 0x8A45, 0x9265, 0x79C4, 0x81E4, 0xA2A5, 0xBB48, 0xC3A9, 0xC3A9, 0x8A25, 0x79C4,
    0xCBCA, 0xE48C, 0xD3EA, 0xD40A, 0xE4EF, 0xED30, 0xED30, 0xE530, 0xE510, 0xE50F, 0xE4EF, 0xE4EE,
    0xE4CE, 0xE4CE, 0xE4CE, 0xE4AE, 0xE4AD, 0xE4AD, 0xE48C, 0xE46C, 0xE46C, 0xDC6C, 0xDC4C, 0xDC2B,
    0xDC4B, 0xDC4B, 0xDC2B, 0xD40B, 0xD40B, 0xD3EA, 0xCBC9, 0xC388, 0xBB48, 0xB307, 0xAAC7, 0xA286,
    0x81E4, 0x7183, 0x5142, 0x8285, 0x7A04, 0x9284, 0x69A2, 0x8A23, 0x5101, 0x9A63, 0xBB44, 0xB304,
    0xC364, 0x5141, 0x69A2, 0x6161, 0x71A1, 0xCB64, 0xD3C4, 0xC363, 0x71C1, 0xBB43, 0xCBA4, 0xB325,
    0x8A65, 0xB305, 0xAAE5, 0x69C4, 0x8A65, 0x8A64, 0x5183, 0x69C5, 0x5985, 0x18C5, 0x20E5, 0x18E4,
    0x18E4, 0x18E4, 0x18C4, 0x1884, 0x1884, 0x18A4, 0x18A4, 0x10A3, 0x10A3, 0x10A4, 0x1084, 0x18A4,
    0x18A3, 0x28C2, 0x28C1, 0x30C1, 0x30C2, 0x20A4, 0x18A6, 0x1084, 0x1062, 0x18E5, 0x2906, 0x3904,
    0x38E2, 0x30C3, 0x20C3, 0x20C3, 0x20E4, 0x20C4, 0x18A4, 0x18C5, 0x1908, 0x194A, 0x10C5, 0x1061,
    0x18C5, 0x214A, 0x2926, 0x3902, 0x4943, 0x51A5, 0x51A5, 0x59C5, 0x59C5, 0x59C5, 0x59C5, 0x59C5,
    0x59A5, 0x7205, 0xBBA7, 0xED8B, 0xFEAF, 0xFF32, 0xFF54, 0xFF55, 0xFF55, 0xFF35, 0xFF56, 0xFF56,
    0xFF56, 0xFF76, 0xFF77, 0xFF77, 0xFF78, 0xFF79, 0xFF99, 0xFF9B, 0x08E4, 0x00C3, 0x00C3, 0x00E3,
    0x00E3, 0x00C4, 0x08C5, 0x08C5, 0x08C5, 0x08A5, 0x0084, 0x00A4, 0x08E4, 0x0905, 0x0905, 0x0925,
    0x0928, 0x118F, 0x2235, 0x2A76, 0x2233, 0x19F2, 0x19F2, 0x19F3, 0x19F2, 0x1A12, 0x1A12, 0x1A13,
    0x1A13, 0x2214, 0x1A15, 0x433C, 0x743E, 0x6C1E, 0x6C3E, 0x7C5E, 0x84BE, 0x849F, 0x849F, 0x4B7D,
    0x3AFC, 0x7C7E, 0x84BF, 0x4B5D, 0x2A7C, 0x7C5F, 0x8CDF, 0x6C1E, 0x2A7B, 0x225A, 0x2A5A, 0x537D,
    0x7C7E, 0x7C5F, 0x4B3E, 0x535E, 0x63BE, 0x535D, 0x2A7A, 0x2A5A, 0x2A5A, 0x2A3A, 0x2A5A, 0x2A5A,
    0x2239, 0x2238, 0x1A18, 0x2218, 0x21F8, 0x21F8, 0x19F7, 0x19F6, 0x19F6, 0x21D6, 0x19D6, 0x19D5,
    0x19D5, 0x19D4, 0x19B4, 0x19B4, 0x19B4, 0x19B4, 0x19B3, 0x19B3, 0x19B2, 0x19B2, 0x19B2, 0x19B1,
    0x1991, 0x1990, 0x1190, 0x118F, 0x118F, 0x19AF, 0x198F, 0x198E, 0x198E, 0x198E, 0x198E, 0x198E,
    0x19AD, 0x19AD, 0x19AE, 0x19AE, 0x21AE, 0x21CF, 0x19D0, 0x118F, 0x090B, 0x08C8, 0x0884, 0x0884,
    0x0884, 0x0884, 0x0884, 0x0885, 0x10E7, 0x196A, 0x19AC, 0x19AD, 0x21AC, 0x21AC, 0x198B, 0x116A,
    0x196A, 0x218A, 0x196A, 0x216A, 0x194A, 0x216B, 0x216A, 0x29AB, 0x31ED, 0x4A50, 0x41ED, 0x3128,
    0x20A4, 0x18A4, 0x3966, 0x3945, 0x28E3, 0x2081, 0x2081, 0x2081, 0x1040, 0x1861, 0x2081, 0x30E2,
    0x4143, 0x4103, 0x30E2, 0x4123, 0x4123, 0x4122, 0x3902, 0x4102, 0x30A1, 0x38C1, 0x4902, 0x5163,
    0x4943, 0x4102, 0x4102, 0x4102, 0x5143, 0x5963, 0x5983, 0x69C4, 0x7A04, 0x8A45, 0x9A86, 0x8205,
    0x8A04, 0xAAC6, 0xBB68, 0xC3A9, 0xC3A9, 0xA2C6, 0x6983, 0xB328, 0xE46C, 0xD42B, 0xD3E9, 0xE4AD,
    0xE50F, 0xE510, 0xED10, 0xE510, 0xE4EF, 0xE4EF, 0xE4EE, 0xE4EE, 0xE4CE, 0xE4CE, 0xE4AE, 0xE4AE,
    0xE4CD, 0xE48D, 0xE48D, 0xE48C, 0xE46C, 0xDC6C, 0xDC4B, 0xDC4B, 0xDC4B, 0xDC4B, 0xDC2B, 0xDC2B,
    0xD40B, 0xD3EA, 0xCBEA, 0xCBA9, 0xBB48, 0xBB28, 0xB2E7, 0xA2A6, 0x8A05, 0x79C4, 0x5942, 0x8A65,
    0x69C4, 0x9AA4, 0x79C3, 0x9264, 0x71A2, 0x81E2, 0xD3A4, 0xBB44, 0xDC25, 0x8222, 0x4921, 0x71C2,
    0x5941, 0xA2A3, 0xDBC4, 0xAAC2, 0x71C1, 0xCBA3, 0xDC05, 0xAB25, 0x9285, 0xAAE6, 0xC345, 0x61C5,
    0x8A85, 0x69E4, 0x61C4, 0x3145, 0x61A5, 0x20E5, 0x20E5, 0x2904, 0x20E4, 0x18C4, 0x18A4, 0x1084,
    0x1884, 0x18A4, 0x10A3, 0x10A3, 0x10A3, 0x1083, 0x1084, 0x1884, 0x20A3, 0x20A2, 0x20A1, 0x28A1,
    0x28A2, 0x20C5, 0x18C6, 0x1084, 0x0882, 0x10E6, 0x2927, 0x3904, 0x30E2, 0x30C2, 0x20C2, 0x20E3,
    0x20E4, 0x20C4, 0x18A4, 0x18C5, 0x194A, 0x196A, 0x18C5, 0x1061, 0x18E6, 0x216A, 0x3127, 0x3902,
    0x4943, 0x51A5, 0x59A5, 0x59A5, 0x59A5, 0x51A5, 0x4984, 0x51A4, 0x61C5, 0x61C5, 0x61A5, 0x7A45,
    0xAB85, 0xE508, 0xFE4D, 0xFF12, 0xFF55, 0xFF56, 0xFF57, 0xFF56, 0xFF76, 0xFF76, 0xFF77, 0xFF78,
    0xFF78, 0xFF99, 0xFF99, 0xFF99, 0x00C3, 0x00C3, 0x00C3, 0x00E3, 0x00E4, 0x00C5, 0x08C6, 0x08E6,
    0x08E6, 0x08C5, 0x00A4, 0x0084, 0x08A5, 0x08E5, 0x08E5, 0x0905, 0x0905, 0x096B, 0x1A12, 0x2A55,
    0x2233, 0x19F2, 0x19F2, 0x19F3, 0x19F3, 0x2213, 0x19F3, 0x1A13, 0x1A14, 0x2214, 0x1A15, 0x537D,
    0x7C5E, 0x5BDE, 0x539E, 0x7C7E, 0x9D3F, 0x94FE, 0x745F, 0x3AFB, 0x32DB, 0x7C9E, 0x84BF, 0x4B5D,
    0x3ABD, 0x7C7F, 0x849F, 0x4B3D, 0x1A5A, 0x2A7A, 0x227A, 0x431C, 0x6BFE, 0x63BE, 0x42FD, 0x329B,
    0x42FC, 0x32BB, 0x2259, 0x2A7A, 0x2A5A, 0x2A5A, 0x2A5A, 0x2A59, 0x2239, 0x2238, 0x2238, 0x2218,
    0x21F8, 0x2218, 0x2217, 0x1A16, 0x19F6, 0x21D6, 0x21D6, 0x19D6, 0x19D5, 0x19D4, 0x19D4, 0x19D4,
    0x19B4, 0x19B4, 0x19B3, 0x19B3, 0x19B2, 0x19B2, 0x11B2, 0x1991, 0x1991, 0x1990, 0x1190, 0x11AF,
    0x19AF, 0x198F, 0x19AF, 0x198E, 0x198E, 0x198E, 0x198E, 0x19AE, 0x19AE, 0x19AE, 0x19AE, 0x21CE,
    0x21CE, 0x21EF, 0x19D0, 0x116F, 0x092B, 0x00C8, 0x0884, 0x0884, 0x0884, 0x0884, 0x0884, 0x0884,
    0x10E7, 0x196A, 0x19CC, 0x21CD, 0x21AC, 0x21AB, 0x198B, 0x196A, 0x196A, 0x218B, 0x196A, 0x216A,
    0x194A, 0x31AB, 0x298A, 0x31EC, 0x39EC, 0x4A0D, 0x520C, 0x3948, 0x20A4, 0x5A0A, 0x928A, 0x79C4,
    0x6164, 0x30C2, 0x2082, 0x1861, 0x1861, 0x28C2, 0x30E2, 0x4964, 0x30E2, 0x30C2, 0x30E2, 0x5164,
    0x4123, 0x4102, 0x4102, 0x28A1, 0x30A1, 0x4102, 0x5943, 0x5983, 0x4923, 0x4122, 0x4102, 0x4922,
    0x5143, 0x5963, 0x6183, 0x7A04, 0x8245, 0x9AA6, 0x8245, 0x8204, 0xB2E7, 0xC389, 0xC3C9, 0xC3A9,
    0xBB68, 0x79E4, 0x9A86, 0xDC2C, 0xD42C, 0xCBC9, 0xDC4B, 0xE4EE, 0xE50F, 0xE50F, 0xE4EF, 0xE4EF,
    0xE4EE, 0xE4EE, 0xE4CE, 0xE4CE, 0xE4CE, 0xE4CE, 0xE4CE, 0xE4AE, 0xE4AD, 0xE4AD, 0xE4AD, 0xE48D,
    0xE46C, 0xE46C, 0xDC4C, 0xDC4B, 0xDC4B, 0xDC4B, 0xDC2B, 0xDC2B, 0xD40B, 0xD40B, 0xCBEA, 0xCBE9,
    0xC389, 0xBB28, 0xB308, 0xAAA6, 0x9225, 0x81E4, 0x6162, 0x8A44, 0x6183, 0x8A44, 0x8A23, 0x8A23,
    0x9264, 0x81E2, 0xDBE5, 0xC384, 0xD425, 0xAB03, 0x5961, 0x71C2, 0x6161, 0x9A83, 0xC343, 0xAAC2,
    0x9262, 0xDC04, 0xE445, 0xAB05, 0x7A05, 0x8A66, 0xDBC6, 0x6A05, 0x59C5, 0x4143, 0x4144, 0x2925,
    0x61A5, 0x4145, 0x18C5, 0x3924, 0x2104, 0x18C4, 0x1083, 0x1083, 0x1884, 0x1084, 0x1083, 0x10A3,
    0x18A3, 0x18A3, 0x1883, 0x2083, 0x28C3, 0x20A2, 0x2081, 0x2081, 0x2083, 0x18C6, 0x18C6, 0x1083,
    0x0883, 0x1107, 0x2948, 0x3905, 0x38E2, 0x30C2, 0x28C3, 0x20E3, 0x20E4, 0x18C4, 0x18A4, 0x18E6,
    0x196A, 0x198B, 0x18E6, 0x1082, 0x18E7, 0x216A, 0x3947, 0x3923, 0x4963, 0x51A5, 0x59A5, 0x59A5,
    0x5184, 0x4964, 0x4164, 0x4964, 0x5184, 0x59C5, 0x61E5, 0x61E5, 0x61C4, 0x7204, 0x9AE5, 0xCC67,
    0xF5CC, 0xFED1, 0xFF34, 0xFF56, 0xFF77, 0xF777, 0xFF78, 0xFF78, 0xFF79, 0xFF79, 0xFF9A, 0xFF9A,
    0x00C3, 0x00A2, 0x00C3, 0x00E4, 0x00E5, 0x00E6, 0x08E7, 0x08E7, 0x08E7, 0x08C6, 0x00A4, 0x0084,
    0x0085, 0x08A5, 0x08C5, 0x08C5, 0x08E5, 0x0947, 0x11D0, 0x2234, 0x2213, 0x19F2, 0x19F2, 0x19F3,
    0x19F3, 0x2213, 0x21F3, 0x2213, 0x2214, 0x2214, 0x2237, 0x5BBE, 0x7C5E, 0x539D, 0x3AFC, 0x7C7E,
    0xA57E, 0x951F, 0x63FF, 0x2A7A, 0x32BA, 0x747F, 0x84BE, 0x539E, 0x4B3E, 0x849F, 0x7C7F, 0x431D,
    0x2259, 0x2A7A, 0x2279, 0x2A9A, 0x4B1D, 0x4B1E, 0x329C, 0x225A, 0x225A, 0x2259, 0x2A7A, 0x2A7A,
    0x2A5A, 0x2A5B, 0x2A5A, 0x2A59, 0x2259, 0x2238, 0x2239, 0x2219, 0x2219, 0x2218, 0x2238, 0x2A79,
    0x2218, 0x19D7, 0x21D6, 0x21D6, 0x19D6, 0x19D5, 0x19D4, 0x19D4, 0x19B3, 0x19B4, 0x19B3, 0x19B2,
    0x19B2, 0x19B1, 0x11B1, 0x19B1, 0x19B1, 0x1190, 0x1190, 0x11AF, 0x19AF, 0x19AF, 0x19AF, 0x19AF,
    0x19AF, 0x19AE, 0x19AE, 0x19AE, 0x19AE, 0x19AE, 0x19AE, 0x19CE, 0x21CE, 0x21F0, 0x19D0, 0x116F,
    0x090B, 0x00C7, 0x0884, 0x0884, 0x0884, 0x0884, 0x0884, 0x0884, 0x10E7, 0x198B, 0x19CD, 0x21CD,
    0x21AC, 0x21AC, 0x198B, 0x196A, 0x196A, 0x218A, 0x216A, 0x194A, 0x298B, 0x298A, 0x31AA, 0x4A0B,
    0x4A2C, 0x49EC, 0x51EC, 0x3948, 0x49A9, 0x828A, 0x8A47, 0x9267, 0x8A05, 0x6984, 0x28A2, 0x28A2,
    0x28A2, 0x20A1, 0x4123, 0x28C2, 0x30C2, 0x38E2, 0x5164, 0x4123, 0x3902, 0x4943, 0x30C1, 0x30A1,
    0x4102, 0x5963, 0x61A4, 0x5983, 0x4923, 0x4922, 0x4922, 0x5143, 0x5963, 0x5963, 0x7A04, 0x8A45,
    0x9286, 0x8A45, 0x79E4, 0xAAE7, 0xC369, 0xCBCA, 0xC3C9, 0xBB88, 0x8A45, 0x8225, 0xD40B, 0xDC4C,
    0xCBCA, 0xD40A, 0xE4CE, 0xE50F, 0xE50F, 0xE510, 0xE4EF, 0xE4EF, 0xE4EE, 0xE4CE, 0xE4CE, 0xE4EE,
    0xE4CE, 0xE4CE, 0xE4CE, 0xE4AD, 0xE4AD, 0xE4AD, 0xE48D, 0xE48D, 0xE46C, 0xE46C, 0xDC4C, 0xDC4B,
    0xDC4B, 0xDC2B, 0xDC2B, 0xDC2B, 0xDC0B, 0xD40B, 0xD3EA, 0xCBC9, 0xCB89, 0xBB48, 0xB308, 0xAAA7,
    0x9245, 0x8A04, 0x7183, 0x79E3, 0x6163, 0x69C3, 0xAAC4, 0x8A03, 0xAAE5, 0x79E2, 0xD3C5, 0xD405,
    0xDC45, 0xB344, 0x71C1, 0x7A02, 0x5962, 0x9242, 0xC384, 0xBB44, 0xB323, 0xE444, 0xD3E5, 0xAAE5,
    0x7A25, 0x69E5, 0xDBC5, 0x8A85, 0x4984, 0x28E3, 0x18E4, 0x2904, 0x4965, 0x61A5, 0x20E4, 0x18C4,
    0x18E5, 0x18C4, 0x1083, 0x1083, 0x1084, 0x1084, 0x1083, 0x18A3, 0x20C4, 0x20A3, 0x2082, 0x2883,
    0x28C3, 0x28A2, 0x1881, 0x1881, 0x1883, 0x18C7, 0x18C7, 0x1084, 0x0883, 0x1107, 0x3148, 0x4125,
    0x38E2, 0x30C2, 0x28C2, 0x20E3, 0x20E3, 0x18C4, 0x18A4, 0x18E6, 0x116B, 0x198C, 0x1907, 0x18C5,
    0x1907, 0x294A, 0x3947, 0x4123, 0x4963, 0x51A4, 0x59A4, 0x59A4, 0x59A4, 0x4964, 0x4164, 0x4964,
    0x51A4, 0x59C5, 0x61C5, 0x61E5, 0x6A05, 0x6A25, 0x69E5, 0x69E4, 0x8A65, 0xB387, 0xDCE9, 0xF60D,
    0xFEF0, 0xFF74, 0xFF97, 0xF799, 0xFF9A, 0xFF9A, 0xFF9A, 0xFF9A, 0x00A2, 0x00A2, 0x00A2, 0x00E3,
    0x00E5, 0x08C6, 0x08E7, 0x08E8, 0x08C8, 0x00A6, 0x0084, 0x0084, 0x0884, 0x0885, 0x0885, 0x08A5,
    0x08C5, 0x0906, 0x118D, 0x19F3, 0x2213, 0x19F2, 0x19F2, 0x19F3, 0x19F3, 0x1A13, 0x2213, 0x2213,
    0x2214, 0x1A14, 0x2A58, 0x63FE, 0x7C5F, 0x4B5C, 0x2259, 0x6C1E, 0x94FE, 0x8CDF, 0x537E, 0x2239,
    0x32BA, 0x745E, 0x8CBE, 0x5BBE, 0x539E, 0x84BF, 0x7C5F, 0x3ADC, 0x2259, 0x2A79, 0x2279, 0x2259,
    0x2A7A, 0x2A7B, 0x223A, 0x225A, 0x2279, 0x2A79, 0x2A7A, 0x2A7A, 0x2A5B, 0x2A5B, 0x2A5A, 0x2A5A,
    0x2259, 0x2259, 0x2239, 0x2239, 0x2219, 0x2239, 0x42FC, 0x533D, 0x42DB, 0x19F7, 0x19D6, 0x21D7,
    0x21D6, 0x21D5, 0x19D4, 0x19D4, 0x19D4, 0x19B4, 0x19B3, 0x19B3, 0x19D2, 0x19B2, 0x11B1, 0x19B1,
    0x19B1, 0x1990, 0x11B0, 0x11AF, 0x19AF, 0x19AF, 0x19AF, 0x19AF, 0x19AF, 0x19AE, 0x19AE, 0x19AE,
    0x19AE, 0x19CE, 0x19CE, 0x19CE, 0x21CE, 0x21F0, 0x21D0, 0x116F, 0x090B, 0x08C7, 0x0884, 0x0884,
    0x0884, 0x0884, 0x0884, 0x08A5, 0x1107, 0x198B, 0x21CD, 0x21CD, 0x21AD, 0x198C, 0x198B, 0x196A,
    0x196A, 0x196A, 0x196B, 0x216B, 0x39AA, 0x31AA, 0x39CA, 0x29CC, 0x422F, 0x41ED, 0x51EB, 0x3947,
    0x8ACB, 0x81E5, 0x5902, 0x79E4, 0x81E5, 0x81C5, 0x40E3, 0x2082, 0x2081, 0x30E2, 0x3102, 0x20A1,
    0x30C2, 0x4964, 0x4964, 0x38E2, 0x4943, 0x4122, 0x30C1, 0x4102, 0x6183, 0x69C4, 0x61A4, 0x5163,
    0x4122, 0x4122, 0x5143, 0x5963, 0x5963, 0x71E4, 0x8A25, 0x9286, 0x9286, 0x7A04, 0xA2C6, 0xBB48,
    0xC3A9, 0xC3AA, 0xBB48, 0x9AA5, 0x79E4, 0xCBCA, 0xDC4C, 0xD3EA, 0xD3EB, 0xDCAE, 0xE4EF, 0xE50F,
    0xED30, 0xED30, 0xE510, 0xE4EF, 0xE4EE, 0xE4CE, 0xE4EE, 0xE4CE, 0xE4CE, 0xE4CE, 0xE4CE, 0xE4AE,
    0xE4AD, 0xE48D, 0xE4AD, 0xE48C, 0xE46C, 0xDC6C, 0xDC4C, 0xDC4B, 0xDC4B, 0xDC2B, 0xDC2B, 0xDC2B,
    0xDC2B, 0xD40A, 0xD40A, 0xCBEA, 0xCBA9, 0xBB68, 0xBB48, 0xAAA7, 0x9245, 0x8A04, 0x79A3, 0x71C3,
    0x6983, 0x6183, 0xB345, 0x9243, 0xAB04, 0x8A23, 0xCBC4, 0xE486, 0xDC05, 0xC384, 0x71C2, 0x6982,
    0x71E2, 0x6981, 0xAAE3, 0xC384, 0xD3A4, 0xCBA4, 0xB345, 0xB305, 0x59A5, 0x59C5, 0xD385, 0x9AC5,
    0x3124, 0x20E3, 0x08A4, 0x3924, 0x4144, 0x5984, 0x20E4, 0x10C5, 0x10E5, 0x10C5, 0x08A3, 0x1083,
    0x1084, 0x10A4, 0x10A3, 0x20C4, 0x28E5, 0x30C3, 0x2882, 0x30A2, 0x30C2, 0x28A2, 0x1881, 0x1081,
    0x10A3, 0x10E7, 0x10E8, 0x10C5, 0x08A4, 0x1927, 0x3148, 0x4125, 0x38E2, 0x30C2, 0x28E3, 0x28E3,
    0x2904, 0x20E4, 0x18A4, 0x18C6, 0x114A, 0x198C, 0x1929, 0x20E7, 0x1929, 0x2949, 0x3926, 0x4122,
    0x4943, 0x51A4, 0x59A4, 0x59C5, 0x59C5, 0x59A5, 0x5184, 0x5185, 0x59C5, 0x61C5, 0x61C5, 0x61E5,
    0x61E5, 0x6A05, 0x6A05, 0x69E5, 0x69E5, 0x71E5, 0x7A45, 0x92E5, 0xBBC6, 0xDD09, 0xF60D, 0xFED1,
    0xFF55, 0xFF78, 0xFF9A, 0xFF9A, 0x0082, 0x0082, 0x00A2, 0x00C3, 0x00C4, 0x08E6, 0x08E7, 0x08E8,
    0x08C8, 0x00A6, 0x0084, 0x0084, 0x0885, 0x0885, 0x0885, 0x0885, 0x08A5, 0x0906, 0x096A, 0x11D0,
    0x19F2, 0x19F2, 0x19F2, 0x19F3, 0x19F3, 0x2213, 0x2213, 0x2213, 0x2214, 0x1A14, 0x3299, 0x741E,
    0x7C5F, 0x433C, 0x1A17, 0x4B1C, 0x6BFE, 0x63BE, 0x32BB, 0x2238, 0x2A9A, 0x6C3E, 0x84BE, 0x63FE,
    0x5BBE, 0x745E, 0x6BFF, 0x2A9B, 0x2259, 0x2A79, 0x2279, 0x2A79, 0x2259, 0x225A, 0x225A, 0x225A,
    0x2279, 0x2A79, 0x2A7A, 0x2A7A, 0x2A5A, 0x2A5A, 0x223A, 0x225A, 0x2259, 0x2259, 0x2239, 0x2A39,
    0x2239, 0x2A7A, 0x63BE, 0x6BFE, 0x5B7D, 0x2218, 0x19F7, 0x21F7, 0x21D6, 0x21D5, 0x19D4, 0x19D4,
    0x19D4, 0x19D4, 0x19B3, 0x19B3, 0x19D2, 0x19D1, 0x11B1, 0x19B1, 0x19B1, 0x1990, 0x19B0, 0x19B0,
    0x19AF, 0x19AF, 0x19AF, 0x19AF, 0x19AF, 0x19AF, 0x19AE, 0x19AE, 0x19CE, 0x19CE, 0x19CE, 0x19CE,
    0x21EF, 0x21F0, 0x21D0, 0x116F, 0x090B, 0x08C7, 0x0884, 0x0884, 0x0884, 0x0884, 0x0884, 0x08A5,
    0x1108, 0x198B, 0x21CD, 0x21CD, 0x19AC, 0x198C, 0x198B, 0x196A, 0x196A, 0x196A, 0x218A, 0x41EA,
    0x41CA, 0x31AA, 0x21AB, 0x3A0D, 0x5A2D, 0x5A0C, 0x49AA, 0x49A9, 0xA2A8, 0x7942, 0x6922, 0x5902,
    0x79C4, 0x9226, 0x71C5, 0x28A2, 0x28C2, 0x3903, 0x20A1, 0x28C2, 0x3923, 0x59C5, 0x30C2, 0x4943,
    0x4943, 0x38E2, 0x4902, 0x69C4, 0x7A25, 0x61A4, 0x6184, 0x5143, 0x4122, 0x4922, 0x5163, 0x5963,
    0x69C4, 0x8A45, 0x8A65, 0x9AA6, 0x7A04, 0x9AA6, 0xBB48, 0xC3A9, 0xC3CA, 0xBB68, 0xA2C6, 0x79E3,
    0xC3A9, 0xE48C, 0xD40B, 0xD3EB, 0xE4AE, 0xE50F, 0xED30, 0xED30, 0xED51, 0xED31, 0xE510, 0xE510,
    0xE4EF, 0xE4CE, 0xE4EE, 0xE4EE, 0xE4CE, 0xE4CE, 0xE4AE, 0xE4AD, 0xE4AD, 0xE4AD, 0xE48D, 0xE48C,
    0xE48C, 0xDC6C, 0xDC4C, 0xDC4B, 0xDC4B, 0xDC4B, 0xDC2B, 0xDC2B, 0xDC2B, 0xD40B, 0xD40A, 0xD3EA,
    0xCBC9, 0xC368, 0xBB28, 0xAAA7, 0x9245, 0x8A04, 0x79A3, 0x71A3, 0x6183, 0x5942, 0xA305, 0x9A84,
    0xAAE4, 0x9A83, 0xCBA4, 0xF4E7, 0xC3A4, 0xCBA4, 0x8202, 0x5101, 0x71C2, 0x79C1, 0xB323, 0xCBA4,
    0xBB23, 0xCB84, 0x7A65, 0xA2E5, 0x51A5, 0x8A65, 0x8245, 0xA2C5, 0x5184, 0x10C3, 0x2904, 0x2904,
    0x3105, 0x4124, 0x08C5, 0x10E5, 0x1106, 0x08E5, 0x0883, 0x1083, 0x10A4, 0x18A4, 0x18A3, 0x20E4,
    0x3105, 0x38C3, 0x30A1, 0x38A2, 0x38C2, 0x28C2, 0x18A2, 0x1082, 0x10A4, 0x10E8, 0x1129, 0x10E7,
    0x10E6, 0x1928, 0x3968, 0x4945, 0x4103, 0x30E2, 0x3103, 0x3924, 0x3124, 0x28E4, 0x20C4, 0x18C5,
    0x1129, 0x196B, 0x196A, 0x194A, 0x194A, 0x2928, 0x3904, 0x4102, 0x5163, 0x59A4, 0x59C5, 0x61E5,
    0x61E5, 0x59C5, 0x59A5, 0x59A5, 0x61C5, 0x59C5, 0x59C5, 0x59C4, 0x59C4, 0x61E4, 0x61C4, 0x59C4,
    0x69E4, 0x7225, 0x7A45, 0x7A45, 0x7A45, 0x8264, 0x9AE5, 0xB386, 0xCC68, 0xE56C, 0xF66F, 0xFEF2,
    0x0082, 0x0082, 0x0082, 0x00A3, 0x00C3, 0x08E5, 0x08E6, 0x08E7, 0x08E7, 0x08C7, 0x0085, 0x0084,
    0x0884, 0x0885, 0x0885, 0x0885, 0x08C6, 0x0926, 0x0948, 0x11AE, 0x19F1, 0x19F2, 0x19F2, 0x19F3,
    0x19F3, 0x21F4, 0x21F4, 0x2214, 0x2234, 0x1A14, 0x3ADA, 0x745E, 0x7C5F, 0x3AFC, 0x1A16, 0x2258,
    0x3ABA, 0x329A, 0x2258, 0x2238, 0x2A5A, 0x6C1E, 0x7C9E, 0x63FE, 0x4B5E, 0x5B5E, 0x4B1D, 0x2259,
    0x2259, 0x2259, 0x2279, 0x2259, 0x2259, 0x225A, 0x2A5A, 0x2A5A, 0x2259, 0x2A79, 0x2A79, 0x2A7A,
    0x2A3A, 0x2A5B, 0x3ADC, 0x4B3D, 0x4B5C, 0x431B, 0x2A7A, 0x223A, 0x2A3A, 0x329C, 0x6BFE, 0x7C5E,
    0x5B9D, 0x2238, 0x1A17, 0x21F7, 0x21D6, 0x21D5, 0x21D5, 0x19D4, 0x19D3, 0x19D4, 0x19B3, 0x19B3,
    0x19D2, 0x11D1, 0x11B1, 0x19B1, 0x19B1, 0x1991, 0x19B0, 0x19B0, 0x19AF, 0x19AF, 0x19AF, 0x19AF,
    0x19AF, 0x19AF, 0x19AE, 0x19AE, 0x19CE, 0x19CE, 0x19CE, 0x19CE, 0x21EF, 0x21F0, 0x19D0, 0x096F,
    0x090B, 0x08C7, 0x0884, 0x0884, 0x0884, 0x0884, 0x0884, 0x08A5, 0x1128, 0x198B, 0x21CD, 0x21CD,
    0x19AC, 0x198C, 0x198B, 0x198B, 0x198A, 0x198A, 0x31AA, 0x39CB, 0x29AC, 0x218C, 0x424E, 0x4A0C,
    0x522C, 0x520C, 0x3149, 0x6209, 0xA225, 0x7922, 0x7962, 0x7183, 0x6984, 0x81E5, 0x9226, 0x5144,
    0x3903, 0x28E2, 0x28C2, 0x30C2, 0x61E6, 0x4123, 0x4103, 0x4943, 0x4122, 0x4902, 0x69A3, 0x8A66,
    0x71E4, 0x71E4, 0x5963, 0x4922, 0x4922, 0x5143, 0x5963, 0x61A3, 0x8A66, 0x8A46, 0x9286, 0x7A25,
    0x8225, 0xB348, 0xBB68, 0xC3A9, 0xBB49, 0x9AA6, 0x71A3, 0xB348, 0xE4AD, 0xD40B, 0xCBEB, 0xE4AE,
    0xE510, 0xED30, 0xED50, 0xED71, 0xED51, 0xE530, 0xED30, 0xED10, 0xE4EF, 0xE4EF, 0xE4EE, 0xE4EE,
    0xE4CE, 0xE4CE, 0xE4AD, 0xE4AD, 0xE4AD, 0xE48D, 0xE48D, 0xE48D, 0xDC6C, 0xDC6C, 0xDC6C, 0xDC4B,
    0xDC4B, 0xDC4B, 0xDC2B, 0xD42B, 0xD40B, 0xD40B, 0xD40A, 0xD3EA, 0xCBC9, 0xC389, 0xB328, 0xAAC7,
    0x9245, 0x8A04, 0x79A3, 0x6982, 0x6162, 0x5122, 0x92A5, 0x9285, 0x9263, 0xB324, 0xC384, 0xFD07,
    0xBB84, 0xB324, 0x9283, 0x5941, 0x6141, 0x81E2, 0xAAA2, 0xC343, 0xC343, 0xCB84, 0x7225, 0xAAE6,
    0x61C5, 0xB306, 0x5184, 0x7204, 0x7204, 0x28E3, 0x2904, 0x10C5, 0x2905, 0x30E5, 0x08C5, 0x1106,
    0x1126, 0x1106, 0x08C4, 0x10A4, 0x18A4, 0x18A4, 0x20A2, 0x28C4, 0x3904, 0x40E2, 0x38A1, 0x38C2,
    0x38E2, 0x20C2, 0x1082, 0x1082, 0x10A4, 0x1109, 0x194B, 0x1128, 0x1108, 0x1928, 0x3947, 0x4945,
    0x4922, 0x3902, 0x3923, 0x3944, 0x3124, 0x28E4, 0x20C4, 0x18A4, 0x18E6, 0x1149, 0x196B, 0x198B,
    0x216A, 0x3926, 0x3903, 0x4122, 0x5184, 0x59C5, 0x59C5, 0x61E5, 0x61E5, 0x59C5, 0x5185, 0x5185,
    0x59C5, 0x59A5, 0x59A4, 0x59A4, 0x59A4, 0x61C4, 0x61C4, 0x59A4, 0x61C4, 0x6A04, 0x6A04, 0x7225,
    0x7A45, 0x8265, 0x8A85, 0x8A85, 0x8A85, 0x9AC5, 0xB366, 0xCC07, 0x0082, 0x0082, 0x0082, 0x0082,
    0x00A3, 0x00C4, 0x08E5, 0x0906, 0x0907, 0x08E7, 0x00C6, 0x00A5, 0x0885, 0x0885, 0x0885, 0x0885,
    0x08C6, 0x0926, 0x0947, 0x098C, 0x19F1, 0x1A12, 0x19F2, 0x1A13, 0x19F3, 0x21F4, 0x21F4, 0x2214,
    0x2234, 0x1A14, 0x433B, 0x7C7E, 0x7C5F, 0x32BB, 0x1A16, 0x2236, 0x1A36, 0x1A37, 0x2237, 0x2238,
    0x2259, 0x5B9E, 0x6BDE, 0x537D, 0x2A9A, 0x329B, 0x2A5A, 0x2239, 0x2259, 0x2259, 0x2258, 0x2259,
    0x2259, 0x223A, 0x2A3A, 0x2A5A, 0x2A59, 0x2A79, 0x2A79, 0x2A7B, 0x3ADD, 0x5BBE, 0x743F, 0x7C5E,
    0x7C5E, 0x743E, 0x5BBD, 0x32BC, 0x2A3B, 0x32BC, 0x6C1E, 0x7C7E, 0x5B9E, 0x2238, 0x2217, 0x21F7,
    0x21F6, 0x21F5, 0x21D5, 0x19D4, 0x19D4, 0x19D4, 0x19D3, 0x19D3, 0x19D2, 0x19D2, 0x19B1, 0x19B1,
    0x19B1, 0x1991, 0x19B0, 0x19B0, 0x19D0, 0x19CF, 0x19CF, 0x19AF, 0x19AF, 0x19AF, 0x19CE, 0x19CE,
    0x19CE, 0x19CE, 0x19CE, 0x19CE, 0x21CF, 0x21F0, 0x19D0, 0x098F, 0x090A, 0x08C7, 0x0884, 0x0884,
    0x0884, 0x0884, 0x0884, 0x08A5, 0x1108, 0x198B, 0x21ED, 0x21CD, 0x19AC, 0x198C, 0x198B, 0x198B,
    0x196A, 0x196A, 0x29AB, 0x218C, 0x216C, 0x422E, 0x4A4E, 0x524D, 0x626C, 0x41AA, 0x3169, 0x8228,
    0xA204, 0x8142, 0x81A3, 0x9245, 0x79E5, 0x71A4, 0x6984, 0x5964, 0x4123, 0x3903, 0x28C2, 0x51A5,
    0x4984, 0x3903, 0x4943, 0x4103, 0x4102, 0x5142, 0x8A65, 0x7A25, 0x71E4, 0x69C4, 0x5123, 0x4922,
    0x4922, 0x5163, 0x5983, 0x7A25, 0x7A05, 0x71E5, 0x71E4, 0x61A3, 0x7A04, 0x8225, 0x9286, 0x8A66,
    0x8225, 0x71C4, 0xA308, 0xDC8C, 0xCC0B, 0xCBCA, 0xDCAE, 0xE530, 0xED30, 0xED51, 0xED71, 0xED92,
    0xED72, 0xED31, 0xED30, 0xED10, 0xECEF, 0xE4EE, 0xE4EE, 0xE4CE, 0xE4CE, 0xE4AD, 0xE4AD, 0xE4AD,
    0xE4AD, 0xE4AD, 0xDC8D, 0xDC8C, 0xDC6C, 0xDC6C, 0xDC4C, 0xDC4C, 0xDC4B, 0xDC4B, 0xDC4B, 0xDC2B,
    0xD40B, 0xD40B, 0xD40A, 0xCBEA, 0xCBCA, 0xC389, 0xBB28, 0xAAC7, 0x9A66, 0x8A04, 0x79C3, 0x6983,
    0x5942, 0x5963, 0x8A44, 0x7A03, 0x71C3, 0xBB65, 0xCBA4, 0xECA6, 0xC3A5, 0x8A42, 0x9AA3, 0x71C2,
    0x5921, 0x79E2, 0x9A82, 0xCB84, 0xCB84, 0xCBA4, 0x7225, 0xA2E6, 0x6A06, 0x8A66, 0x5184, 0x61C4,
    0x7204, 0x10C4, 0x08C4, 0x18E4, 0x28E4, 0x18A5, 0x08C5, 0x10E6, 0x1127, 0x1927, 0x18C6, 0x18A5,
    0x18A4, 0x20A3, 0x2082, 0x30C3, 0x4104, 0x40E2, 0x38C1, 0x38C2, 0x30E2, 0x20C2, 0x1082, 0x1082,
    0x10A5, 0x110A, 0x196B, 0x196A, 0x1949, 0x2148, 0x3125, 0x4123, 0x4122, 0x4123, 0x4143, 0x3944,
    0x3124, 0x2904, 0x20C4, 0x18A4, 0x18E6, 0x1129, 0x198B, 0x198B, 0x2169, 0x3925, 0x3902, 0x4923,
    0x5184, 0x59C4, 0x61E5, 0x61E5, 0x61E5, 0x59C5, 0x5185, 0x5185, 0x59A5, 0x59A5, 0x59A4, 0x59A4,
    0x59A4, 0x59C5, 0x59A4, 0x59A4, 0x59A4, 0x61C4, 0x61E4, 0x69E4, 0x7204, 0x7A45, 0x8A85, 0x92A5,
    0x92C5, 0x9AE6, 0xA326, 0xAB46, 0x0082, 0x0082, 0x0082, 0x0082, 0x00A3, 0x00C3, 0x08E4, 0x0906,
    0x0926, 0x0928, 0x0908, 0x00E7, 0x08A6, 0x0885, 0x0885, 0x0885, 0x08E6, 0x0927, 0x0947, 0x096B,
    0x11D0, 0x1A12, 0x1A12, 0x1A13, 0x2213, 0x21F4, 0x21F4, 0x2214, 0x2234, 0x1A14, 0x537C, 0x849E,
    0x743F, 0x2A7B, 0x1A17, 0x2237, 0x2236, 0x2236, 0x2237, 0x2238, 0x2238, 0x3ABB, 0x42FC, 0x32BA,
    0x1A57, 0x2258, 0x2239, 0x2239, 0x2259, 0x2A59, 0x2258, 0x2258, 0x2239, 0x2A3A, 0x2A3A, 0x2A5A,
    0x2A79, 0x2A79, 0x2ABA, 0x4B5D, 0x6C1F, 0x7C5F, 0x849E, 0x7C7E, 0x849E, 0x849E, 0x7C7E, 0x535E,
    0x2A5B, 0x3ABC, 0x6C1E, 0x849E, 0x5B9E, 0x2A19, 0x2218, 0x21F7, 0x21F6, 0x21F6, 0x19F5, 0x19F4,
    0x19D4, 0x19D4, 0x19D4, 0x19D3, 0x19D2, 0x19D2, 0x19B1, 0x19B1, 0x19B1, 0x19B1, 0x19B0, 0x19B0,
    0x19CF, 0x19CF, 0x19CF, 0x19AF, 0x19AF, 0x19AF, 0x19CF, 0x19CE, 0x19CE, 0x19CE, 0x19CE, 0x19CF,
    0x21EF, 0x21F0, 0x19D1, 0x098F, 0x090A, 0x08C7, 0x0884, 0x0884, 0x0884, 0x0884, 0x0884, 0x08A5,
    0x1108, 0x198B, 0x21ED, 0x21CD, 0x19AC, 0x198C, 0x198B, 0x198B, 0x198B, 0x218B, 0x218C, 0x196C,
    0x31EE, 0x4A6F, 0x420D, 0x628D, 0x520A, 0x39AA, 0x2928, 0x9A88, 0xAA05, 0x8983, 0x9245, 0xA2C7,
    0x9266, 0x69A4, 0x7184, 0x6164, 0x4924, 0x3103, 0x4964, 0x51A5, 0x3923, 0x5164, 0x4103, 0x4102,
    0x40E2, 0x71E4, 0x8245, 0x69C4, 0x7A05, 0x5943, 0x5943, 0x4922, 0x5143, 0x5983, 0x69E4, 0x69E4,
    0x5983, 0x61A4, 0x5163, 0x4942, 0x4922, 0x5163, 0x61A3, 0x6183, 0x6183, 0x7A05, 0xBBAA, 0xC3EA,
    0xCBCA, 0xDC8D, 0xE4EF, 0xE530, 0xED51, 0xED71, 0xED72, 0xED92, 0xED51, 0xED10, 0xED30, 0xED0F,
    0xECEE, 0xE4EE, 0xE4CE, 0xE4CE, 0xE4CE, 0xE4AD, 0xE4AD, 0xE4AD, 0xE4AD, 0xE4AD, 0xDC8C, 0xDC8C,
    0xDC6C, 0xDC6C, 0xDC4C, 0xDC4C, 0xDC4C, 0xDC4C, 0xDC4B, 0xD42B, 0xD40B, 0xD42B, 0xD40A, 0xCBEA,
    0xCBA9, 0xC389, 0xB328, 0xA2A6, 0xA286, 0x8A25, 0x71A3, 0x6982, 0x5922, 0x6183, 0x79E4, 0x79E3,
    0x6162, 0xAB04, 0xDC05, 0xE465, 0xC384, 0x8202, 0x9262, 0x79E2, 0x71A1, 0x9262, 0xCB83, 0xC343,
    0xDC04, 0xDC26, 0x6A05, 0xAB06, 0xA2C7, 0x5185, 0x61C4, 0x3944, 0x61E5, 0x18E4, 0x18E4, 0x2904,
    0x18C5, 0x10A5, 0x08A5, 0x10E6, 0x1106, 0x1907, 0x20C6, 0x20A5, 0x20A4, 0x1882, 0x2081, 0x30C3,
    0x4104, 0x40E2, 0x38C2, 0x38E2, 0x30E3, 0x20A2, 0x1082, 0x1083, 0x10C6, 0x110A, 0x196C, 0x198C,
    0x198B, 0x2148, 0x3104, 0x3902, 0x4122, 0x4963, 0x5164, 0x4144, 0x3944, 0x3124, 0x2904, 0x20C5,
    0x18E6, 0x1949, 0x198B, 0x198B, 0x216A, 0x3126, 0x3902, 0x4943, 0x59A5, 0x61C5, 0x61E5, 0x6205,
    0x61E5, 0x59C5, 0x5185, 0x5185, 0x59A5, 0x51A4, 0x59A4, 0x59C4, 0x59C5, 0x59C5, 0x59A4, 0x5184,
    0x5183, 0x59A4, 0x59C4, 0x61C4, 0x69E4, 0x7225, 0x8265, 0x8A85, 0x8AA5, 0x92C5, 0x9B06, 0xAB46,
    0x0082, 0x0082, 0x00A2, 0x00A2, 0x00A2, 0x00C3, 0x00E4, 0x0905, 0x0926, 0x0927, 0x094A, 0x092A,
    0x08C7, 0x0885, 0x0885, 0x0885, 0x08E6, 0x0947, 0x0947, 0x096A, 0x11AF, 0x1A12, 0x1A12, 0x1A13,
    0x1A13, 0x21F4, 0x21F4, 0x2214, 0x2234, 0x1A35, 0x5BBC, 0x84BE, 0x6C1F, 0x2259, 0x1A16, 0x2236,
    0x1A36, 0x1A36, 0x2237, 0x2217, 0x2217, 0x2237, 0x2278, 0x1A57, 0x2257, 0x2258, 0x2239, 0x2239,
    0x2238, 0x2258, 0x2258, 0x2258, 0x2259, 0x223A, 0x223A, 0x2259, 0x2278, 0x2AB9, 0x539D, 0x7C7E,
    0x7C5F, 0x743F, 0x5BDE, 0x433C, 0x539D, 0x849E, 0x8CBE, 0x63DE, 0x2A7C, 0x3ABC, 0x743E, 0x849E,
    0x5BBE, 0x2A3A, 0x2A19, 0x2218, 0x21F7, 0x21F6, 0x19F5, 0x19F5, 0x19D4, 0x21D4, 0x21D4, 0x19D3,
    0x19D3, 0x19D2, 0x19D1, 0x19B1, 0x19B1, 0x19B1, 0x19B0, 0x19B0, 0x19CF, 0x19CF, 0x19CF, 0x19CF,
    0x19AF, 0x19AF, 0x19AF, 0x19CE, 0x19CE, 0x19CE, 0x19CE, 0x21CE, 0x21CF, 0x21F0, 0x19D1, 0x118F,
    0x090A, 0x08C7, 0x0884, 0x0884, 0x0884, 0x0884, 0x0884, 0x08A5, 0x1128, 0x19AB, 0x21ED, 0x21CD,
    0x198C, 0x198C, 0x198C, 0x198B, 0x218B, 0x218B, 0x21AC, 0x198D, 0x4230, 0x39EE, 0x422D, 0x520B,
    0x49EB, 0x318A, 0x3148, 0xAAC9, 0x99E5, 0x91A3, 0xA2C7, 0x9AA6, 0x8226, 0x71A5, 0x79A5, 0x6984,
    0x4924, 0x3924, 0x51A5, 0x4143, 0x4964, 0x38E2, 0x4103, 0x38E2, 0x5963, 0x8A45, 0x69C4, 0x7A25,
    0x6163, 0x6183, 0x69A4, 0x4922, 0x5143, 0x5983, 0x5983, 0x5163, 0x5983, 0x5963, 0x4922, 0x5963,
    0x5963, 0x5963, 0x5963, 0x5963, 0x4922, 0x5143, 0x71E4, 0x92A7, 0xCC0C, 0xDCCF, 0xE4CF, 0xE510,
    0xE530, 0xE530, 0xED50, 0xED30, 0xE510, 0xE50F, 0xED0F, 0xECEF, 0xE4CE, 0xECEE, 0xE4CE, 0xE4CE,
    0xE4CE, 0xE4AD, 0xE4AD, 0xE4AD, 0xE4AD, 0xE4AD, 0xE48C, 0xE48C, 0xDC6C, 0xDC6C, 0xDC6C, 0xDC4C,
    0xDC4C, 0xDC4B, 0xDC2B, 0xD42B, 0xD40B, 0xD40A, 0xD3EA, 0xCBCA, 0xCBA9, 0xC369, 0xB307, 0xA2A6,
    0x9A66, 0x8A24, 0x71A3, 0x6962, 0x5122, 0x6162, 0x6983, 0x71C3, 0x5941, 0x8A23, 0xE466, 0xDC66,
    0xC364, 0x79E2, 0x79C1, 0x79C1, 0x79C1, 0xA2A2, 0xDBE4, 0xCB83, 0xEC85, 0xDC26, 0x7A25, 0xAAE6,
    0x8266, 0x2105, 0x69C4, 0x20E3, 0x61C5, 0x2105, 0x3125, 0x18C4, 0x18A5, 0x10A4, 0x08A4, 0x10C5,
    0x10E6, 0x18E6, 0x18C6, 0x18A4, 0x18A3, 0x1882, 0x1881, 0x30C2, 0x38E3, 0x40E2, 0x38C2, 0x38E3,
    0x30E3, 0x20A2, 0x1082, 0x1083, 0x10C7, 0x1109, 0x196B, 0x218C, 0x218B, 0x2928, 0x30E3, 0x38E1,
    0x4922, 0x5984, 0x59A4, 0x51A5, 0x4985, 0x4145, 0x3125, 0x20E5, 0x1907, 0x196A, 0x198B, 0x198A,
    0x196A, 0x2926, 0x3903, 0x5164, 0x61C5, 0x61C5, 0x61E5, 0x6205, 0x61E5, 0x59C5, 0x5185, 0x5184,
    0x5184, 0x5184, 0x51A4, 0x59C4, 0x61C5, 0x61C5, 0x59A4, 0x5183, 0x5183, 0x51A3, 0x59C4, 0x61E4,
    0x69E5, 0x7205, 0x7A45, 0x8265, 0x8285, 0x8A85, 0x92C5, 0x9AE6, 0x0082, 0x0082, 0x00A2, 0x00C2,
    0x08C2, 0x00C3, 0x08E3, 0x0925, 0x0925, 0x0926, 0x094B, 0x096C, 0x08EA, 0x0886, 0x0885, 0x0885,
    0x08E7, 0x0948, 0x0947, 0x0949, 0x11AE, 0x1A12, 0x1A12, 0x1A12, 0x1A13, 0x21F4, 0x21F4, 0x2214,
    0x2214, 0x2255, 0x63FD, 0x84BE, 0x6BFE, 0x2238, 0x1A16, 0x1A36, 0x1A35, 0x1A35, 0x2216, 0x2217,
    0x2217, 0x2237, 0x1A56, 0x2257, 0x2258, 0x2238, 0x2239, 0x2239, 0x2238, 0x2258, 0x2257, 0x2258,
    0x2259, 0x2A7B, 0x329C, 0x2A7A, 0x2278, 0x3B1B, 0x6C3E, 0x8CDE, 0x847F, 0x4B5D, 0x2A9B, 0x225A,
    0x32DB, 0x7C7E, 0x8CBE, 0x63DE, 0x2A7C, 0x3ABC, 0x7C5E, 0x84BE, 0x5BBE, 0x2A3A, 0x2A39, 0x2A19,
    0x2218, 0x21F6, 0x1A15, 0x19F5, 0x19F5, 0x21D4, 0x21D4, 0x19D3, 0x19D3, 0x19D2, 0x19D2, 0x19D2,
    0x19D1, 0x19B1, 0x19B0, 0x19B0, 0x19D0, 0x19CF, 0x19CF, 0x19CF, 0x19AF, 0x19AF, 0x19AF, 0x19CE,
    0x19CE, 0x19CF, 0x19CE, 0x19CF, 0x19CF, 0x21F0, 0x19D0, 0x098F, 0x090A, 0x08C7, 0x0884, 0x0884,
    0x0884, 0x0884, 0x0884, 0x08C5, 0x1128, 0x19AC, 0x21ED, 0x21CD, 0x21AC, 0x198C, 0x198C, 0x198B,
    0x198B, 0x19AB, 0x198C, 0x3A2F, 0x41EE, 0x31AD, 0x41EC, 0x49EB, 0x39CB, 0x3169, 0x3967, 0xA2A9,
    0x91C4, 0xA266, 0xBB89, 0xAB48, 0xA2C7, 0x8226, 0x6144, 0x5944, 0x4944, 0x4964, 0x3903, 0x4964,
    0x4123, 0x30C2, 0x38E2, 0x4902, 0x79E4, 0x79E4, 0x7204, 0x69C4, 0x4922, 0x8246, 0x5963, 0x4922,
    0x5963, 0x61A3, 0x69C4, 0x8225, 0x79E4, 0x71E4, 0xA2C6, 0xA2E6, 0x8A65, 0x5983, 0x5963, 0x5943,
    0x4102, 0x4902, 0x5163, 0x61A4, 0x7A26, 0xB3AB, 0xDC8E, 0xE4F0, 0xE510, 0xE510, 0xE510, 0xE50F,
    0xE50F, 0xE4EF, 0xECEF, 0xE4EF, 0xE4EF, 0xE4EE, 0xE4CE, 0xE4CE, 0xE4CE, 0xE4CE, 0xE4AD, 0xE4AD,
    0xE4AD, 0xE4AD, 0xE48C, 0xE48C, 0xDC8C, 0xDC6C, 0xDC6C, 0xDC6C, 0xDC4C, 0xDC6C, 0xDC4B, 0xD42B,
    0xD40B, 0xD40A, 0xD3EA, 0xCBA9, 0xC389, 0xBB48, 0xAAE7, 0xA286, 0x9245, 0x8A04, 0x7183, 0x6162,
    0x5122, 0x6142, 0x69A2, 0x69A2, 0x5941, 0x71C2, 0xE465, 0xE466, 0xC363, 0x8202, 0x6141, 0x79C2,
    0x89E1, 0xB2E2, 0xE404, 0xE465, 0xECA6, 0xD3E5, 0x61E5, 0x7A46, 0x6A06, 0x51A5, 0x69C4, 0x10A3,
    0x59C5, 0x49A5, 0x3105, 0x0884, 0x18C5, 0x08A4, 0x08A4, 0x10A5, 0x10C6, 0x10C6, 0x18C6, 0x18A4,
    0x1883, 0x1882, 0x2082, 0x30A2, 0x38C2, 0x38C1, 0x38C2, 0x3903, 0x30E3, 0x20A2, 0x1062, 0x1083,
    0x10C6, 0x1108, 0x194B, 0x218C, 0x298B, 0x3927, 0x30E2, 0x3901, 0x4943, 0x61A4, 0x61E5, 0x61E5,
    0x59C5, 0x5185, 0x3925, 0x20E5, 0x1928, 0x196B, 0x196A, 0x1148, 0x1949, 0x2926, 0x3903, 0x5163,
    0x61A5, 0x61C4, 0x61E5, 0x6205, 0x6205, 0x61C5, 0x5185, 0x5164, 0x5184, 0x51A4, 0x59C4, 0x61C4,
    0x61E5, 0x69E5, 0x61E5, 0x59A4, 0x5183, 0x59A4, 0x61E4, 0x69E4, 0x7205, 0x7A25, 0x7A45, 0x8265,
    0x8245, 0x8265, 0x92A5, 0x92C6, 0x0082, 0x00A2, 0x00A2, 0x00C2, 0x08E3, 0x08E3, 0x0904, 0x0925,
    0x0925, 0x0946, 0x096A, 0x098D, 0x092B, 0x08A7, 0x0885, 0x0885, 0x08E8, 0x114A, 0x0969, 0x0969,
    0x118E, 0x19F1, 0x1A12, 0x1A12, 0x1A13, 0x21F4, 0x21F4, 0x2214, 0x2213, 0x2276, 0x63FD, 0x7C7E,
    0x63BE, 0x1A17, 0x1A16, 0x1A35, 0x1A35, 0x1A35, 0x2216, 0x2217, 0x2217, 0x2237, 0x2256, 0x2257,
    0x2258, 0x2A39, 0x2A39, 0x2239, 0x2258, 0x2258, 0x2277, 0x2258, 0x2A7B, 0x533F, 0x5B5F, 0x42FC,
    0x2299, 0x3B1B, 0x745E, 0x8CDE, 0x6BFF, 0x2A9C, 0x2A7A, 0x2A7A, 0x4B3C, 0x7C9E, 0x849E, 0x539E,
    0x2A5B, 0x3ADD, 0x7C7E, 0x8CBE, 0x5BDE, 0x2A5A, 0x2A39, 0x2A19, 0x2A18, 0x21F7, 0x2216, 0x1A15,
    0x19F5, 0x21F4, 0x21D4, 0x21D4, 0x19D3, 0x19D2, 0x19D2, 0x19D2, 0x19D1, 0x19B1, 0x19B1, 0x19B0,
    0x19D0, 0x19CF, 0x19CF, 0x19CF, 0x19AF, 0x19AF, 0x19AF, 0x19CE, 0x19CF, 0x21EF, 0x21EF, 0x19EF,
    0x19EF, 0x21F0, 0x19D0, 0x096E, 0x090A, 0x08A6, 0x0884, 0x0884, 0x0884, 0x0884, 0x0884, 0x08C5,
    0x1929, 0x21CC, 0x21ED, 0x21CD, 0x21AD, 0x19AC, 0x198C, 0x198C, 0x198B, 0x198B, 0x2A0E, 0x5AB1,
    0x39EE, 0x31AC, 0x49EB, 0x39AB, 0x41EC, 0x3168, 0x3126, 0xB2E9, 0xA205, 0xAAC7, 0xB328, 0xAB28,
    0xA2E8, 0x79E5, 0x7185, 0x71A5, 0x5144, 0x4123, 0x4143, 0x5184, 0x30C2, 0x38E2, 0x38E2, 0x6163,
    0x7A05, 0x7A05, 0x8225, 0x4922, 0x71E5, 0x7A05, 0x4902, 0x5143, 0x61A3, 0x69E4, 0x8A45, 0x8A45,
    0x71E4, 0xA2E7, 0xC389, 0xA2E7, 0x69C4, 0x69C4, 0xAB49, 0xA308, 0x7A26, 0x5984, 0x4943, 0x5164,
    0x5984, 0x61A5, 0x92E9, 0xCC4E, 0xE4EF, 0xE50F, 0xE4EF, 0xE4EF, 0xE4EF, 0xE4EF, 0xE4CE, 0xE4EF,
    0xE4EF, 0xE4CE, 0xE4CE, 0xE4CE, 0xE4CE, 0xE4CE, 0xE4CE, 0xE4AD, 0xE4AD, 0xE48D, 0xE4AD, 0xE48C,
    0xDC8C, 0xDC8C, 0xDC6C, 0xDC6C, 0xDC6C, 0xDC6C, 0xDC4B, 0xD42B, 0xD42B, 0xD40A, 0xCBEA, 0xCBA9,
    0xC389, 0xB327, 0xAAC6, 0x9A86, 0x9225, 0x81E4, 0x6983, 0x6162, 0x5122, 0x5922, 0x6142, 0x6982,
    0x5121, 0x6161, 0xD3C4, 0xDC65, 0xB302, 0x8A22, 0x5101, 0x7181, 0x9222, 0xDC04, 0xDC04, 0xECC6,
    0xECC6, 0xC385, 0x61C6, 0x7226, 0x59C6, 0x8246, 0x5984, 0x10A3, 0x51C5, 0x69E5, 0x3925, 0x10A5,
    0x10C5, 0x08A5, 0x08A4, 0x08C5, 0x10E7, 0x10E8, 0x1108, 0x18C6, 0x10A3, 0x1082, 0x2082, 0x30A2,
    0x38A1, 0x30A1, 0x30C2, 0x3903, 0x30E3, 0x20A2, 0x1062, 0x1082, 0x10C5, 0x1109, 0x194B, 0x218C,
    0x298B, 0x3947, 0x3902, 0x3901, 0x5163, 0x61C5, 0x6A06, 0x6A06, 0x6A06, 0x59E6, 0x4165, 0x2906,
    0x2128, 0x196B, 0x1149, 0x1107, 0x1927, 0x2906, 0x3902, 0x5143, 0x59A4, 0x61A4, 0x61E4, 0x6205,
    0x6205, 0x61C5, 0x5985, 0x5184, 0x59A4, 0x59C4, 0x59E4, 0x61E5, 0x69E5, 0x69E5, 0x61E5, 0x59C4,
    0x51A3, 0x59C4, 0x6A04, 0x7225, 0x7A45, 0x8245, 0x8265, 0x8A85, 0x8265, 0x8A85, 0x8AA5, 0x92A6,
    0x0082, 0x0082, 0x00A2, 0x00C2, 0x08E3, 0x08E3, 0x0924, 0x0945, 0x0945, 0x0946, 0x0948, 0x098C,
    0x096C, 0x08C8, 0x0886, 0x0886, 0x08E8, 0x116C, 0x118B, 0x0969, 0x11AE, 0x19F1, 0x1A12, 0x1A12,
    0x1A13, 0x19F3, 0x21F4, 0x2214, 0x2213, 0x2255, 0x4B5C, 0x639D, 0x4B1C, 0x1A16, 0x1A16, 0x1A15,
    0x1A34, 0x1A35, 0x2216, 0x2217, 0x2217, 0x2237, 0x2256, 0x2277, 0x2258, 0x2239, 0x223A, 0x2239,
    0x2259, 0x2278, 0x2278, 0x2258, 0x3ADC, 0x741F, 0x7C3F, 0x537D, 0x2279, 0x32DA, 0x63FE, 0x849E,
    0x6BDF, 0x32BD, 0x2A7B, 0x32DC, 0x6C3E, 0x84BE, 0x745E, 0x3AFC, 0x2A5B, 0x3AFD, 0x849E, 0x8CDE,
    0x5BBE, 0x2A5A, 0x2A5A, 0x2A3A, 0x2A39, 0x2A18, 0x2216, 0x1A15, 0x19F5, 0x21F5, 0x21F5, 0x21F4,
    0x21D3, 0x19F3, 0x19F2, 0x19D2, 0x19D2, 0x19D1, 0x19B1, 0x19D0, 0x19D0, 0x19CF, 0x19CF, 0x19CF,
    0x19AF, 0x19CF, 0x19CF, 0x19CE, 0x19EF, 0x19EF, 0x19EF, 0x19EF, 0x19EF, 0x21F0, 0x19D0, 0x096E,
    0x090A, 0x08A6, 0x0884, 0x0884, 0x0884, 0x0884, 0x0884, 0x10C6, 0x1949, 0x21CC, 0x21ED, 0x21ED,
    0x21CD, 0x21AD, 0x21AC, 0x198C, 0x198B, 0x21CC, 0x4A90, 0x5270, 0x31CD, 0x39CD, 0x49CB, 0x318A,
    0x41CA, 0x3988, 0x3947, 0xB2E9, 0xAA87, 0xAB09, 0xA2A7, 0x8A25, 0x71A4, 0x6164, 0x5944, 0x5965,
    0x4924, 0x3923, 0x5184, 0x3902, 0x30C2, 0x4103, 0x4903, 0x69A4, 0x7A05, 0x8245, 0x5142, 0x61A3,
    0x9286, 0x6184, 0x4922, 0x5983, 0x69C4, 0x7A04, 0x8A65, 0x7A04, 0x9A86, 0xBB69, 0xA2E7, 0x69C3,
    0x7A04, 0xBB89, 0xCBCA, 0xBB89, 0xC3CB, 0xAB69, 0x7205, 0x4943, 0x5164, 0x5143, 0x5984, 0x7206,
    0x9B08, 0xCC2C, 0xE4CE, 0xE4CE, 0xE4CE, 0xE4CE, 0xE4CE, 0xE4EE, 0xE4EE, 0xE4EE, 0xE4CE, 0xE4CE,
    0xE4CE, 0xE4CE, 0xE4CE, 0xE4CE, 0xE4AD, 0xE4AD, 0xE4AD, 0xE4AD, 0xDC8C, 0xDC8C, 0xDC8C, 0xDC8C,
    0xDC6C, 0xDC4C, 0xDC4B, 0xD42B, 0xD42B, 0xD40A, 0xCBC9, 0xCBA9, 0xC389, 0xB307, 0xA2C6, 0x9A86,
    0x8A25, 0x81E4, 0x69A3, 0x6162, 0x5122, 0x5101, 0x5942, 0x6182, 0x4901, 0x5921, 0xBB23, 0xDC25,
    0xAAA2, 0x8A02, 0x5101, 0x7981, 0xAA82, 0xDC04, 0xE465, 0xF547, 0xDC26, 0xBB26, 0x61E6, 0x6A07,
    0x61E6, 0x7226, 0x3104, 0x20E4, 0x61C5, 0x3945, 0x3924, 0x18C5, 0x10A5, 0x08A4, 0x08A4, 0x10E7,
    0x114A, 0x116A, 0x114A, 0x1907, 0x10A3, 0x1081, 0x1881, 0x3081, 0x3881, 0x3081, 0x30C2, 0x3903,
    0x3903, 0x20C3, 0x1082, 0x10A3, 0x10C6, 0x1129, 0x194B, 0x194A, 0x2949, 0x3926, 0x38E2, 0x38E1,
    0x5163, 0x69E5, 0x7227, 0x7226, 0x6A26, 0x61E6, 0x4165, 0x2906, 0x2107, 0x1929, 0x18E7, 0x18C4,
    0x20E6, 0x30E4, 0x40C2, 0x5122, 0x6184, 0x61C5, 0x61E4, 0x6205, 0x69E5, 0x61C5, 0x5985, 0x5984,
    0x59C4, 0x59C4, 0x59E4, 0x61E4, 0x61E5, 0x61E5, 0x61C4, 0x5184, 0x5183, 0x61E4, 0x7224, 0x7A45,
    0x8245, 0x8265, 0x8A85, 0x8A85, 0x8265, 0x8A85, 0x8A85, 0x8A85, 0x00A2, 0x0082, 0x00A2, 0x00C2,
    0x08E3, 0x0903, 0x0924, 0x1145, 0x1145, 0x0946, 0x0947, 0x096A, 0x096C, 0x08E9, 0x0886, 0x0886,
    0x08E9, 0x118E, 0x11CE, 0x098B, 0x11AE, 0x19F0, 0x1A11, 0x1A12, 0x1A12, 0x19F3, 0x21F3, 0x21F3,
    0x2213, 0x2213, 0x2A77, 0x329A, 0x2237, 0x1A15, 0x2215, 0x1A14, 0x1A34, 0x1A14, 0x2216, 0x2217,
    0x2217, 0x2236, 0x2256, 0x2257, 0x32BA, 0x4B3D, 0x535E, 0x431D, 0x2A7A, 0x2278, 0x2298, 0x2259,
    0x3AFD, 0x7C7F, 0x8C9F, 0x537D, 0x2279, 0x2ABA, 0x63DE, 0x849F, 0x6C1F, 0x2ABD, 0x32BC, 0x63FE,
    0x84BE, 0x84BE, 0x5BBE, 0x2A7B, 0x2A7B, 0x3AFD, 0x849E, 0x8CDE, 0x53BE, 0x2A5A, 0x2A5A, 0x2A5A,
    0x2A39, 0x2218, 0x2A38, 0x2237, 0x2215, 0x21F5, 0x21F5, 0x21F5, 0x21F4, 0x21F3, 0x19F2, 0x19F2,
    0x19F2, 0x19D1, 0x19D1, 0x19D0, 0x19D0, 0x19CF, 0x19CF, 0x19CF, 0x19CF, 0x19CF, 0x19CF, 0x19CE,
    0x19EF, 0x19EF, 0x19EF, 0x19EF, 0x19EF, 0x2210, 0x19D0, 0x096E, 0x090A, 0x08A6, 0x0884, 0x0884,
    0x0884, 0x0884, 0x0884, 0x10C6, 0x1949, 0x21CC, 0x21ED, 0x21ED, 0x21CD, 0x21CD, 0x21AD, 0x21AC,
    0x19AC, 0x3A4F, 0x5AD0, 0x31EE, 0x39EE, 0x39CC, 0x39AA, 0x318A, 0x4189, 0x41AA, 0x3989, 0x92AA,
    0xA2A9, 0xAB0A, 0xAAC7, 0x79A4, 0x5923, 0x5123, 0x4903, 0x5144, 0x5123, 0x4123, 0x4143, 0x28C1,
    0x3902, 0x4923, 0x5963, 0x79E5, 0x9266, 0x5163, 0x5963, 0x9286, 0x8A66, 0x4902, 0x5143, 0x69A4,
    0x71E4, 0x8A65, 0x8245, 0x8225, 0xB328, 0xA2E7, 0x6983, 0x7A04, 0xC389, 0xC3AA, 0xBB49, 0xC3CA,
    0xD46D, 0xD48D, 0xC40B, 0x7A46, 0x5143, 0x5143, 0x6184, 0x5963, 0x6183, 0x7A25, 0xB369, 0xDCAE,
    0xDCAD, 0xE4AD, 0xE4CE, 0xE4CE, 0xE4CD, 0xE4CE, 0xE4CE, 0xE4CE, 0xE4CE, 0xE4CE, 0xE4CE, 0xE4CE,
    0xE4CE, 0xE4AD, 0xE4AD, 0xE4AD, 0xE48D, 0xE4AD, 0xE48C, 0xDC8C, 0xDC6C, 0xDC6C, 0xDC4C, 0xD42B,
    0xD42B, 0xD40A, 0xCBCA, 0xC3A9, 0xBB68, 0xB308, 0xA2C6, 0x9A86, 0x8A25, 0x79C4, 0x69A3, 0x6162,
    0x5942, 0x5922, 0x5122, 0x6162, 0x4901, 0x4901, 0xA2A2, 0xD3A4, 0xA282, 0x9242, 0x5121, 0x7181,
    0xBAE3, 0xE424, 0xF506, 0xFD68, 0xB346, 0xAAE6, 0x61E6, 0x59C6, 0x9286, 0x4165, 0x20E4, 0x3103,
    0x3944, 0x4145, 0x10A4, 0x18C5, 0x10C5, 0x08A4, 0x08A5, 0x1128, 0x198B, 0x198C, 0x196B, 0x1907,
    0x10A3, 0x1061, 0x1881, 0x2881, 0x3081, 0x3081, 0x3902, 0x4144, 0x3924, 0x28E3, 0x18C4, 0x10C4,
    0x10E6, 0x192A, 0x1929, 0x1908, 0x2907, 0x4105, 0x40E1, 0x3901, 0x5163, 0x69E5, 0x7247, 0x7246,
    0x6A26, 0x59C5, 0x3945, 0x30C5, 0x28C5, 0x28C6, 0x18A4, 0x1882, 0x28A3, 0x48A2, 0x58A1, 0x5902,
    0x6184, 0x61C4, 0x61E4, 0x69E4, 0x6A05, 0x61C5, 0x5184, 0x5164, 0x5184, 0x51A4, 0x59A4, 0x59C4,
    0x61C5, 0x61C5, 0x59A4, 0x4983, 0x4983, 0x59C4, 0x7224, 0x7A45, 0x8245, 0x8245, 0x8265, 0x8A85,
    0x8265, 0x8A85, 0x8A85, 0x8A85, 0x00A3, 0x00A2, 0x00A2, 0x00C2, 0x00E3, 0x0904, 0x1145, 0x1145,
    0x1145, 0x0926, 0x0905, 0x0929, 0x094B, 0x08E9, 0x0886, 0x0886, 0x090A, 0x11AF, 0x11EF, 0x11CD,
    0x11CF, 0x19F0, 0x1A11, 0x1A12, 0x1A12, 0x19F3, 0x19F3, 0x2213, 0x1A13, 0x1A12, 0x1A13, 0x1A14,
    0x19F5, 0x1A15, 0x1A15, 0x1A14, 0x1A34, 0x1A34, 0x2216, 0x2217, 0x2217, 0x2256, 0x2276, 0x3B1A,
    0x6BFE, 0x7C5F, 0x847F, 0x7C5F, 0x539D, 0x2A99, 0x2A98, 0x2279, 0x431D, 0x7C7F, 0x849F, 0x4B7D,
    0x2279, 0x2ABA, 0x63FE, 0x849F, 0x6C1F, 0x3AFE, 0x63FE, 0x84BE, 0x84BE, 0x6C3E, 0x32DC, 0x2A7A,
    0x2A7B, 0x3AFD, 0x849E, 0x84BE, 0x53BE, 0x2A5A, 0x2A5A, 0x2A5A, 0x327A, 0x431C, 0x537D, 0x42DB,
    0x2217, 0x21F5, 0x21F5, 0x21F5, 0x21F4, 0x21F3, 0x19F2, 0x19F2, 0x19F2, 0x19D1, 0x19D1, 0x19D0,
    0x19D0, 0x19EF, 0x19CF, 0x19CF, 0x19CF, 0x19CF, 0x19CF, 0x19CF, 0x19EF, 0x19EF, 0x19EF, 0x19EF,
    0x19EF, 0x2210, 0x19D0, 0x096E, 0x090A, 0x08A6, 0x0884, 0x0884, 0x0884, 0x0884, 0x0884, 0x10C6,
    0x2149, 0x21ED, 0x220E, 0x2A0D, 0x21ED, 0x21CD, 0x21AD, 0x21AC, 0x21CD, 0x6331, 0x52AF, 0x39ED,
    0x31AC, 0x318B, 0x318B, 0x398A, 0x39AA, 0x39AB, 0x398A, 0x9ACA, 0xB2E9, 0xB2E9, 0x89E5, 0x6163,
    0x5943, 0x5943, 0x6143, 0x6144, 0x5943, 0x5144, 0x3902, 0x30E2, 0x4122, 0x4923, 0x71C4, 0x9A87,
    0x6184, 0x5963, 0x9286, 0xAB27, 0x7A04, 0x4902, 0x6184, 0x69A3, 0x7A04, 0x8A45, 0x79E4, 0x9A86,
    0xA2A6, 0x69A3, 0x7A04, 0xB327, 0xBB48, 0xB328, 0xBB49, 0xCBEB, 0xD44D, 0xD46D, 0xD46C, 0xCC2C,
    0x9AE8, 0x69A4, 0x5963, 0x6184, 0x61A4, 0x69C4, 0x71C4, 0xAB28, 0xCC0B, 0xDC8D, 0xE4AD, 0xE4AE,
    0xE4CE, 0xE4CD, 0xE4CE, 0xE4CD, 0xE4CE, 0xE4CE, 0xE4CE, 0xE4CE, 0xE4CE, 0xE4AD, 0xE4AD, 0xE4CD,
    0xE4AD, 0xE4AD, 0xE48D, 0xDC8C, 0xDC6C, 0xDC6C, 0xDC4B, 0xDC4B, 0xD42B, 0xD40B, 0xCBCA, 0xC3A9,
    0xBB48, 0xAB07, 0xA2C6, 0x9A66, 0x8A25, 0x81E4, 0x6983, 0x5942, 0x6162, 0x5942, 0x5122, 0x5942,
    0x4901, 0x4901, 0x9242, 0xCB84, 0x9A42, 0x9222, 0x6161, 0x79A1, 0xCB63, 0xE465, 0xF527, 0xF507,
    0xA306, 0x8246, 0x7A46, 0x49A6, 0x7206, 0x4165, 0x3124, 0x2903, 0x20E4, 0x61A5, 0x28E4, 0x18E5,
    0x10C5, 0x10A4, 0x08A4, 0x1128, 0x196B, 0x116B, 0x196A, 0x2107, 0x18A3, 0x1061, 0x1881, 0x28A1,
    0x30A1, 0x38E2, 0x4143, 0x4964, 0x4144, 0x2904, 0x18C4, 0x10C4, 0x18E6, 0x2129, 0x2108, 0x20E6,
    0x30E5, 0x5904, 0x60E1, 0x5101, 0x5163, 0x69E5, 0x7246, 0x7246, 0x6A06, 0x4984, 0x3104, 0x30C4,
    0x40A4, 0x5083, 0x3061, 0x1861, 0x3081, 0x5881, 0x68A1, 0x60E1, 0x5963, 0x61A4, 0x61C4, 0x61E4,
    0x61E4, 0x59A4, 0x4963, 0x4123, 0x4963, 0x51A4, 0x59A3, 0x59A4, 0x59C4, 0x59A4, 0x5184, 0x4963,
    0x4963, 0x59C4, 0x6A04, 0x6A04, 0x7204, 0x7A24, 0x7A44, 0x8265, 0x8265, 0x8285, 0x8AA5, 0x8AA5,
    0x00A3, 0x00A3, 0x00A2, 0x00C2, 0x08E3, 0x0924, 0x1145, 0x1145, 0x0925, 0x0905, 0x08C5, 0x0907,
    0x092A, 0x08C8, 0x0886, 0x0886, 0x092A, 0x11F0, 0x1A11, 0x19F0, 0x1A11, 0x1A11, 0x1A11, 0x1A12,
    0x1A12, 0x19F3, 0x19F3, 0x1A13, 0x2212, 0x2212, 0x2213, 0x21F4, 0x21F4, 0x19F4, 0x1A14, 0x1A34,
    0x1A34, 0x1A14, 0x2216, 0x2217, 0x2237, 0x2256, 0x3B1A, 0x6C3D, 0x7C7E, 0x849F, 0x8CBF, 0x847F,
    0x63DE, 0x32FB, 0x2299, 0x2279, 0x42FD, 0x7C5F, 0x849F, 0x4B5D, 0x2279, 0x2ABA, 0x63FE, 0x8CBE,
    0x849F, 0x745F, 0x84BE, 0x84BE, 0x6C3E, 0x3AFC, 0x2A7A, 0x2A7B, 0x2A7B, 0x3AFC, 0x7C7E, 0x84BE,
    0x53BE, 0x2A5B, 0x329C, 0x4B5D, 0x6C1E, 0x847E, 0x7C3E, 0x5B5D, 0x2A58, 0x21F5, 0x21F5, 0x21F5,
    0x21F4, 0x1A13, 0x19F2, 0x19F2, 0x19F2, 0x19D1, 0x19D1, 0x19D0, 0x19D0, 0x19CF, 0x19CF, 0x19CF,
    0x19CF, 0x19CF, 0x19CF, 0x19CE, 0x19EF, 0x19EF, 0x19EF, 0x19EF, 0x21EF, 0x2210, 0x19D0, 0x096E,
    0x08EA, 0x08A6, 0x0884, 0x0884, 0x0884, 0x0884, 0x0885, 0x10E6, 0x2169, 0x21ED, 0x2A2E, 0x2A0E,
    0x21ED, 0x21CD, 0x21CD, 0x29CD, 0x4A8F, 0x6311, 0x39EC, 0x29AB, 0x29AC, 0x318B, 0x298C, 0x39AB,
    0x29AB, 0x31AB, 0x41A9, 0xA2A9, 0xAAA8, 0x9226, 0x6184, 0x5963, 0x6163, 0x6163, 0x6984, 0x6164,
    0x5964, 0x4123, 0x38E2, 0x4122, 0x4943, 0x5964, 0x8A46, 0x69A4, 0x5943, 0x9286, 0xAB27, 0xA307,
    0x6183, 0x5963, 0x69A4, 0x69A3, 0x8224, 0x79E4, 0x79E4, 0x9245, 0x71A3, 0x71C4, 0x9A86, 0x9265,
    0x9A86, 0xA286, 0xB308, 0xCBCA, 0xCC0B, 0xCC2B, 0xCC2B, 0xCC2B, 0xCC2C, 0xB369, 0x8246, 0x69C4,
    0x71E4, 0x69C4, 0x71E4, 0x8246, 0xA308, 0xCC0B, 0xDC6D, 0xE4AD, 0xE4AD, 0xE4CD, 0xE4CD, 0xE4CD,
    0xE4CE, 0xE4CE, 0xE4CE, 0xE4CE, 0xE4AE, 0xE4AD, 0xE4AE, 0xE4CD, 0xE4AD, 0xE4AD, 0xE4AD, 0xE48C,
    0xDC6C, 0xDC6C, 0xDC6C, 0xDC6C, 0xD42B, 0xD3EA, 0xCBCA, 0xC389, 0xBB48, 0xAB07, 0xA2C7, 0x9A86,
    0x9225, 0x81E4, 0x6163, 0x6142, 0x6962, 0x6182, 0x40E1, 0x5942, 0x5122, 0x40E1, 0x79C1, 0xCB84,
    0x8202, 0x9222, 0x71A1, 0x71A1, 0xC323, 0xF4C6, 0xF527, 0xE486, 0x92A6, 0x7226, 0x7206, 0x4986,
    0x4987, 0x61E5, 0x4164, 0x18C4, 0x18E4, 0x5185, 0x28E5, 0x18C5, 0x10C5, 0x08A4, 0x08C4, 0x1128,
    0x1949, 0x114A, 0x1949, 0x2907, 0x20A2, 0x1881, 0x1882, 0x30C2, 0x38E2, 0x4123, 0x4144, 0x4964,
    0x4144, 0x28E4, 0x18C4, 0x10C5, 0x20E7, 0x3108, 0x28E7, 0x20C4, 0x38A4, 0x70E3, 0x78E1, 0x6101,
    0x5143, 0x61A4, 0x7226, 0x7246, 0x6A06, 0x4985, 0x30E4, 0x38A4, 0x58A3, 0x6082, 0x4061, 0x1841,
    0x3061, 0x5081, 0x60A0, 0x60C1, 0x5942, 0x61A4, 0x69C4, 0x69E4, 0x61E4, 0x61C4, 0x5184, 0x4943,
    0x5184, 0x59A4, 0x59A4, 0x59C4, 0x59C4, 0x51A4, 0x4963, 0x4143, 0x4983, 0x61C4, 0x61E4, 0x61C4,
    0x69E4, 0x7A24, 0x8245, 0x8265, 0x7A44, 0x8265, 0x8A85, 0x8A85, 0x08A4, 0x00A3, 0x00A2, 0x00A2,
    0x08E3, 0x0924, 0x1145, 0x1145, 0x0926, 0x00E5, 0x00A4, 0x08E7, 0x08E9, 0x08A7, 0x0886, 0x0885,
    0x0909, 0x11CF, 0x1A11, 0x2233, 0x2233, 0x1A12, 0x1A12, 0x1A32, 0x1A13, 0x19F3, 0x19F3, 0x1A13,
    0x1A12, 0x2212, 0x2213, 0x21F3, 0x21F4, 0x21F4, 0x1A14, 0x1A33, 0x1A34, 0x2215, 0x2216, 0x2236,
    0x2236, 0x32D9, 0x643D, 0x749D, 0x745E, 0x5BBE, 0x5B9E, 0x6BDF, 0x5B7D, 0x32DA, 0x2299, 0x2279,
    0x3AFD, 0x7C7F, 0x849F, 0x4B5D, 0x2279, 0x32BA, 0x6C3E, 0x9D5E, 0xA57E, 0x9D5E, 0xA57E, 0x84DE,
    0x437D, 0x225A, 0x2A7A, 0x2A7B, 0x2A7A, 0x3ADC, 0x7C7E, 0x84BE, 0x5BDE, 0x433D, 0x6C1E, 0x849F,
    0x8CDE, 0x8CDE, 0x7C7E, 0x4B3C, 0x2237, 0x2215, 0x2215, 0x21F5, 0x2214, 0x19F3, 0x19F2, 0x19F2,
    0x19F2, 0x19F1, 0x19D1, 0x19D1, 0x19F0, 0x19CF, 0x19CF, 0x19CF, 0x21CF, 0x21CF, 0x19CF, 0x19CE,
    0x19CE, 0x19EF, 0x19EF, 0x19EF, 0x21EF, 0x2210, 0x11D0, 0x096E, 0x08EA, 0x08A6, 0x0884, 0x0884,
    0x0884, 0x0884, 0x08A5, 0x10E6, 0x2169, 0x2A0E, 0x2A0E, 0x220E, 0x21ED, 0x21CD, 0x21CD, 0x3A0D,
    0x52AF, 0x3A2E, 0x21AB, 0x21AC, 0x29AC, 0x298C, 0x298C, 0x31AB, 0x29AB, 0x39AA, 0x49CA, 0x9AA9,
    0x8226, 0x7A06, 0x6984, 0x79A4, 0x89C4, 0x89E5, 0x8A05, 0x79E5, 0x6184, 0x4103, 0x3902, 0x4122,
    0x5163, 0x71C4, 0x6184, 0x5963, 0x8A45, 0xAB07, 0xB368, 0x8A66, 0x5142, 0x71C4, 0x6183, 0x71E4,
    0x69C3, 0x69A3, 0x71A3, 0x6183, 0x5943, 0x6163, 0x5942, 0x5942, 0x5963, 0x6183, 0x71A4, 0x8A25,
    0x9AA6, 0xB348, 0xC3CA, 0xC3EA, 0xC3EA, 0xC3CB, 0xC3AA, 0xA308, 0x9286, 0x7A05, 0x8225, 0x8A66,
    0x9286, 0xB369, 0xCC0B, 0xDC8D, 0xE4AD, 0xE4AD, 0xE4AD, 0xE4CE, 0xE4CE, 0xE4CD, 0xE4CD, 0xE4CE,
    0xE4AD, 0xE4AD, 0xE4AD, 0xE4AD, 0xE4AD, 0xE4AD, 0xE48C, 0xDC8C, 0xDC6C, 0xDC6C, 0xDC6C, 0xDC4B,
    0xD42B, 0xCBEA, 0xC3A9, 0xBB69, 0xB328, 0xAB07, 0xA2C7, 0x9A86, 0x9245, 0x8204, 0x6162, 0x6962,
    0x6962, 0x6162, 0x30A1, 0x5121, 0x5121, 0x40E1, 0x6961, 0xC363, 0x71C1, 0x8202, 0x81E2, 0x81C1,
    0xCB83, 0xE424, 0xEC65, 0xBB86, 0x8A66, 0x7226, 0x61C6, 0x3946, 0x3167, 0x9265, 0x4164, 0x08C4,
    0x18E4, 0x3105, 0x18E6, 0x1907, 0x1107, 0x10C5, 0x10C5, 0x1949, 0x1949, 0x1129, 0x2128, 0x38E6,
    0x3082, 0x2081, 0x20A2, 0x3903, 0x4143, 0x4964, 0x4964, 0x4965, 0x3944, 0x28E4, 0x18C4, 0x18C5,
    0x30E7, 0x48C6, 0x30A3, 0x2082, 0x3083, 0x70C3, 0x88C1, 0x7101, 0x5142, 0x61A4, 0x7226, 0x7226,
    0x6A05, 0x4985, 0x3104, 0x40A3, 0x5882, 0x5881, 0x3061, 0x1861, 0x2861, 0x4881, 0x60A0, 0x60C1,
    0x6122, 0x61A4, 0x69E5, 0x6A04, 0x6A04, 0x6A04, 0x69E4, 0x59A4, 0x5984, 0x5184, 0x59A4, 0x59C4,
    0x61C4, 0x59C4, 0x5184, 0x4963, 0x59A4, 0x6A04, 0x6A04, 0x69E4, 0x7204, 0x8245, 0x8265, 0x8265,
    0x7A44, 0x8244, 0x8265, 0x8A85, 0x08A5, 0x08E6, 0x0905, 0x08E4, 0x0903, 0x0924, 0x0945, 0x0926,
    0x08E6, 0x00C5, 0x00A4, 0x08C6, 0x08E8, 0x08A7, 0x0886, 0x0885, 0x08EA, 0x11AF, 0x2232, 0x2254,
    0x2253, 0x1A32, 0x1A32, 0x1A33, 0x1A13, 0x1A13, 0x1A13, 0x1A12, 0x1A12, 0x1A12, 0x1A13, 0x19F3,
    0x19F4, 0x19F4, 0x1A13, 0x1A13, 0x1A14, 0x2215, 0x2216, 0x2216, 0x2257, 0x53BD, 0x747D, 0x747D,
    0x4B9D, 0x225A, 0x223B, 0x3ABC, 0x32BA, 0x2298, 0x2A99, 0x2279, 0x42FD, 0x849F, 0x8CDF, 0x537D,
    0x2279, 0x32FB, 0x745E, 0xAD9E, 0xAD9E, 0x9D5E, 0x9D5E, 0x84DE, 0x6C3E, 0x4B7D, 0x32BC, 0x2A7B,
    0x2A5A, 0x3ADC, 0x7C7E, 0x8CFE, 0x8CDE, 0x849E, 0x8CDE, 0x8CBE, 0x849E, 0x6C1E, 0x433C, 0x2A58,
    0x2216, 0x2236, 0x2215, 0x21F5, 0x21F4, 0x19F3, 0x19F2, 0x19F2, 0x19F2, 0x19F1, 0x19F1, 0x19F1,
    0x19F0, 0x19CF, 0x19CF, 0x19CF, 0x21CF, 0x21CF, 0x21EF, 0x19EE, 0x19EE, 0x21EF, 0x21EF, 0x21EF,
    0x21EF, 0x2211, 0x11D0, 0x096E, 0x090A, 0x08A6, 0x0884, 0x0884, 0x0884, 0x08A4, 0x08A5, 0x10C6,
    0x2169, 0x29ED, 0x2A0E, 0x2A0E, 0x21EE, 0x21CD, 0x29ED, 0x4A6D, 0x4A6E, 0x19AC, 0x21AC, 0x218C,
    0x298C, 0x318C, 0x31AC, 0x39CB, 0x41CB, 0x41EC, 0x41CA, 0x8227, 0x81E5, 0xAAC8, 0x9A05, 0x89A4,
    0xA225, 0x9A66, 0x8205, 0x79C5, 0x4923, 0x4923, 0x4102, 0x4923, 0x5163, 0x5963, 0x6184, 0x9246,
    0xA2C7, 0xB348, 0xAB28, 0x5963, 0x5963, 0x69A4, 0x71C4, 0x79E4, 0x6163, 0x5962, 0x5942, 0x5942,
    0x5122, 0x38C1, 0x4102, 0x5142, 0x4102, 0x5984, 0x7A67, 0x92E8, 0x8A87, 0x7A05, 0x8A45, 0xAB07,
    0xBBAA, 0xC3AA, 0xC3AA, 0xC3AA, 0xBB89, 0xA2E7, 0x9286, 0x9286, 0x9286, 0xAB28, 0xBB89, 0xDC6C,
    0xDC8D, 0xE4AD, 0xE4CE, 0xE4CD, 0xE4AD, 0xE4CD, 0xE4AD, 0xE4AD, 0xE4AD, 0xE4AD, 0xE4AD, 0xE4AD,
    0xE4AD, 0xE48C, 0xE48C, 0xDC6C, 0xDC8C, 0xDC6C, 0xDC6C, 0xDC4B, 0xD42B, 0xCBEA, 0xC3A9, 0xBB69,
    0xB328, 0xAB07, 0xA2C6, 0x9A86, 0x9A66, 0x8A25, 0x6983, 0x6162, 0x6962, 0x5942, 0x2880, 0x5121,
    0x5121, 0x38C1, 0x5941, 0xBB43, 0x79E1, 0x81E1, 0x9222, 0xB2C2, 0xD3A3, 0xE425, 0xEC65, 0x7A46,
    0x8A46, 0x7A26, 0x69E5, 0x2947, 0x59C6, 0x7A05, 0x69E4, 0x08C5, 0x18E5, 0x3925, 0x2107, 0x194A,
    0x194A, 0x10E6, 0x10E6, 0x196A, 0x1949, 0x1108, 0x2108, 0x38C6, 0x3882, 0x2881, 0x28C2, 0x3923,
    0x4164, 0x4964, 0x4985, 0x4965, 0x3924, 0x20E4, 0x18C4, 0x20E5, 0x48C6, 0x58A4, 0x3861, 0x1841,
    0x2882, 0x68C2, 0x90E1, 0x7901, 0x5942, 0x61C4, 0x7226, 0x7226, 0x61E5, 0x4164, 0x30E4, 0x50A3,
    0x68A1, 0x5081, 0x2061, 0x1861, 0x2081, 0x4081, 0x6081, 0x60A1, 0x6102, 0x6183, 0x69E5, 0x6A04,
    0x6A04, 0x6A04, 0x7205, 0x69E4, 0x59A4, 0x5183, 0x51A3, 0x61E4, 0x6A04, 0x69E4, 0x59A4, 0x59A4,
    0x6A04, 0x7A45, 0x7A44, 0x7A44, 0x8245, 0x8265, 0x8265, 0x8265, 0x8244, 0x8264, 0x8A85, 0x8A85,
    0x1109, 0x116A, 0x11AB, 0x11AA, 0x0967, 0x0946, 0x0926, 0x0906, 0x08C6, 0x00A5, 0x00A4, 0x00E7,
    0x08E8, 0x08A6, 0x08A6, 0x0886, 0x090B, 0x19B1, 0x2234, 0x2A55, 0x2254, 0x1A32, 0x1A32, 0x1A12,
    0x1A13, 0x1A13, 0x1A13, 0x1A12, 0x1A12, 0x1A12, 0x1A13, 0x19F3, 0x19F4, 0x1A13, 0x1A13, 0x1A33,
    0x1A14, 0x2215, 0x2236, 0x2216, 0x431B, 0x745E, 0x7C7D, 0x5BDD, 0x2259, 0x2239, 0x2A5A, 0x2259,
    0x2278, 0x2278, 0x2A98, 0x2279, 0x431D, 0x8CBF, 0x94FF, 0x53BE, 0x2279, 0x32DB, 0x743E, 0x9D5E,
    0x94FF, 0x7C7E, 0x849E, 0x8CDE, 0x8CDE, 0x849E, 0x6C1E, 0x537D, 0x32BB, 0x3ABC, 0x743E, 0x951E,
    0x9D3F, 0x94FF, 0x8CFE, 0x743E, 0x431C, 0x2A59, 0x2217, 0x2216, 0x2216, 0x2215, 0x2215, 0x21F4,
    0x21F4, 0x19F3, 0x19F2, 0x19F2, 0x19F1, 0x19F1, 0x19F1, 0x19F1, 0x19F0, 0x19F0, 0x19CF, 0x19CF,
    0x21EF, 0x21EF, 0x21EF, 0x21EF, 0x21EF, 0x21EF, 0x21EF, 0x21EF, 0x220F, 0x2211, 0x11D0, 0x096E,
    0x090A, 0x08A6, 0x0884, 0x0884, 0x0884, 0x08A5, 0x10A5, 0x10C6, 0x1949, 0x21CD, 0x29EE, 0x21ED,
    0x29EE, 0x21CE, 0x424D, 0x4A4D, 0x31ED, 0x21CC, 0x21AC, 0x31AB, 0x218C, 0x31AB, 0x31AB, 0x41AB,
    0x41EC, 0x4A0B, 0x4188, 0x8A67, 0x9A26, 0xAAA7, 0xAA87, 0x91E4, 0x89E4, 0x81E4, 0x8A25, 0x6184,
    0x5143, 0x5143, 0x3902, 0x4922, 0x5943, 0x6163, 0x9246, 0xA2A7, 0xAB08, 0xBB69, 0x7A25, 0x5122,
    0x69A3, 0x71C4, 0x9A86, 0x8A45, 0x6183, 0x4102, 0x4102, 0x4102, 0x2881, 0x1861, 0x0820, 0x0820,
    0x0820, 0x1041, 0x2082, 0x4164, 0x59C5, 0x8AA7, 0x9286, 0x71A3, 0x9265, 0xB349, 0xBB89, 0xBB89,
    0xBB89, 0xBBA9, 0xBB89, 0xAB28, 0xAB08, 0xAB28, 0xC3AA, 0xD44C, 0xDC8D, 0xE4AD, 0xE4CD, 0xE4CD,
    0xE4CD, 0xE4AD, 0xE4AD, 0xE4AD, 0xE4AD, 0xE4AD, 0xE4AD, 0xE4AD, 0xE48C, 0xE48C, 0xDC8C, 0xDC8C,
    0xDC8C, 0xDC6C, 0xDC6C, 0xD44B, 0xD40B, 0xCBEB, 0xC3A9, 0xBB69, 0xB348, 0xAB07, 0xAAE7, 0xA2C6,
    0xA2A6, 0x8225, 0x6183, 0x6962, 0x6982, 0x5921, 0x3081, 0x5142, 0x4901, 0x40E1, 0x48E1, 0xBB03,
    0x8222, 0x79E1, 0x9222, 0xD342, 0xDBC4, 0xEC86, 0xCBC6, 0x8A45, 0x6207, 0x49C7, 0x69C5, 0x4986,
    0x51A6, 0x4165, 0x59A4, 0x10C5, 0x18E5, 0x28E5, 0x1907, 0x216C, 0x21AD, 0x1907, 0x1907, 0x198B,
    0x1949, 0x10E7, 0x18E7, 0x30A5, 0x4082, 0x3081, 0x28C2, 0x3923, 0x4164, 0x4984, 0x4985, 0x4964,
    0x3124, 0x20C4, 0x18C4, 0x28C5, 0x50C4, 0x58A2, 0x3061, 0x1041, 0x2062, 0x58A3, 0x9101, 0x8901,
    0x6142, 0x61A4, 0x7205, 0x69E6, 0x51A5, 0x3924, 0x38C3, 0x68A2, 0x78C1, 0x50A1, 0x2061, 0x1882,
    0x2082, 0x3881, 0x5881, 0x68A0, 0x60E1, 0x6963, 0x69E4, 0x7205, 0x7204, 0x6A24, 0x7225, 0x7205,
    0x61C4, 0x59A3, 0x61C4, 0x7204, 0x7A45, 0x7204, 0x59A4, 0x61E4, 0x7A45, 0x8265, 0x8265, 0x8265,
    0x8265, 0x8265, 0x8265, 0x8244, 0x8244, 0x8264, 0x8A85, 0x92A5, 0x192A, 0x21CE, 0x2271, 0x2270,
    0x11ED, 0x096A, 0x0928, 0x08C6, 0x08A5, 0x0085, 0x00A5, 0x08E7, 0x08E7, 0x08A6, 0x08A6, 0x08A6,
    0x092C, 0x19D2, 0x2275, 0x2295, 0x2274, 0x1A32, 0x1A32, 0x1A13, 0x1A12, 0x1A12, 0x1A12, 0x1A12,
    0x1A12, 0x1A13, 0x1A13, 0x19F3, 0x19F3, 0x1A13, 0x1A13, 0x1A13, 0x1A14, 0x2235, 0x2236, 0x2A78,
    0x5BDD, 0x7C9E, 0x6C5D, 0x2ADA, 0x2238, 0x2A59, 0x2259, 0x2259, 0x2279, 0x2AB9, 0x32DA, 0x2279,
    0x431D, 0x8CFF, 0x9D3F, 0x5BBE, 0x227A, 0x32BA, 0x6C1E, 0x94FE, 0x7C5F, 0x431D, 0x4B3C, 0x6C3D,
    0x8CDE, 0x8CFE, 0x8CBF, 0x849F, 0x63DE, 0x42DC, 0x537D, 0x7C5E, 0x849F, 0x849F, 0x5B9D, 0x2A9A,
    0x2218, 0x2237, 0x2237, 0x2237, 0x2216, 0x2215, 0x21F5, 0x2214, 0x1A13, 0x19F3, 0x19F2, 0x19F2,
    0x19F1, 0x19F1, 0x19F1, 0x19F0, 0x19F0, 0x19EF, 0x19EF, 0x21CF, 0x21EF, 0x21EF, 0x21EF, 0x21EF,
    0x21EF, 0x21EF, 0x21EF, 0x21EF, 0x2210, 0x2211, 0x11CF, 0x094D, 0x090A, 0x08C6, 0x0884, 0x0884,
    0x0884, 0x08A5, 0x10C5, 0x10E6, 0x1949, 0x29CD, 0x29ED, 0x29EE, 0x29EE, 0x21EE, 0x4A4D, 0x31ED,
    0x21CD, 0x21CC, 0x19AC, 0x31AB, 0x218C, 0x31AC, 0x31AB, 0x39CC, 0x4A0C, 0x49C9, 0x3989, 0x8248,
    0xB2C7, 0x9205, 0xBB28, 0xA2C7, 0x7183, 0x81E4, 0x69A4, 0x5143, 0x69A4, 0x4943, 0x4102, 0x5143,
    0x6183, 0x79E4, 0x9A66, 0xA2A7, 0xBB69, 0xA307, 0x5942, 0x5962, 0x6983, 0x8A45, 0xAAE7, 0xA2C6,
    0x7A04, 0x5142, 0x4102, 0x1841, 0x0000, 0x0820, 0x1861, 0x20A1, 0x0000, 0x0820, 0x0820, 0x0000,
    0x0820, 0x2081, 0x4964, 0x8AC7, 0x8225, 0x8205, 0xAB28, 0xBB89, 0xBB89, 0xBBA9, 0xC3A9, 0xC3CA,
    0xC3AA, 0xBB89, 0xC3EB, 0xD46C, 0xDCAD, 0xE4AD, 0xE4CD, 0xE4CD, 0xE4AD, 0xE4CD, 0xE4AD, 0xE4AD,
    0xE4AD, 0xE4AD, 0xE48D, 0xE48D, 0xDC8C, 0xDC8C, 0xDC8C, 0xDC6C, 0xDC6C, 0xDC6C, 0xD44C, 0xD42B,
    0xCC0B, 0xCBEB, 0xC3A9, 0xBB69, 0xB328, 0xAB07, 0xAB08, 0xAAE7, 0xA2C6, 0x8225, 0x6183, 0x6962,
    0x7182, 0x5921, 0x38A1, 0x5101, 0x4901, 0x4901, 0x48E0, 0xAAC2, 0x9283, 0x81E1, 0xA262, 0xC323,
    0xD3A5, 0xD3C5, 0xCB85, 0xAB06, 0x51C6, 0x51A6, 0x3146, 0x4986, 0x4966, 0x18E5, 0x5184, 0x18E4,
    0x18C4, 0x18C5, 0x10E7, 0x216B, 0x21AD, 0x1949, 0x1948, 0x198B, 0x1928, 0x10C5, 0x18C6, 0x30A5,
    0x4082, 0x3881, 0x28C2, 0x3123, 0x4164, 0x5185, 0x5185, 0x4965, 0x3124, 0x20E4, 0x18C4, 0x38C5,
    0x58C3, 0x50A1, 0x2861, 0x1041, 0x1883, 0x48A3, 0x88E2, 0x9101, 0x6922, 0x61A4, 0x69E5, 0x61C5,
    0x4965, 0x3104, 0x48C3, 0x78C1, 0x80C1, 0x50A1, 0x2061, 0x1882, 0x18A2, 0x2882, 0x5081, 0x68A0,
    0x68C1, 0x6942, 0x71E5, 0x7225, 0x7225, 0x7224, 0x7225, 0x7205, 0x71E4, 0x69C4, 0x7204, 0x7A44,
    0x8244, 0x7204, 0x5183, 0x59A4, 0x7A45, 0x8265, 0x8265, 0x8245, 0x7A45, 0x8265, 0x8265, 0x8265,
    0x8285, 0x8AA6, 0x9AE7, 0x9B07, 0x194A, 0x21EF, 0x32F4, 0x2AF3, 0x1A51, 0x09AD, 0x092A, 0x08A6,
    0x0885, 0x0085, 0x00A5, 0x08C6, 0x08C6, 0x08A5, 0x08A6, 0x08A6, 0x090B, 0x19F2, 0x22B5, 0x22D5,
    0x1A94, 0x1A32, 0x1A12, 0x1A12, 0x1A12, 0x1A12, 0x1A12, 0x1A12, 0x1A12, 0x19F2, 0x19F3, 0x19F3,
    0x19F3, 0x1A13, 0x1A13, 0x1A13, 0x2214, 0x2235, 0x2236, 0x3AFB, 0x745E, 0x7C9E, 0x4B9C, 0x1A58,
    0x2258, 0x2259, 0x2A7A, 0x3AFC, 0x53BD, 0x641D, 0x539D, 0x32DB, 0x433D, 0x94FF, 0x9D3F, 0x5BDE,
    0x227A, 0x32BA, 0x6BFE, 0x8CDF, 0x743F, 0x32BC, 0x229A, 0x32DB, 0x537D, 0x7C5F, 0x8CBF, 0x84BF,
    0x6BDE, 0x42FC, 0x329A, 0x431C, 0x4B3D, 0x3ADC, 0x225A, 0x2A59, 0x2A58, 0x2A37, 0x2237, 0x2217,
    0x2216, 0x2215, 0x2214, 0x2214, 0x2213, 0x19F3, 0x19F2, 0x2212, 0x21F1, 0x19F1, 0x19F1, 0x19F0,
    0x19F0, 0x19EF, 0x19EF, 0x21EF, 0x21EF, 0x21EF, 0x21EF, 0x220F, 0x21EF, 0x21EF, 0x21EF, 0x220F,
    0x2210, 0x2210, 0x11CF, 0x094D, 0x090A, 0x08C6, 0x0885, 0x08A5, 0x0884, 0x08A5, 0x10C5, 0x1107,
    0x1969, 0x29CD, 0x2A0E, 0x2A0E, 0x29EE, 0x322E, 0x320D, 0x29CD, 0x21CD, 0x29CC, 0x19AC, 0x31AB,
    0x39AB, 0x218C, 0x39EC, 0x4A2D, 0x49CA, 0x39CA, 0x4188, 0x61C7, 0xB2A7, 0xAA86, 0xA2A7, 0x9246,
    0x9225, 0x81E4, 0x4902, 0x6184, 0x71C4, 0x5143, 0x5143, 0x5963, 0x71C4, 0x9246, 0x9A86, 0xB308,
    0xBB69, 0x71E4, 0x4922, 0x6182, 0x8204, 0xA2A6, 0xAAC7, 0x9265, 0x79E3, 0x69A3, 0x6183, 0x38A1,
    0x3081, 0x4964, 0x6A68, 0x51C6, 0x20C2, 0x2881, 0x62CC, 0x39C7, 0x0820, 0x1060, 0x0800, 0x28A1,
    0x8266, 0x8225, 0x8A25, 0xB349, 0xBB89, 0xBBA9, 0xBBA9, 0xC3CA, 0xCBEA, 0xCC0B, 0xCC2B, 0xDC6C,
    0xDC8D, 0xDCAD, 0xE4AD, 0xE4AD, 0xE4AD, 0xE4AD, 0xE4AD, 0xE48D, 0xE48D, 0xDC8D, 0xDC8C, 0xDC8C,
    0xDC6C, 0xDC6C, 0xD44C, 0xD44C, 0xD44C, 0xD44C, 0xD44C, 0xCC0B, 0xCBEA, 0xC3CA, 0xBB89, 0xB369,
    0xAB28, 0xAB28, 0xAB08, 0xAB08, 0xA2C7, 0x79E4, 0x6983, 0x6162, 0x71A2, 0x5941, 0x30A1, 0x5101,
    0x4901, 0x4901, 0x4901, 0x79C1, 0xAAE3, 0x8201, 0x9A62, 0xC323, 0xC344, 0xD3C5, 0xE405, 0x8AA6,
    0x3987, 0x61E6, 0x51A6, 0x69E5, 0x2106, 0x10C5, 0x5185, 0x2904, 0x10C5, 0x10C5, 0x18E7, 0x214A,
    0x21AC, 0x21AB, 0x19AB, 0x21AB, 0x1907, 0x1083, 0x18A5, 0x30A4, 0x40A2, 0x3881, 0x30C1, 0x3123,
    0x4164, 0x51A5, 0x51A5, 0x4985, 0x3124, 0x20E4, 0x20C4, 0x48C5, 0x60C3, 0x4881, 0x2061, 0x1061,
    0x1883, 0x40A4, 0x80C2, 0x90E1, 0x7122, 0x61A4, 0x69E5, 0x59A5, 0x3924, 0x30C3, 0x60C2, 0x88E1,
    0x78E1, 0x40A1, 0x2082, 0x18A3, 0x18A3, 0x2082, 0x4881, 0x6880, 0x70A1, 0x6922, 0x71E4, 0x7A25,
    0x7A45, 0x7244, 0x7A45, 0x7A24, 0x7204, 0x7204, 0x7A24, 0x7A45, 0x7A45, 0x7A24, 0x61C4, 0x69E5,
    0x7A46, 0x8A86, 0x8A86, 0x8A86, 0x8AA7, 0x92A7, 0x92C8, 0x92E8, 0x9B08, 0x9B29, 0xA349, 0xAB6A,
    0x194B, 0x2210, 0x3314, 0x2AF3, 0x1A71, 0x09AE, 0x092B, 0x0086, 0x0085, 0x0085, 0x0084, 0x00A5,
    0x08A5, 0x08A5, 0x08A6, 0x08A6, 0x08EA, 0x19D2, 0x22D6, 0x22F6, 0x1A74, 0x1A12, 0x1A12, 0x1A12,
    0x1A12, 0x1A12, 0x1A12, 0x1A12, 0x19F2, 0x19F2, 0x19F2, 0x19F3, 0x19F3, 0x1A13, 0x1A13, 0x2214,
    0x2214, 0x2235, 0x2256, 0x5BBD, 0x849E, 0x747E, 0x32FA, 0x1A37, 0x2279, 0x3AFC, 0x5BDE, 0x7C7F,
    0x951F, 0x8CDE, 0x6C1E, 0x3B1C, 0x433D, 0x94FF, 0x9D3F, 0x5BDE, 0x227A, 0x32BA, 0x6BFE, 0x94DF,
    0x7C5F, 0x32DC, 0x2A9A, 0x2ABA, 0x2A9A, 0x32DC, 0x539E, 0x63DF, 0x5B7E, 0x3ABB, 0x2278, 0x2A79,
    0x2A59, 0x2A39, 0x2A59, 0x2A59, 0x2A58, 0x2237, 0x2237, 0x2236, 0x2215, 0x2215, 0x2214, 0x2213,
    0x2213, 0x19F2, 0x2212, 0x19F2, 0x21F1, 0x19F1, 0x19F0, 0x19F0, 0x19F0, 0x19EF, 0x19EF, 0x21EF,
    0x21EF, 0x21EF, 0x220F, 0x220F, 0x220E, 0x220F, 0x220F, 0x220F, 0x2210, 0x2210, 0x11CF, 0x094C,
    0x090A, 0x08A6, 0x0885, 0x08A5, 0x0884, 0x08A5, 0x10C5, 0x1907, 0x2169, 0x29ED, 0x2A0E, 0x2A0E,
    0x320E, 0x322E, 0x29EE, 0x29ED, 0x21CD, 0x29CC, 0x29AC, 0x29AC, 0x39CB, 0x31AC, 0x424E, 0x5A2C,
    0x41CB, 0x41CA, 0x4987, 0x4188, 0xA2A8, 0xBB08, 0x8205, 0x9266, 0xC348, 0x79E4, 0x40E2, 0x69A4,
    0x81E5, 0x5963, 0x5143, 0x5983, 0x8245, 0x9A86, 0xAAE7, 0xBB29, 0xA2C7, 0x5942, 0x5942, 0x79C3,
    0xA2A6, 0xB2E7, 0xA286, 0x8204, 0x71C3, 0x8A45, 0x79C4, 0x5903, 0x40C2, 0x69E6, 0xA42F, 0x5A48,
    0x4163, 0x3924, 0x0862, 0x0821, 0x1861, 0x3943, 0x28E2, 0x3924, 0x30A1, 0x8A86, 0x8A45, 0xAAE7,
    0xBBA9, 0xBBA9, 0xBBA9, 0xBBA9, 0xCBEA, 0xD42B, 0xD44C, 0xDC6C, 0xDCAD, 0xDCAD, 0xE4AD, 0xDCAD,
    0xDCAD, 0xDCAD, 0xDC8C, 0xDC6C, 0xDC8D, 0xDC8C, 0xDC6C, 0xDC6C, 0xD44B, 0xCC0A, 0xCBEB, 0xBBCA,
    0xBBAA, 0xC3EB, 0xC3CA, 0xC3CA, 0xC3AA, 0xBB89, 0xB349, 0xB348, 0xAB28, 0xAB28, 0xAAE7, 0xAAE8,
    0xA2A7, 0x79C4, 0x6982, 0x6982, 0x71A2, 0x5121, 0x2880, 0x5921, 0x4901, 0x4921, 0x5921, 0x6961,
    0xAAE3, 0x9A62, 0x9242, 0xCB43, 0xD3A4, 0xEC86, 0xD3E5, 0x9AC6, 0x7227, 0x59C6, 0x59C5, 0x4965,
    0x18E6, 0x10C5, 0x4985, 0x3125, 0x08C5, 0x10C5, 0x10E6, 0x2149, 0x218C, 0x21AC, 0x21CC, 0x218B,
    0x18E5, 0x1862, 0x2084, 0x38A4, 0x40C2, 0x3881, 0x30C1, 0x3923, 0x4985, 0x51A6, 0x51A6, 0x4985,
    0x3124, 0x20E4, 0x30C5, 0x58C4, 0x68C3, 0x4081, 0x1862, 0x1882, 0x18A4, 0x30A4, 0x70C3, 0x90C2,
    0x8102, 0x6183, 0x61C4, 0x5185, 0x3904, 0x40C3, 0x70C2, 0x9101, 0x70E1, 0x38A1, 0x20A3, 0x20A3,
    0x18A3, 0x20A2, 0x3881, 0x6881, 0x70A1, 0x7102, 0x71C4, 0x7A45, 0x7A45, 0x7A44, 0x7A45, 0x7A45,
    0x7A25, 0x7A25, 0x8266, 0x8286, 0x8A86, 0x8286, 0x8287, 0x8A87, 0x8AA8, 0x92C8, 0x92E8, 0x9B09,
    0x9B29, 0xA32A, 0xA34A, 0xA36A, 0xAB6A, 0xAB6A, 0xAB8A, 0xAB8B, 0x194B, 0x2230, 0x3314, 0x2AF3,
    0x1A71, 0x09AE, 0x090A, 0x0085, 0x0085, 0x0085, 0x0084, 0x0884, 0x08A5, 0x08A6, 0x0886, 0x0886,
    0x090B, 0x19F2, 0x22F6, 0x2316, 0x1A73, 0x1A12, 0x1A12, 0x1A12, 0x1A12, 0x1A12, 0x1A12, 0x1A12,
    0x19F2, 0x19F2, 0x19F2, 0x19F3, 0x19F3, 0x1A13, 0x1A13, 0x2214, 0x2214, 0x2235, 0x2A78, 0x6C1E,
    0x849E, 0x63FE, 0x2279, 0x2258, 0x4B5D, 0x7C7F, 0x8CDF, 0x9D3E, 0xA59E, 0x951E, 0x6C1E, 0x2ABB,
    0x433D, 0x94FF, 0x9D3F, 0x5BBE, 0x227A, 0x2ABA, 0x6BFE, 0x94DF, 0x847F, 0x32FD, 0x2A9A, 0x2ABA,
    0x2AB9, 0x2A9A, 0x2A7A, 0x2A7B, 0x329A, 0x2A79, 0x2278, 0x2A78, 0x2A79, 0x2A59, 0x2A58, 0x2A57,
    0x2237, 0x2236, 0x2236, 0x2236, 0x2215, 0x2214, 0x2213, 0x2213, 0x2213, 0x21F2, 0x2212, 0x21F1,
    0x21F1, 0x21F0, 0x19F0, 0x19F0, 0x19F0, 0x19EF, 0x19EF, 0x21EF, 0x21EF, 0x21EF, 0x220F, 0x220F,
    0x220E, 0x220F, 0x220F, 0x220F, 0x2210, 0x2210, 0x11CF, 0x094C, 0x0909, 0x08A6, 0x0885, 0x08A5,
    0x0884, 0x08A5, 0x10C5, 0x1907, 0x218A, 0x2A0D, 0x2A0F, 0x2A2F, 0x322E, 0x29EE, 0x21CD, 0x29CD,
    0x29CD, 0x29CD, 0x39EB, 0x31CC, 0x29AC, 0x422E, 0x4A6E, 0x5A0A, 0x41CC, 0x49A8, 0x4189, 0x2969,
    0x8A68, 0xA2C8, 0x8226, 0xB308, 0xC369, 0x79E4, 0x4902, 0x6163, 0x8A26, 0x5964, 0x4102, 0x69C4,
    0x9286, 0xAAC7, 0xBB28, 0xBB28, 0x79E4, 0x5101, 0x69A3, 0x9244, 0xAAC6, 0xB307, 0x8A25, 0x69A3,
    0x9265, 0xB2E7, 0x8A05, 0x6963, 0x5123, 0x5943, 0x9B6B, 0x7B4B, 0x4184, 0x5A06, 0x1861, 0x0000,
    0x4184, 0x5A05, 0x49E6, 0x93AD, 0x3923, 0x5984, 0xA2C7, 0x9A86, 0xBB89, 0xBBA9, 0xBBA9, 0xBBA9,
    0xC3CA, 0xD42B, 0xDC6C, 0xDC8D, 0xDCAD, 0xDCAD, 0xE4AD, 0xE4AD, 0xDCAD, 0xDC8C, 0xDC8C, 0xDC6C,
    0xDC6C, 0xD44C, 0xD44C, 0xC3EB, 0xB369, 0xA2E8, 0x8A87, 0x8246, 0x7A26, 0x69E5, 0x69C4, 0x61A4,
    0x69A4, 0x69C5, 0x7205, 0x7204, 0x7225, 0x8245, 0x8A46, 0x9AA7, 0xA2A7, 0x79C4, 0x6182, 0x79A2,
    0x6981, 0x4901, 0x2880, 0x5921, 0x5101, 0x4901, 0x5941, 0x6141, 0xA2A3, 0xB2E3, 0x9A42, 0xC343,
    0xECA7, 0xE467, 0x8A86, 0x92A6, 0x3967, 0x3146, 0x49A6, 0x3966, 0x18E6, 0x10C5, 0x4145, 0x20E5,
    0x08C5, 0x10C6, 0x10E7, 0x1949, 0x218B, 0x31CB, 0x31EB, 0x216A, 0x28C5, 0x2862, 0x3884, 0x40C5,
    0x38C2, 0x3081, 0x30C2, 0x3923, 0x4985, 0x51A6, 0x51A6, 0x4965, 0x3124, 0x20E4, 0x38C4, 0x60E4,
    0x58C2, 0x3082, 0x1882, 0x18A3, 0x18A4, 0x28A4, 0x60A3, 0x90C2, 0x8902, 0x6163, 0x59A4, 0x4964,
    0x38E4, 0x48A3, 0x78C1, 0x9100, 0x68E1, 0x30A2, 0x28C3, 0x20C3, 0x18C3, 0x18A2, 0x3082, 0x60A1,
    0x80C1, 0x7902, 0x71A3, 0x7A25, 0x7A45, 0x7A66, 0x8286, 0x8287, 0x8288, 0x8AA8, 0x8AA8, 0x92C8,
    0x92E8, 0x92E9, 0x92E9, 0x9AE9, 0x9B09, 0x9B09, 0x9B09, 0x9B29, 0x9B2A, 0x9B4A, 0xA34A, 0xA34A,
    0xA36A, 0xA36A, 0xA36A, 0xA34A, 0x196C, 0x2251, 0x3315, 0x2AF3, 0x1A72, 0x09AE, 0x090A, 0x0085,
    0x0085, 0x0085, 0x0084, 0x0884, 0x0885, 0x0885, 0x0886, 0x0886, 0x090B, 0x1A12, 0x2B16, 0x2B16,
    0x1A93, 0x1A12, 0x1A12, 0x1A12, 0x1A12, 0x1A12, 0x1A12, 0x1A12, 0x19F2, 0x19F2, 0x19F2, 0x19F3,
    0x19F3, 0x1A13, 0x2213, 0x2214, 0x2214, 0x2235, 0x3AB9, 0x745E, 0x849E, 0x539D, 0x1A58, 0x32BA,
    0x63DE, 0x84BE, 0x8CDE, 0x94FE, 0x951E, 0x84BE, 0x4B7C, 0x2279, 0x433D, 0x8CDF, 0x9D1F, 0x5BBE,
    0x227A, 0x2ABA, 0x63DE, 0x8CBF, 0x7C5F, 0x3AFC, 0x2A99, 0x2AB9, 0x2A99, 0x327A, 0x2A79, 0x2A59,
    0x2A78, 0x2278, 0x2A78, 0x2A78, 0x2A58, 0x2A58, 0x2A57, 0x2257, 0x2236, 0x2236, 0x2216, 0x2215,
    0x2215, 0x2214, 0x1A13, 0x2213, 0x2212, 0x2212, 0x21F2, 0x21F1, 0x21F1, 0x21F0, 0x19F0, 0x19F0,
    0x19EF, 0x19F0, 0x21F0, 0x21EF, 0x21EF, 0x220F, 0x220F, 0x222F, 0x222F, 0x220F, 0x220F, 0x220F,
    0x2230, 0x2230, 0x11CE, 0x094C, 0x0909, 0x08A6, 0x0885, 0x08A5, 0x08A4, 0x08A4, 0x10C5, 0x1927,
    0x298A, 0x2A0E, 0x2A2F, 0x324F, 0x322E, 0x29ED, 0x19AD, 0x29CD, 0x39EC, 0x31EC, 0x31EC, 0x39EC,
    0x29CC, 0x4A6F, 0x626C, 0x51EA, 0x41EB, 0x49C8, 0x318A, 0x3148, 0x61C6, 0x8A68, 0x9AC8, 0xC369,
    0xAAE7, 0x6963, 0x79E4, 0x79C4, 0x8A26, 0x6184, 0x4923, 0x7205, 0x9AA7, 0xB308, 0xBB28, 0xA2A6,
    0x5942, 0x5922, 0x8204, 0x9A85, 0xB2E6, 0x9265, 0x79E4, 0x8A45, 0xBB47, 0xB2E7, 0xA286, 0x9246,
    0x8226, 0x69C4, 0x69C4, 0x92E9, 0x51C5, 0x6247, 0x6247, 0x6226, 0x6A87, 0x51E5, 0x8BCD, 0xBCD1,
    0x8B2A, 0x4964, 0x9287, 0xA2A6, 0xB348, 0xBB89, 0xBB89, 0xBBAA, 0xC3CA, 0xD42B, 0xDC6C, 0xDC8D,
    0xDCAD, 0xDCCD, 0xE4CD, 0xDCAD, 0xDC8C, 0xDC8C, 0xDC6C, 0xD44B, 0xD42B, 0xD42B, 0xC3EA, 0xA308,
    0x9286, 0x7A05, 0x69C4, 0x5983, 0x5143, 0x4922, 0x4102, 0x40E2, 0x38E2, 0x38C2, 0x38E2, 0x4122,
    0x4942, 0x4942, 0x5963, 0x69A4, 0x9245, 0x79C4, 0x6182, 0x81E2, 0x79C1, 0x38C0, 0x2880, 0x5121,
    0x5101, 0x5941, 0x6961, 0x5921, 0x9A82, 0xC363, 0xAAE3, 0xE426, 0xE446, 0xB326, 0x7A66, 0x8267,
    0x3967, 0x4186, 0x59C6, 0x2126, 0x18E6, 0x10C5, 0x4125, 0x28E5, 0x10C5, 0x10C5, 0x1907, 0x2169,
    0x218B, 0x31EB, 0x29EB, 0x2949, 0x30C4, 0x3882, 0x4084, 0x40A4, 0x3082, 0x2881, 0x30C2, 0x3943,
    0x4985, 0x51A6, 0x5186, 0x4145, 0x3104, 0x28E4, 0x40E4, 0x58C3, 0x48A2, 0x2082, 0x18A3, 0x18A3,
    0x18C4, 0x20C4, 0x58C4, 0x90E2, 0x9102, 0x6963, 0x5164, 0x3924, 0x38C3, 0x58A2, 0x88E1, 0x8900,
    0x58E1, 0x30C3, 0x28E4, 0x20C4, 0x18C3, 0x18A2, 0x3082, 0x60A2, 0x88E1, 0x8922, 0x7183, 0x7205,
    0x7A66, 0x82A7, 0x8AA8, 0x8AA8, 0x8AC9, 0x92C9, 0x92E9, 0x92E9, 0x9B09, 0x9B09, 0x9B09, 0x92E9,
    0x92E9, 0x92E9, 0x92E9, 0x9309, 0x9B0A, 0x9B2A, 0x9B2A, 0x9B2A, 0x9B4A, 0x9B4A, 0x9B4A, 0xA34A,
    0x114B, 0x1A10, 0x2AD4, 0x2AD3, 0x1A72, 0x11AF, 0x090B, 0x0885, 0x0885, 0x0885, 0x0084, 0x0884,
    0x0885, 0x0885, 0x0886, 0x0886, 0x092A, 0x1211, 0x22F5, 0x22F5, 0x1A93, 0x1A12, 0x1A12, 0x1A12,
    0x1A32, 0x1A12, 0x1A12, 0x1A11, 0x1A12, 0x19F2, 0x19F2, 0x19F2, 0x19F2, 0x1A13, 0x2213, 0x2214,
    0x2234, 0x1A14, 0x431B, 0x7C9E, 0x849E, 0x433C, 0x1A37, 0x2A9A, 0x4B5D, 0x641E, 0x539D, 0x63DE,
    0x84BE, 0x7C9E, 0x435C, 0x2279, 0x3B1C, 0x8CDF, 0x9D1F, 0x5BDE, 0x2279, 0x2A99, 0x535D, 0x73FE,
    0x63BF, 0x32DB, 0x2A99, 0x2A99, 0x2A79, 0x3279, 0x2A79, 0x2A58, 0x2A78, 0x2A78, 0x2A77, 0x2A57,
    0x2A57, 0x2A57, 0x2A36, 0x2A36, 0x2236, 0x2215, 0x2215, 0x2215, 0x2214, 0x1A13, 0x1A13, 0x2212,
    0x2212, 0x2212, 0x21F2, 0x21F1, 0x21F1, 0x21F0, 0x19F0, 0x21F0, 0x220F, 0x19F0, 0x21F0, 0x2210,
    0x220F, 0x220F, 0x222F, 0x222F, 0x222F, 0x220F, 0x21EF, 0x220F, 0x2230, 0x1A30, 0x11CE, 0x094C,
    0x0909, 0x08A6, 0x0885, 0x10A5, 0x0884, 0x08A4, 0x10C5, 0x1927, 0x29AB, 0x2A2E, 0x2A4F, 0x324F,
    0x322E, 0x3A2D, 0x320D, 0x320D, 0x39EB, 0x29EC, 0x21ED, 0x39EC, 0x420D, 0x4A6F, 0x6A6B, 0x49CA,
    0x49CA, 0x3989, 0x318A, 0x4146, 0x3126, 0x8AEA, 0xC38A, 0xBB28, 0x69C4, 0x71A3, 0xAAA6, 0x8A25,
    0x8A25, 0x69A4, 0x5143, 0x7A05, 0xA2E7, 0xAB07, 0xAAE7, 0x69A4, 0x48E1, 0x79A3, 0x9A65, 0xB2E6,
    0x9A64, 0x79C3, 0x8224, 0xBB47, 0xBB47, 0xB2E6, 0xBB48, 0xC389, 0xB308, 0xAB08, 0x9AC7, 0x8225,
    0xA34A, 0x82C9, 0x59E7, 0x5A06, 0x5A06, 0x93CD, 0xC553, 0xBCF2, 0xB44F, 0x7206, 0x71E4, 0xB348,
    0xB328, 0xBBA9, 0xBBA9, 0xBBAA, 0xC3EA, 0xD42B, 0xDC6C, 0xDCAD, 0xDCAD, 0xE4CD, 0xE4CD, 0xDCAD,
    0xDC8C, 0xDC8C, 0xD46C, 0xD44B, 0xCC0B, 0xCBCA, 0xAB28, 0x9286, 0x8225, 0x69C4, 0x5983, 0x5963,
    0x5163, 0x4942, 0x4922, 0x4922, 0x4102, 0x38E2, 0x30C1, 0x38E1, 0x4101, 0x38E1, 0x40E2, 0x4902,
    0x5122, 0x71A3, 0x69A2, 0x81E2, 0x8A02, 0x30A0, 0x2880, 0x5921, 0x5101, 0x5921, 0x71A1, 0x5920,
    0x8A22, 0xDBE4, 0xCB84, 0xCB85, 0xA2C6, 0xAB27, 0x7246, 0x6A27, 0x7226, 0x59A6, 0x2947, 0x2126,
    0x18E6, 0x18E6, 0x4145, 0x18E5, 0x10C5, 0x10E6, 0x1907, 0x216A, 0x218B, 0x218B, 0x218A, 0x2948,
    0x38A4, 0x3882, 0x3862, 0x3862, 0x3061, 0x3061, 0x30C1, 0x3943, 0x49A5, 0x51A6, 0x4166, 0x3925,
    0x28E4, 0x30E5, 0x48E4, 0x58C3, 0x3882, 0x2082, 0x18A3, 0x18C3, 0x18C4, 0x18C4, 0x48C4, 0x9103,
    0xA162, 0x7162, 0x4123, 0x30E3, 0x38A3, 0x70C2, 0x9901, 0x8101, 0x48E2, 0x3904, 0x3104, 0x20E3,
    0x18C3, 0x18A2, 0x28A2, 0x60C2, 0x9922, 0x9122, 0x6962, 0x69E5, 0x7A67, 0x8AC8, 0x8AA8, 0x8AA9,
    0x8AC9, 0x8AC9, 0x8AE9, 0x92E9, 0x92E9, 0x92E9, 0x92E9, 0x92E9, 0x92C9, 0x92E9, 0x92E9, 0x9309,
    0x9B0A, 0x9B2A, 0x9B2A, 0x9B2A, 0x9B4A, 0x9B4A, 0x9B4A, 0x9B4A, 0x0907, 0x118C, 0x1A51, 0x1A52,
    0x1A32, 0x11AF, 0x090A, 0x0886, 0x0886, 0x0885, 0x0084, 0x0884, 0x0885, 0x0885, 0x0886, 0x0886,
    0x0929, 0x120F, 0x1AD4, 0x22F4, 0x1A73, 0x1A32, 0x1A32, 0x1A32, 0x1A32, 0x1A32, 0x1A32, 0x1A12,
    0x19F2, 0x19F2, 0x19F2, 0x19F2, 0x19F2, 0x1A13, 0x1A13, 0x2213, 0x2214, 0x2214, 0x4B3B, 0x84BE,
    0x849E, 0x3B1C, 0x1A38, 0x2258, 0x2ABA, 0x32DA, 0x2A7A, 0x5BDE, 0x94FE, 0x84BF, 0x3B3C, 0x2259,
    0x3B1C, 0x84BF, 0x94FF, 0x5BDE, 0x2279, 0x2A78, 0x32BB, 0x4B1D, 0x3AFC, 0x2A79, 0x2A79, 0x2A79,
    0x2A78, 0x2A79, 0x2A59, 0x2A58, 0x2A58, 0x2A77, 0x2A57, 0x2A57, 0x2A57, 0x2A36, 0x2A36, 0x2A35,
    0x2A35, 0x2215, 0x2214, 0x2214, 0x2213, 0x1A13, 0x1A12, 0x1A12, 0x2212, 0x2212, 0x21F1, 0x21F1,
    0x2211, 0x2210, 0x2210, 0x2210, 0x2210, 0x2210, 0x2210, 0x2210, 0x2210, 0x222F, 0x222F, 0x222F,
    0x222F, 0x220F, 0x21F0, 0x21EF, 0x2230, 0x1A10, 0x11CE, 0x094B, 0x0909, 0x08A6, 0x0885, 0x08A5,
    0x0884, 0x08A4, 0x10C5, 0x1907, 0x298B, 0x2A2E, 0x324F, 0x324F, 0x424D, 0x3A2D, 0x324E, 0x29ED,
    0x29EC, 0x29ED, 0x29ED, 0x4A0C, 0x31ED, 0x62AE, 0x6A29, 0x41CB, 0x49CA, 0x39A9, 0x3967, 0x3947,
    0x296A, 0x932B, 0xCB8A, 0x9286, 0x5122, 0xA2A6, 0x9265, 0x9245, 0x9225, 0x71E5, 0x5984, 0x8A66,
    0xAB08, 0xA2C7, 0x79E5, 0x4902, 0x6163, 0x9224, 0xAAA5, 0x9224, 0x81E3, 0x8A24, 0xB2E7, 0xC347,
    0xBB06, 0xC388, 0xD40B, 0xCBEB, 0xC3CA, 0xC3CA, 0xBB89, 0xB369, 0xAB08, 0xB38B, 0xA32A, 0x9B0A,
    0xA32A, 0xC44E, 0xBC6E, 0xB42E, 0xABAC, 0xA2C8, 0x81C5, 0xB369, 0xCBCA, 0xC3A9, 0xC3EA, 0xC3EB,
    0xCC0B, 0xD42B, 0xDC6C, 0xDCAD, 0xDCCE, 0xE4EE, 0xE4CD, 0xDC8D, 0xDC6C, 0xD44B, 0xD42B, 0xCBEA,
    0xC3A9, 0xBB48, 0xAB07, 0xAAE7, 0xA2C6, 0x9AA6, 0x9286, 0x8A65, 0x8225, 0x7A25, 0x71E4, 0x69C4,
    0x71E5, 0x69C5, 0x69C4, 0x69E4, 0x69C3, 0x61A3, 0x5143, 0x4902, 0x38A1, 0x48E1, 0x79C2, 0x9222,
    0x81E2, 0x30A0, 0x2880, 0x5921, 0x5921, 0x4901, 0x79C1, 0x7181, 0x81E2, 0xDBE4, 0xBB24, 0xB2E5,
    0x7A66, 0x7A66, 0x9AA6, 0x6A06, 0x7A26, 0x2147, 0x3166, 0x3126, 0x10E6, 0x20E6, 0x4146, 0x1106,
    0x18E5, 0x1906, 0x2128, 0x216A, 0x216B, 0x214A, 0x2149, 0x3128, 0x38A3, 0x3861, 0x3042, 0x3042,
    0x3861, 0x3861, 0x28A1, 0x3123, 0x4185, 0x4986, 0x3945, 0x3104, 0x30E4, 0x38E5, 0x5104, 0x50C3,
    0x2882, 0x1883, 0x18A3, 0x18C3, 0x10C3, 0x18C4, 0x40C4, 0x9944, 0xB1A2, 0x7962, 0x30E3, 0x28C3,
    0x40A2, 0x80E1, 0xA941, 0x8121, 0x40E2, 0x3924, 0x3925, 0x28E4, 0x18C3, 0x18C3, 0x20A3, 0x60C2,
    0xA962, 0xA962, 0x7162, 0x69E5, 0x7A67, 0x8287, 0x7A66, 0x8287, 0x8AC9, 0x8AC9, 0x8AC9, 0x8AE9,
    0x92E9, 0x92E9, 0x92E9, 0x92E9, 0x92C9, 0x92E9, 0x92E9, 0x9309, 0x9B0A, 0x9B0A, 0x9B0A, 0x9B2A,
    0x9B2A, 0x9B2A, 0x9B2A, 0x9B2A, 0x0905, 0x0949, 0x11EE, 0x1210, 0x11F0, 0x118E, 0x090A, 0x08A6,
    0x08A6, 0x0885, 0x0084, 0x0884, 0x08A5, 0x0886, 0x0886, 0x08A6, 0x0928, 0x11EF, 0x1AB3, 0x22D4,
    0x1A73, 0x1A32, 0x1A32, 0x1A32, 0x1A32, 0x1A32, 0x1A32, 0x1A12, 0x1A12, 0x19F2, 0x19F2, 0x19F2,
    0x19F2, 0x1A12, 0x1A13, 0x2214, 0x2214, 0x2214, 0x4B3B, 0x84BE, 0x84BE, 0x3B3C, 0x1A58, 0x2278,
    0x2278, 0x2278, 0x3ADB, 0x745E, 0x951E, 0x7C9E, 0x32FB, 0x2258, 0x3ADB, 0x741E, 0x7C5E, 0x537D,
    0x2279, 0x2A78, 0x2A78, 0x2A79, 0x2A79, 0x3279, 0x3279, 0x2A79, 0x2A78, 0x2A58, 0x2A59, 0x2A58,
    0x2A58, 0x2A57, 0x2A57, 0x2A57, 0x2A37, 0x2A36, 0x2A36, 0x2A35, 0x2235, 0x2214, 0x2214, 0x2214,
    0x2213, 0x1A13, 0x1A12, 0x2212, 0x2212, 0x2212, 0x2212, 0x2211, 0x2210, 0x2210, 0x2210, 0x2210,
    0x2210, 0x2210, 0x2210, 0x2210, 0x222F, 0x222F, 0x222F, 0x222F, 0x220F, 0x220F, 0x21F0, 0x220F,
    0x2230, 0x1A2F, 0x11CD, 0x094B, 0x0909, 0x08A6, 0x0885, 0x08A5, 0x0884, 0x08A4, 0x08C5, 0x1907,
    0x29AB, 0x2A2F, 0x2A4F, 0x426E, 0x324E, 0x29EC, 0x31EC, 0x29ED, 0x21CD, 0x29ED, 0x5A4B, 0x3A0C,
    0x29CD, 0x72CD, 0x620A, 0x4A0C, 0x51C9, 0x39A9, 0x3967, 0x3169, 0x298B, 0x7249, 0xC369, 0x71E4,
    0x79E4, 0xA286, 0x9245, 0xAAC7, 0x9225, 0x7A06, 0x69C4, 0x9AA7, 0xA2C7, 0x8A46, 0x6164, 0x5122,
    0x81E4, 0x9A44, 0x81C3, 0x8A03, 0xA285, 0xAAA6, 0xC307, 0xBB07, 0xCB88, 0xD42B, 0xDC4C, 0xD44C,
    0xD42B, 0xC3C9, 0xCBEA, 0xCC0B, 0xC3EB, 0xBBAA, 0xB349, 0xB349, 0xAB08, 0xAB28, 0xB369, 0xBB69,
    0xB349, 0xB308, 0xAB09, 0xA2C7, 0xDCAD, 0xD46C, 0xCC2C, 0xC42C, 0xCC2C, 0xD42B, 0xDC8C, 0xDCCE,
    0xE4CE, 0xE4EE, 0xE4CE, 0xDCAD, 0xDC8C, 0xD44B, 0xCC0A, 0xBB89, 0xB327, 0xA2C6, 0xA2C6, 0xA2C6,
    0xA2C6, 0xA2E7, 0xAB07, 0xB348, 0xB369, 0xBB89, 0xC3AA, 0xC3EB, 0xCBEC, 0xCC0C, 0xC3EB, 0xC3CA,
    0xBBA9, 0xAB28, 0x9286, 0x79E5, 0x5123, 0x40C1, 0x8202, 0x9A62, 0x5941, 0x28A0, 0x38C1, 0x5941,
    0x6161, 0x5101, 0x8A01, 0x79C1, 0x8A22, 0xDC04, 0xCBA5, 0xB305, 0xB388, 0x8AC7, 0x4985, 0x92A6,
    0x8AA7, 0x2967, 0x4186, 0x3167, 0x1907, 0x2926, 0x2906, 0x10E6, 0x1906, 0x2946, 0x2148, 0x214A,
    0x214A, 0x2108, 0x2908, 0x30E7, 0x30A3, 0x3061, 0x2841, 0x2841, 0x3841, 0x3861, 0x2881, 0x30E3,
    0x3945, 0x3966, 0x3126, 0x2904, 0x30E4, 0x48E4, 0x5104, 0x48C3, 0x28A2, 0x20A3, 0x18C4, 0x18C4,
    0x18E3, 0x18C3, 0x38C4, 0x9144, 0xB9C3, 0x8982, 0x30E3, 0x28A3, 0x48A2, 0x88E1, 0xA961, 0x7921,
    0x4102, 0x4144, 0x4145, 0x2904, 0x18C3, 0x18C3, 0x20A3, 0x60C2, 0xB182, 0xB1A2, 0x7962, 0x69E5,
    0x8287, 0x8AA7, 0x7A66, 0x8267, 0x8AA9, 0x8AC9, 0x8AC9, 0x92C9, 0x92E9, 0x92E9, 0x92E9, 0x92E9,
    0x92C9, 0x92E9, 0x9309, 0x9309, 0x9B0A, 0x9B0A, 0x9B2A, 0x9B2A, 0x9B2A, 0x9B2A, 0x9B2A, 0x9B2A,
    0x0925, 0x0948, 0x118B, 0x118C, 0x118D, 0x094B, 0x0909, 0x08C7, 0x08C7, 0x08A5, 0x0084, 0x0884,
    0x08A5, 0x0886, 0x0886, 0x08A6, 0x094A, 0x1A30, 0x22B4, 0x22B4, 0x1A73, 0x1A32, 0x2232, 0x2232,
    0x1A32, 0x1A32, 0x1A32, 0x1A12, 0x1A12, 0x19F2, 0x19F2, 0x19F2, 0x19F2, 0x1A12, 0x1A13, 0x2214,
    0x2234, 0x2214, 0x42FA, 0x7C9E, 0x84DE, 0x4B7D, 0x1A58, 0x2A98, 0x2278, 0x2A9A, 0x5BBE, 0x84BE,
    0x951E, 0x6C3E, 0x32DA, 0x2278, 0x2A79, 0x4B1C, 0x535D, 0x32BB, 0x2278, 0x2A78, 0x2A78, 0x2A78,
    0x2A79, 0x3279, 0x2A78, 0x2A78, 0x2A58, 0x2A58, 0x2A58, 0x2A58, 0x2A78, 0x2A57, 0x2A57, 0x2A57,
    0x2A37, 0x2A36, 0x2A36, 0x2A35, 0x2A35, 0x2214, 0x2214, 0x2214, 0x2213, 0x2213, 0x1A12, 0x1A12,
    0x1A12, 0x2212, 0x2212, 0x2211, 0x2210, 0x2210, 0x2210, 0x2210, 0x2210, 0x2210, 0x2210, 0x2230,
    0x222F, 0x222F, 0x222F, 0x222F, 0x220F, 0x220F, 0x21F0, 0x220F, 0x2250, 0x222F, 0x11AD, 0x094B,
    0x0909, 0x08A6, 0x0885, 0x08A5, 0x08A4, 0x08A4, 0x08C5, 0x2127, 0x29AB, 0x2A2F, 0x3A4F, 0x3A6E,
    0x2A4F, 0x320C, 0x21CC, 0x21CC, 0x21ED, 0x4A2C, 0x522C, 0x21EE, 0x3A2D, 0x6A8C, 0x5A2B, 0x622B,
    0x49A8, 0x39CA, 0x3988, 0x318B, 0x41CB, 0x49A8, 0x92A8, 0x6983, 0xA286, 0x9245, 0xAAC6, 0xAAC7,
    0x9225, 0x7A06, 0x7206, 0x9AA7, 0x8246, 0x8A46, 0x5943, 0x6963, 0x89E3, 0x79A3, 0x9224, 0xA285,
    0x9A24, 0xC307, 0xC327, 0xCB88, 0xDC2B, 0xDC4B, 0xDC8C, 0xDC6D, 0xDC8D, 0xD44B, 0xCC0A, 0xCBEA,
    0xCBEA, 0xCBCA, 0xCBEB, 0xC3CA, 0xC3CA, 0xBB89, 0xC3A9, 0xC369, 0xC3AA, 0xCC0B, 0xCC2C, 0xCC2C,
    0xDCEE, 0xDD0F, 0xD48E, 0xCC4C, 0xD46C, 0xD44C, 0xDC8D, 0xDCCE, 0xE50F, 0xE50F, 0xE4CE, 0xDCAD,
    0xDC6C, 0xD42A, 0xC3A9, 0xA2E6, 0x9265, 0x9265, 0x9AA6, 0xAB28, 0xBBA9, 0xC3EA, 0xCC0B, 0xCC4B,
    0xD44C, 0xD46C, 0xD46C, 0xD44C, 0xD42C, 0xCC0C, 0xCBEB, 0xC3CA, 0xBBA9, 0xB348, 0xAB08, 0x9A86,
    0x8205, 0x6962, 0x9263, 0x9242, 0x4900, 0x30A0, 0x40E1, 0x6141, 0x6161, 0x5101, 0x8A22, 0x81E1,
    0x81E2, 0xD3E4, 0xD406, 0xAB26, 0xD407, 0xB367, 0x8245, 0x8A86, 0x7A67, 0x49A7, 0x3167, 0x4187,
    0x2127, 0x3926, 0x18E6, 0x10E6, 0x1106, 0x2926, 0x1907, 0x1908, 0x18E7, 0x28A5, 0x28A5, 0x28A5,
    0x2883, 0x2042, 0x2041, 0x1841, 0x2841, 0x3041, 0x2861, 0x28C2, 0x3125, 0x3146, 0x2926, 0x3105,
    0x40E4, 0x5104, 0x5123, 0x40E3, 0x20A3, 0x20C4, 0x18C4, 0x18C4, 0x18E3, 0x18C4, 0x38A4, 0x9144,
    0xC203, 0x91A2, 0x38E2, 0x28A3, 0x48A2, 0x9101, 0xA141, 0x6921, 0x4103, 0x4965, 0x4165, 0x2904,
    0x20C3, 0x20C3, 0x20A3, 0x60E3, 0xB182, 0xB1A2, 0x7962, 0x7205, 0x8AA7, 0x92E8, 0x82A8, 0x82A8,
    0x8AC9, 0x8AC9, 0x8AC9, 0x8AE9, 0x92E9, 0x92E9, 0x92E9, 0x92E9, 0x92E9, 0x92E9, 0x9309, 0x9309,
    0x9309, 0x9309, 0x92E9, 0x92E9, 0x9309, 0x9B2A, 0x8AC9, 0x7A68, 0x0925, 0x0926, 0x0947, 0x0947,
    0x0928, 0x0928, 0x092A, 0x094B, 0x0929, 0x08C6, 0x0084, 0x0884, 0x08A5, 0x0885, 0x0886, 0x08A6,
    0x118B, 0x1A52, 0x22D5, 0x22B5, 0x1A74, 0x2253, 0x2253, 0x2253, 0x2252, 0x1A32, 0x1A12, 0x1A12,
    0x1A12, 0x1A12, 0x19F2, 0x19F2, 0x1A12, 0x1A12, 0x1A13, 0x2213, 0x2234, 0x2234, 0x32B9, 0x743E,
    0x84BE, 0x6C3E, 0x2ABA, 0x2258, 0x2A9A, 0x5BBE, 0x7C9E, 0x8CDE, 0x8CDE, 0x539D, 0x32DA, 0x2278,
    0x2278, 0x2278, 0x2A99, 0x2278, 0x2A78, 0x2A78, 0x2A58, 0x2A78, 0x2A78, 0x2A78, 0x2A78, 0x2A78,
    0x2A58, 0x2A59, 0x3258, 0x2A58, 0x2A58, 0x2A78, 0x2A57, 0x2A57, 0x2A57, 0x2A37, 0x2A36, 0x2A35,
    0x2A35, 0x2214, 0x2214, 0x2213, 0x2213, 0x2213, 0x2212, 0x1A11, 0x1A11, 0x2212, 0x2211, 0x2211,
    0x2230, 0x2230, 0x2210, 0x2210, 0x2210, 0x2210, 0x2210, 0x222F, 0x222F, 0x222E, 0x222E, 0x222F,
    0x220F, 0x220F, 0x2210, 0x2210, 0x2250, 0x222F, 0x11AD, 0x094B, 0x0909, 0x08A6, 0x08A5, 0x08A5,
    0x08A4, 0x08A4, 0x10C4, 0x1906, 0x218B, 0x3A4F, 0x426F, 0x324F, 0x2A2E, 0x2A2D, 0x29ED, 0x21CC,
    0x3A0C, 0x522B, 0x320E, 0x320D, 0x424E, 0x72AB, 0x6A4B, 0x6209, 0x39AA, 0x31AA, 0x3189, 0x31CD,
    0x49C9, 0x39A9, 0x5165, 0x9224, 0xAAC6, 0x9245, 0xAAC6, 0xB2E7, 0x9225, 0x7A26, 0x8267, 0x8247,
    0x9287, 0x8226, 0x5102, 0x6142, 0x7162, 0xA264, 0xA264, 0x9204, 0xBAA5, 0xCB48, 0xCB68, 0xDBEA,
    0xE44C, 0xE46C, 0xE48C, 0xE4AD, 0xE4AD, 0xDCAD, 0xDC8D, 0xD44C, 0xD40B, 0xCBEB, 0xCBCA, 0xC3A9,
    0xC389, 0xC389, 0xBB89, 0xBB89, 0xC389, 0xC3CA, 0xD42C, 0xDC8D, 0xDCAD, 0xDCEF, 0xD46D, 0xD46D,
    0xD46D, 0xD46C, 0xDC8D, 0xE4CE, 0xE530, 0xE530, 0xE4EE, 0xDC8D, 0xD44C, 0xCBEA, 0xAB07, 0x8225,
    0x8225, 0x9AE7, 0xBBA9, 0xC3CA, 0xC3C9, 0xC3C9, 0xCBEA, 0xD42B, 0xD46C, 0xDC8C, 0xD46C, 0xD42C,
    0xCC0B, 0xCBCA, 0xC3AA, 0xBB89, 0xB368, 0xAB07, 0xA2C6, 0x9A65, 0x9224, 0xAA84, 0xCB45, 0x8202,
    0x40C0, 0x48E0, 0x48E1, 0x6941, 0x6141, 0x5101, 0x9242, 0x81E1, 0x8A02, 0xC364, 0xE467, 0xAB27,
    0xCB66, 0xA2C6, 0x59C6, 0x8A87, 0x41A7, 0x2947, 0x2147, 0x4986, 0x2927, 0x2106, 0x18E6, 0x10E6,
    0x1906, 0x18E5, 0x08A4, 0x10A5, 0x1884, 0x2863, 0x2863, 0x2062, 0x1841, 0x1842, 0x1842, 0x1042,
    0x2042, 0x2841, 0x2861, 0x28A2, 0x28E5, 0x2927, 0x2907, 0x30E5, 0x48E3, 0x6103, 0x5943, 0x3903,
    0x20C3, 0x20C4, 0x20C4, 0x18C3, 0x18C3, 0x18E4, 0x38C4, 0x9984, 0xCA63, 0x99C2, 0x38E2, 0x28A3,
    0x58A2, 0x9941, 0xA161, 0x6101, 0x4123, 0x4965, 0x4965, 0x3104, 0x20E3, 0x20C3, 0x28C3, 0x68E3,
    0xB982, 0xB1A2, 0x7983, 0x7204, 0x8AA7, 0x9309, 0x8AC9, 0x8AC9, 0x8AC9, 0x8AC9, 0x8AC9, 0x8AE9,
    0x92E9, 0x8AC9, 0x8288, 0x8288, 0x92C9, 0x92E9, 0x82A8, 0x8AC8, 0x9309, 0x82A9, 0x6A07, 0x7A67,
    0x9309, 0x9309, 0x6206, 0x4964, 0x0925, 0x0946, 0x0966, 0x0925, 0x0905, 0x0927, 0x096B, 0x11AD,
    0x118C, 0x0908, 0x0084, 0x0884, 0x0885, 0x0885, 0x0885, 0x08A6, 0x118C, 0x1A52, 0x22D5, 0x22B5,
    0x1A74, 0x2253, 0x2253, 0x2252, 0x2252, 0x1A32, 0x2232, 0x2212, 0x1A12, 0x1A12, 0x1A12, 0x19F2,
    0x1A12, 0x1A12, 0x1A13, 0x2213, 0x2234, 0x2234, 0x2256, 0x5BBD, 0x7C9E, 0x7C9E, 0x641E, 0x4B7D,
    0x641E, 0x84BE, 0x84BE, 0x7CBE, 0x5BBD, 0x3B1C, 0x2AB9, 0x2257, 0x2278, 0x2277, 0x2277, 0x2A77,
    0x2A78, 0x2A57, 0x2A58, 0x2A78, 0x2A78, 0x2A78, 0x2A78, 0x2A78, 0x2A58, 0x3279, 0x2A58, 0x3279,
    0x42FB, 0x4B5C, 0x4B1B, 0x3299, 0x2A37, 0x3237, 0x2A36, 0x2A35, 0x2A35, 0x2A34, 0x2214, 0x2233,
    0x2233, 0x2213, 0x2212, 0x1A11, 0x1A11, 0x2211, 0x2211, 0x2231, 0x2230, 0x2230, 0x2230, 0x2210,
    0x2230, 0x2230, 0x2A10, 0x2A2F, 0x222F, 0x222E, 0x222E, 0x222F, 0x222F, 0x2210, 0x2210, 0x2230,
    0x2250, 0x222F, 0x11CD, 0x094B, 0x0909, 0x08A6, 0x08A5, 0x08A5, 0x08A4, 0x08A4, 0x10C4, 0x1906,
    0x21AB, 0x426F, 0x3A90, 0x324E, 0x2A2E, 0x2A0D, 0x2A0D, 0x29ED, 0x31CC, 0x420B, 0x422C, 0x29ED,
    0x4A4D, 0x7AAA, 0x6A2A, 0x5A09, 0x31AB, 0x31AA, 0x31AB, 0x41CA, 0x49C9, 0x49A9, 0x5143, 0x69C5,
    0x9A85, 0x9A45, 0xB2E7, 0xB307, 0x9205, 0x8268, 0x7A89, 0x8A88, 0x9AC8, 0x69C4, 0x5102, 0x7983,
    0xA265, 0x9224, 0x9204, 0xBAA5, 0xCB28, 0xCB48, 0xD389, 0xDC0B, 0xE44B, 0xE48C, 0xE48D, 0xE48D,
    0xE4AD, 0xE4AD, 0xE4AD, 0xDCAD, 0xDC8D, 0xDC4D, 0xD42C, 0xD40B, 0xCC0B, 0xCC0B, 0xCC0B, 0xCC2C,
    0xCC2C, 0xCC2C, 0xCC2C, 0xD46D, 0xDCAE, 0xD4AE, 0xD46D, 0xD48D, 0xDC6D, 0xDC6C, 0xDC8D, 0xE4EF,
    0xE551, 0xE50F, 0xE4CE, 0xDC8D, 0xCC2B, 0xBB88, 0x9265, 0x8225, 0x9AE7, 0xB369, 0xA307, 0xA2E7,
    0xA2E7, 0xA2E7, 0xA308, 0xA308, 0xAB49, 0xBBA9, 0xC3AA, 0xCBEA, 0xCBCA, 0xCBAA, 0xBB69, 0xB348,
    0xAB27, 0xA2C6, 0x9A86, 0x9A45, 0xB2A5, 0xC345, 0xDBC5, 0x71A1, 0x40E0, 0x5121, 0x5921, 0x6961,
    0x6961, 0x5101, 0x9242, 0xAAA2, 0x9A82, 0xBB24, 0xEC67, 0x92E8, 0xA2E7, 0xA2C6, 0x3987, 0x6207,
    0x7206, 0x1927, 0x3987, 0x59A6, 0x2127, 0x18E7, 0x18E6, 0x10E6, 0x18C5, 0x08A3, 0x0882, 0x0862,
    0x1062, 0x2063, 0x3063, 0x2062, 0x1041, 0x1062, 0x1062, 0x1042, 0x2042, 0x2842, 0x2861, 0x2082,
    0x28E5, 0x2906, 0x2907, 0x30E5, 0x50C3, 0x6103, 0x5163, 0x3923, 0x28E4, 0x20E4, 0x20E4, 0x18C3,
    0x18E3, 0x18E4, 0x40C4, 0xA1C3, 0xD2A3, 0x99E2, 0x30C2, 0x28A2, 0x58C2, 0xA981, 0xB1C1, 0x6922,
    0x4123, 0x5165, 0x4965, 0x3124, 0x20E3, 0x20E3, 0x28C3, 0x68C3, 0xB142, 0xA982, 0x7983, 0x7224,
    0x82A7, 0x9309, 0x92E9, 0x8AC9, 0x8AC9, 0x8AC9, 0x8AC9, 0x92E9, 0x8AC9, 0x7247, 0x61E6, 0x59C5,
    0x7A68, 0x8288, 0x61C6, 0x6A06, 0x8AE9, 0x7247, 0x4144, 0x59C5, 0x9309, 0x82C8, 0x51A5, 0x3103,
    0x0925, 0x0967, 0x11AA, 0x0967, 0x0904, 0x0905, 0x0949, 0x118D, 0x11AE, 0x094B, 0x00C6, 0x0884,
    0x0885, 0x0885, 0x0885, 0x08A6, 0x118C, 0x1A52, 0x22D5, 0x22B5, 0x1A74, 0x1A53, 0x2253, 0x2252,
    0x2252, 0x1A52, 0x2232, 0x2212, 0x1A12, 0x1A12, 0x1A11, 0x1A11, 0x1A12, 0x1A12, 0x1A13, 0x2213,
    0x2214, 0x2234, 0x2234, 0x3AD9, 0x6C1E, 0x7C9E, 0x84BE, 0x84DF, 0x8CDE, 0x8CDE, 0x7C7E, 0x4B7C,
    0x2ABA, 0x32DA, 0x2277, 0x2257, 0x2257, 0x2A77, 0x2A77, 0x2A77, 0x2A77, 0x2A57, 0x2A58, 0x2A78,
    0x2A78, 0x2A78, 0x2A78, 0x2A78, 0x3279, 0x2A79, 0x3ADB, 0x5B9D, 0x741E, 0x7C3E, 0x741E, 0x63BD,
    0x3AB9, 0x2A37, 0x3236, 0x2A36, 0x2A35, 0x2A35, 0x2A34, 0x2233, 0x2233, 0x2212, 0x2212, 0x1A11,
    0x2211, 0x2211, 0x2231, 0x2231, 0x2230, 0x2230, 0x2230, 0x2230, 0x2230, 0x2210, 0x2A30, 0x2A2F,
    0x222F, 0x224E, 0x222E, 0x222F, 0x222F, 0x2A10, 0x2A10, 0x2230, 0x2270, 0x1A2F, 0x11CD, 0x094B,
    0x090A, 0x08A6, 0x08A5, 0x10A5, 0x10A4, 0x08A4, 0x10A4, 0x2127, 0x31CB, 0x3A6F, 0x3270, 0x3A6F,
    0x2A2E, 0x2A2E, 0x220D, 0x31ED, 0x31CB, 0x41EB, 0x320C, 0x29ED, 0x526C, 0x72AB, 0x6A29, 0x51EA,
    0x31AC, 0x39CA, 0x39CC, 0x49C8, 0x41CA, 0x51A6, 0x4124, 0x3145, 0x4965, 0x8205, 0xAAC6, 0x9A45,
    0x79A4, 0x7A27, 0x7A68, 0x92C9, 0x8A67, 0x5943, 0x6142, 0x9204, 0x89E4, 0x9A24, 0xBAA5, 0xC2E6,
    0xCB07, 0xD348, 0xDBCA, 0xE40B, 0xE46C, 0xE48D, 0xECCE, 0xE4AE, 0xE4AD, 0xE4AD, 0xE48D, 0xE4AD,
    0xDC8D, 0xDC6D, 0xDC8D, 0xDC8D, 0xDC6C, 0xD48D, 0xD48D, 0xD46D, 0xD46D, 0xDC8E, 0xDCCF, 0xDCEF,
    0xDCAE, 0xD4AD, 0xD48D, 0xDC8D, 0xD46C, 0xDC8D, 0xDCAE, 0xE4EF, 0xE551, 0xE50F, 0xDCAE, 0xD46C,
    0xC3EA, 0xAB07, 0x9286, 0xAB69, 0xBBA9, 0x9286, 0x7A25, 0x69C5, 0x61C5, 0x7226, 0x8287, 0xAB69,
    0xB3AA, 0xAB49, 0x9AC7, 0x9286, 0xA2C7, 0xAAE7, 0xB327, 0xAB07, 0xA2C6, 0x9A85, 0x9245, 0xA265,
    0xBAE5, 0xDBC6, 0xCB65, 0x40E0, 0x4900, 0x5921, 0x6121, 0x7181, 0x8203, 0x48E1, 0x8202, 0xAAA2,
    0xBB03, 0xC364, 0xE426, 0xBB88, 0x92C8, 0xA2C7, 0x6207, 0x49C7, 0x69E6, 0x3987, 0x3167, 0x49A7,
    0x2147, 0x1907, 0x18E6, 0x08C6, 0x08A4, 0x0883, 0x0862, 0x0842, 0x1042, 0x2062, 0x2862, 0x2062,
    0x1062, 0x0862, 0x0863, 0x1063, 0x1843, 0x2042, 0x2862, 0x2083, 0x20E4, 0x3127, 0x2927, 0x38E5,
    0x50C3, 0x6103, 0x5143, 0x4143, 0x3104, 0x28E4, 0x20E4, 0x20E4, 0x2903, 0x20E4, 0x48C4, 0xA9E3,
    0xCAA3, 0x91C2, 0x30C2, 0x28A2, 0x58C2, 0xA981, 0xB1C1, 0x7142, 0x4123, 0x5165, 0x4965, 0x3124,
    0x20E3, 0x20E3, 0x28C3, 0x68E3, 0xA102, 0x9942, 0x7183, 0x6A04, 0x82A7, 0x9309, 0x92E9, 0x8AC9,
    0x8AC9, 0x8AC9, 0x8AC9, 0x92E9, 0x7A88, 0x61E6, 0x59C5, 0x59C5, 0x7247, 0x7247, 0x3924, 0x4964,
    0x7A88, 0x59E6, 0x30E2, 0x61C6, 0x9309, 0x7267, 0x59C5, 0x51A5, 0x0904, 0x0947, 0x09A9, 0x0967,
    0x0904, 0x0904, 0x0925, 0x1169, 0x118C, 0x096C, 0x0908, 0x08A5, 0x0885, 0x0885, 0x0885, 0x08A6,
    0x098C, 0x1A52, 0x22D5, 0x22D5, 0x1A74, 0x1A53, 0x2253, 0x2252, 0x2252, 0x1A52, 0x2232, 0x2212,
    0x2212, 0x1A12, 0x1A11, 0x1A11, 0x1A11, 0x19F2, 0x1A12, 0x1A13, 0x2213, 0x2234, 0x2234, 0x2235,
    0x3AFA, 0x63FE, 0x745E, 0x7C7E, 0x7C7E, 0x6C1E, 0x431B, 0x2A58, 0x2A77, 0x2277, 0x2257, 0x2257,
    0x2A57, 0x2A57, 0x2A57, 0x2A77, 0x2A77, 0x2A77, 0x2A77, 0x2A78, 0x2A78, 0x2A98, 0x2A78, 0x2A98,
    0x2A79, 0x42FB, 0x6BDE, 0x7C5E, 0x7C7E, 0x849E, 0x847E, 0x7C3E, 0x5B5D, 0x2A37, 0x3236, 0x3236,
    0x2A35, 0x2A35, 0x2A34, 0x2233, 0x2233, 0x2212, 0x2212, 0x2211, 0x2211, 0x2211, 0x2231, 0x2231,
    0x2230, 0x2230, 0x2230, 0x2230, 0x2230, 0x2230, 0x2A30, 0x2A4F, 0x2A4F, 0x224F, 0x222F, 0x222F,
    0x222F, 0x2A10, 0x2A10, 0x2A30, 0x2250, 0x1A2F, 0x11AC, 0x094B, 0x090A, 0x10A6, 0x10A5, 0x10A5,
    0x10C4, 0x10C4, 0x18C4, 0x2127, 0x39CB, 0x3A4F, 0x326F, 0x324F, 0x2A2E, 0x2A2E, 0x2A0D, 0x2A0E,
    0x31CB, 0x49EA, 0x31EC, 0x31EC, 0x4A6E, 0x728B, 0x622A, 0x49CA, 0x31CD, 0x41CA, 0x41CA, 0x41C9,
    0x39AA, 0x5185, 0x4145, 0x3947, 0x2926, 0x3125, 0x3105, 0x3925, 0x20C3, 0x59C6, 0x92EB, 0x8288,
    0x69C4, 0x5122, 0x6963, 0x79A3, 0xA265, 0xBAA6, 0xBAC6, 0xCB07, 0xD348, 0xDBAA, 0xE40B, 0xE42B,
    0xE44C, 0xE48D, 0xECCE, 0xECEF, 0xECCE, 0xE48D, 0xE48C, 0xE48C, 0xE48D, 0xDC6C, 0xDC8D, 0xDC8D,
    0xDC8D, 0xDC8D, 0xDCAD, 0xDCAE, 0xDCCF, 0xE4EF, 0xDCCE, 0xDCAD, 0xDCAD, 0xDCAD, 0xDC8D, 0xDC8D,
    0xDC6D, 0xDC6D, 0xDC8D, 0xE4EF, 0xE510, 0xE4EF, 0xDC8D, 0xD44C, 0xBBA9, 0xA2E7, 0xA328, 0xCC2B,
    0xB389, 0xA2E8, 0x92A7, 0x7205, 0x3902, 0x1860, 0x1020, 0x1861, 0x4123, 0x6A05, 0x8287, 0x8A66,
    0x8226, 0x79E5, 0x79E4, 0x9265, 0x9A85, 0x9244, 0x8A04, 0x9A44, 0xC345, 0xEC67, 0xA2C4, 0x2880,
    0x5120, 0x6141, 0x6141, 0x9202, 0x7182, 0x40C1, 0x71A1, 0xB2C2, 0xC343, 0xCB63, 0xD3E6, 0xDC07,
    0xB368, 0x92C7, 0x8A87, 0x49C7, 0x51A7, 0x4187, 0x1927, 0x49A7, 0x3967, 0x2906, 0x18E6, 0x08C6,
    0x08A4, 0x0863, 0x1062, 0x1042, 0x1041, 0x2042, 0x2862, 0x2062, 0x1082, 0x1083, 0x0863, 0x0863,
    0x1863, 0x2062, 0x2062, 0x20A3, 0x28E5, 0x3947, 0x3127, 0x38E5, 0x50C3, 0x58E2, 0x4942, 0x4143,
    0x3944, 0x3104, 0x2904, 0x4944, 0x4964, 0x30E4, 0x50E4, 0xA9E3, 0xC2A3, 0x81A2, 0x28C2, 0x28A3,
    0x50C2, 0x9941, 0xA981, 0x6922, 0x4123, 0x4965, 0x4165, 0x2904, 0x18E3, 0x20C3, 0x30A3, 0x60E3,
    0x88E2, 0x8122, 0x6983, 0x6A04, 0x8287, 0x9309, 0x92E9, 0x92C9, 0x8AC9, 0x8AC9, 0x92E9, 0x8AC9,
    0x7247, 0x59C5, 0x7247, 0x82A8, 0x82A8, 0x7227, 0x3903, 0x3923, 0x61C6, 0x5185, 0x3103, 0x6206,
    0x8AE9, 0x6206, 0x59C5, 0x6A06, 0x08E3, 0x0925, 0x0947, 0x0945, 0x0924, 0x0924, 0x0924, 0x0946,
    0x1189, 0x118B, 0x094A, 0x08C7, 0x0885, 0x0885, 0x0885, 0x08A6, 0x11AE, 0x2274, 0x22F6, 0x22D5,
    0x1A74, 0x2253, 0x2273, 0x2272, 0x2252, 0x1A52, 0x1A32, 0x2232, 0x2212, 0x2212, 0x1A11, 0x1A11,
    0x1A11, 0x1A12, 0x1A12, 0x1A12, 0x2213, 0x2213, 0x2233, 0x2234, 0x1A34, 0x2A97, 0x3AFA, 0x3B1B,
    0x3AFA, 0x3298, 0x2A57, 0x2A77, 0x2A77, 0x2A57, 0x2A57, 0x2A57, 0x2A57, 0x2A57, 0x2A76, 0x2A77,
    0x2A77, 0x2A77, 0x2A78, 0x2A79, 0x2A78, 0x2A78, 0x2A98, 0x2A99, 0x3ADB, 0x6BFE, 0x7C5E, 0x7C5E,
    0x63DD, 0x537C, 0x7C3E, 0x847E, 0x6BDE, 0x3A99, 0x2A56, 0x3256, 0x3235, 0x2A35, 0x2A34, 0x2A33,
    0x2233, 0x2232, 0x2212, 0x2211, 0x2211, 0x2211, 0x2231, 0x2230, 0x2230, 0x2230, 0x2230, 0x2230,
    0x2230, 0x2230, 0x2A30, 0x2A4F, 0x224F, 0x224F, 0x224F, 0x222F, 0x2A2F, 0x2A30, 0x2A30, 0x2A2F,
    0x2250, 0x1A2F, 0x11AC, 0x094B, 0x090A, 0x10C6, 0x10C5, 0x10C5, 0x10C5, 0x10A4, 0x10C4, 0x2127,
    0x39CB, 0x3A4F, 0x326F, 0x324F, 0x2A2E, 0x2A2E, 0x2A0D, 0x21EE, 0x3A0C, 0x4A2B, 0x31EC, 0x422D,
    0x5A8E, 0x626B, 0x59E9, 0x41CA, 0x39EC, 0x49C8, 0x49EA, 0x41EB, 0x49C9, 0x5185, 0x4167, 0x3168,
    0x4166, 0x2926, 0x2106, 0x2906, 0x3105, 0x6207, 0x8AEA, 0x61C4, 0x5142, 0x6163, 0x79A4, 0xA245,
    0xBAA6, 0xB2A6, 0xC307, 0xD368, 0xDBC9, 0xE3EA, 0xE40B, 0xE44C, 0xE46C, 0xEC8D, 0xECCE, 0xECCE,
    0xECCE, 0xE4AD, 0xE48C, 0xE48C, 0xE48D, 0xE46C, 0xE48D, 0xE4AD, 0xE4AD, 0xE4CE, 0xE4EE, 0xE4EF,
    0xE4EF, 0xE4EF, 0xDCCE, 0xDCAD, 0xDCAD, 0xDC8D, 0xDC8D, 0xDC6C, 0xDC4C, 0xDC6D, 0xDC8D, 0xE4CE,
    0xE50F, 0xDCCE, 0xDC6C, 0xD40B, 0xBB89, 0xA308, 0xB369, 0xCBEA, 0xCC0B, 0xC3EA, 0xBBAA, 0xBB89,
    0xA308, 0x9286, 0x5984, 0x30C2, 0x1020, 0x0000, 0x0820, 0x2081, 0x38E2, 0x4923, 0x5963, 0x5982,
    0x71C3, 0x8204, 0x8A04, 0xAA84, 0xBB05, 0xE427, 0x8243, 0x3080, 0x5100, 0x79C1, 0x71A2, 0x89E2,
    0x81A2, 0x50E1, 0x6961, 0xAAC2, 0xD3A4, 0xCB84, 0xC344, 0xB327, 0xDC07, 0xBB67, 0x7A68, 0x7247,
    0x3987, 0x49A7, 0x3147, 0x3167, 0x4166, 0x2107, 0x18E7, 0x08C6, 0x0884, 0x1083, 0x1863, 0x1042,
    0x1041, 0x2042, 0x2062, 0x1882, 0x18A3, 0x10A4, 0x0883, 0x0863, 0x1863, 0x2062, 0x2082, 0x20A3,
    0x28E5, 0x3967, 0x3147, 0x38E5, 0x58A3, 0x58E2, 0x4122, 0x4163, 0x4165, 0x3125, 0x4124, 0x71C4,
    0x79E4, 0x4904, 0x58E4, 0xB203, 0xC283, 0x7182, 0x28C3, 0x28C3, 0x48C2, 0x9121, 0xA961, 0x7101,
    0x3903, 0x4144, 0x3944, 0x2903, 0x18E3, 0x20C3, 0x38A2, 0x68E2, 0x7902, 0x7122, 0x6183, 0x61E4,
    0x82A7, 0x9309, 0x92E9, 0x92E9, 0x92C9, 0x92C9, 0x92E9, 0x92E9, 0x7267, 0x51C5, 0x6206, 0x7A88,
    0x8AC9, 0x7227, 0x4964, 0x3924, 0x4144, 0x51A5, 0x4984, 0x6A06, 0x8288, 0x5184, 0x4964, 0x59E5,
    0x08E3, 0x0904, 0x0925, 0x0945, 0x0925, 0x0924, 0x0924, 0x1125, 0x1166, 0x11AA, 0x118B, 0x08E8,
    0x0886, 0x0886, 0x0885, 0x08C7, 0x11CF, 0x22B5, 0x2B17, 0x22D5, 0x1A94, 0x2253, 0x2273, 0x2272,
    0x2272, 0x2252, 0x2232, 0x2232, 0x2232, 0x2232, 0x1A31, 0x1A11, 0x1A11, 0x1A12, 0x19F2, 0x1A12,
    0x1A12, 0x2213, 0x2233, 0x2233, 0x2233, 0x2234, 0x2234, 0x2235, 0x2235, 0x2A56, 0x2A77, 0x2A77,
    0x2A56, 0x2A56, 0x2A56, 0x2A56, 0x2A56, 0x2A56, 0x2A77, 0x2A77, 0x2A77, 0x42BA, 0x533C, 0x5B7D,
    0x537D, 0x3AFB, 0x2A99, 0x2A9A, 0x5BBE, 0x847E, 0x849F, 0x63DE, 0x32BA, 0x2A7A, 0x63BD, 0x847E,
    0x741E, 0x42DA, 0x2A56, 0x3256, 0x3256, 0x2A55, 0x2A54, 0x2A33, 0x2A33, 0x2A33, 0x2232, 0x2212,
    0x2231, 0x2231, 0x2231, 0x2230, 0x2230, 0x2230, 0x2230, 0x2230, 0x2230, 0x2A30, 0x2A30, 0x2A4F,
    0x224F, 0x224F, 0x224F, 0x222F, 0x2A30, 0x2A30, 0x2A30, 0x2A50, 0x2270, 0x1A2F, 0x118C, 0x092B,
    0x0909, 0x10C6, 0x10C6, 0x10C5, 0x10C5, 0x08A4, 0x10C5, 0x2127, 0x31CB, 0x324F, 0x324F, 0x2A4F,
    0x2A2E, 0x2A2D, 0x2A0D, 0x21EE, 0x4A4D, 0x524C, 0x3A0C, 0x29ED, 0x628C, 0x628B, 0x59E8, 0x39CC,
    0x49E9, 0x51E8, 0x41EA, 0x39CB, 0x51A7, 0x4986, 0x41A9, 0x3167, 0x4166, 0x2968, 0x3946, 0x4125,
    0x4944, 0x6A27, 0x7268, 0x5163, 0x69A4, 0x8A46, 0x9246, 0xAA66, 0xAA86, 0xBAC6, 0xD388, 0xDBC9,
    0xDBCA, 0xE40B, 0xE42B, 0xEC4C, 0xEC6C, 0xEC8D, 0xECAE, 0xECCE, 0xECEF, 0xECEE, 0xECAD, 0xE48D,
    0xE48D, 0xE4AE, 0xE48D, 0xE4AD, 0xE4CE, 0xE4EE, 0xE4EF, 0xE50F, 0xE4EF, 0xE4CE, 0xDCAE, 0xDCAD,
    0xDCAD, 0xDC8D, 0xDC6C, 0xDC6C, 0xDC6D, 0xDC8D, 0xDCAE, 0xE4EF, 0xE4EF, 0xDCAD, 0xDC6C, 0xCBEA,
    0xBB89, 0xB348, 0xB369, 0xBB89, 0xB369, 0xB349, 0xB348, 0xB369, 0xBBCA, 0xBBAA, 0xAB49, 0xAB28,
    0x71E5, 0x4923, 0x1860, 0x0800, 0x0000, 0x0000, 0x1861, 0x38E1, 0x5142, 0x71C3, 0x8A23, 0x9A44,
    0xBB25, 0xEC88, 0x6161, 0x48E0, 0x6141, 0x71A1, 0x81E2, 0x81E2, 0x9243, 0x50E1, 0x6961, 0xB2C2,
    0xD405, 0xCBE6, 0xD384, 0x8267, 0xBB87, 0xCBC7, 0x9AC8, 0xA2C6, 0x39A8, 0x51A7, 0x3967, 0x3967,
    0x3947, 0x18E7, 0x10C7, 0x08A5, 0x0883, 0x1063, 0x1883, 0x1062, 0x1042, 0x2062, 0x2063, 0x18A3,
    0x18C4, 0x18C4, 0x1084, 0x0864, 0x1884, 0x2082, 0x2082, 0x20A2, 0x2905, 0x4187, 0x4187, 0x4926,
    0x58C3, 0x50C2, 0x4102, 0x5164, 0x51A5, 0x3945, 0x4144, 0x7A04, 0x8224, 0x4924, 0x58C3, 0xAA03,
    0xB263, 0x6163, 0x20C3, 0x20C3, 0x40C2, 0x8901, 0xA941, 0x7901, 0x4103, 0x4144, 0x3945, 0x2103,
    0x18E3, 0x20A3, 0x38A2, 0x7102, 0x7942, 0x6982, 0x61C3, 0x69E4, 0x82A7, 0x9B09, 0x9309, 0x92EA,
    0x92C9, 0x92C9, 0x92E9, 0x9309, 0x8AC8, 0x6A26, 0x59A5, 0x59C6, 0x7248, 0x6A07, 0x59C6, 0x59A5,
    0x4964, 0x6A06, 0x61E6, 0x6A06, 0x7247, 0x51A5, 0x6206, 0x7247, 0x08E3, 0x0903, 0x0924, 0x0945,
    0x0925, 0x0945, 0x1145, 0x1145, 0x1146, 0x1168, 0x116A, 0x08E9, 0x0885, 0x0885, 0x0885, 0x08C7,
    0x11D0, 0x22D6, 0x2B17, 0x22F6, 0x2294, 0x2253, 0x2273, 0x2272, 0x2272, 0x2252, 0x2252, 0x2232,
    0x2232, 0x2212, 0x1A11, 0x1A11, 0x1A11, 0x1A12, 0x1A12, 0x1A12, 0x1A12, 0x2212, 0x2233, 0x2233,
    0x2234, 0x2234, 0x2255, 0x2A35, 0x2255, 0x2A56, 0x2A56, 0x2A56, 0x2A56, 0x2A56, 0x2A56, 0x2A56,
    0x2A56, 0x2A56, 0x2A76, 0x2A77, 0x42FB, 0x63BE, 0x73FE, 0x743E, 0x741E, 0x741E, 0x537D, 0x433C,
    0x7C5E, 0x849E, 0x6C1E, 0x32DB, 0x3299, 0x329A, 0x63BD, 0x849E, 0x7C3E, 0x42DA, 0x3256, 0x3276,
    0x3256, 0x2A54, 0x2A54, 0x2A33, 0x2A33, 0x2A33, 0x2A32, 0x2232, 0x2231, 0x2231, 0x2231, 0x2230,
    0x2230, 0x2230, 0x2230, 0x2230, 0x2230, 0x2A30, 0x2A30, 0x2A50, 0x2A4F, 0x2A4F, 0x224F, 0x2A2F,
    0x2A30, 0x2A30, 0x2A30, 0x2A50, 0x2270, 0x1A2F, 0x11AC, 0x092A, 0x0909, 0x10C6, 0x10C6, 0x10C5,
    0x08A5, 0x08C5, 0x10C5, 0x2127, 0x29CB, 0x2A2F, 0x2A2F, 0x2A4F, 0x2A2E, 0x2A2E, 0x2A0E, 0x2A0E,
    0x5A6D, 0x524C, 0x29ED, 0x320D, 0x5A6C, 0x626B, 0x51C9, 0x39EC, 0x59E8, 0x51C7, 0x39CA, 0x49EA,
    0x61E7, 0x49A8, 0x39AA, 0x4186, 0x3988, 0x3987, 0x4145, 0x4145, 0x3924, 0x59E6, 0x5984, 0x61C4,
    0x92A8, 0x9AA7, 0xA2A7, 0xA266, 0xAA86, 0xC347, 0xD3A9, 0xDBC9, 0xDBEA, 0xE40B, 0xE42B, 0xEC4C,
    0xEC8D, 0xECAD, 0xECCE, 0xED0F, 0xED10, 0xED0F, 0xECCE, 0xECAD, 0xE48D, 0xECAD, 0xECAD, 0xE4AD,
    0xE4CE, 0xE4EE, 0xE4EE, 0xE4EF, 0xE4CF, 0xE4AE, 0xDCAD, 0xDC8D, 0xDC8D, 0xDC8D, 0xDC6C, 0xDC8D,
    0xDC8D, 0xDC8D, 0xE4AE, 0xE510, 0xE4EF, 0xDC8D, 0xD44C, 0xCBEA, 0xBB89, 0xB389, 0xB389, 0xBBEB,
    0xBBCA, 0xBBAA, 0xBB89, 0xBB89, 0xBBA9, 0xC3CA, 0xC3EA, 0xC3EA, 0xBB89, 0xA307, 0x7A25, 0x5163,
    0x2881, 0x1040, 0x0000, 0x0800, 0x28A1, 0x5142, 0x9244, 0xAAC5, 0xE448, 0xCBE7, 0x48E0, 0x5921,
    0x6161, 0x71C1, 0x8A22, 0x89E2, 0xAAC4, 0x5901, 0x7181, 0xAAC2, 0xD3E4, 0xC3A6, 0xDBE5, 0x8AA7,
    0x7288, 0xC3C8, 0x9AE8, 0x8246, 0x6A07, 0x51A7, 0x1927, 0x3187, 0x3147, 0x18E7, 0x10C7, 0x08A5,
    0x0883, 0x1083, 0x1883, 0x1062, 0x1062, 0x1862, 0x2083, 0x20C4, 0x20C4, 0x20C4, 0x10A4, 0x0884,
    0x1884, 0x2083, 0x2082, 0x18A2, 0x2905, 0x49C7, 0x59E7, 0x5166, 0x50C3, 0x48C2, 0x40E2, 0x5964,
    0x61A4, 0x4165, 0x4124, 0x69C4, 0x69C4, 0x38E3, 0x50C3, 0x99C2, 0xA1E2, 0x5123, 0x20C3, 0x20E3,
    0x30A2, 0x68A1, 0x90E1, 0x70E1, 0x4903, 0x4165, 0x3945, 0x2104, 0x18E3, 0x18A2, 0x38A2, 0x60E2,
    0x7962, 0x7A03, 0x7224, 0x7225, 0x8AC8, 0x9B29, 0x9B0A, 0x9B0A, 0x92E9, 0x92C9, 0x92E9, 0x9309,
    0x92E9, 0x8AC9, 0x7247, 0x51A6, 0x61E6, 0x61E6, 0x6A27, 0x7A88, 0x7268, 0x82A8, 0x7227, 0x61E6,
    0x61E6, 0x6A06, 0x92E9, 0x9B2A, 0x08E3, 0x0903, 0x0924, 0x0924, 0x0925, 0x0946, 0x1147, 0x1148,
    0x1127, 0x1128, 0x0949, 0x08E8, 0x0885, 0x0885, 0x0885, 0x08C7, 0x11F1, 0x22D6, 0x2B38, 0x22F6,
    0x2294, 0x2273, 0x2273, 0x2272, 0x2272, 0x2272, 0x2272, 0x2252, 0x2232, 0x2232, 0x1A31, 0x1A11,
    0x1A11, 0x19F1, 0x19F2, 0x19F2, 0x1A12, 0x2212, 0x2232, 0x2233, 0x2233, 0x2234, 0x2234, 0x2235,
    0x2234, 0x2254, 0x2254, 0x2255, 0x2255, 0x2255, 0x2A55, 0x2A35, 0x2A56, 0x2A76, 0x2A76, 0x3AD9,
    0x63DE, 0x741E, 0x743E, 0x743F, 0x743E, 0x7C5E, 0x745E, 0x7C9E, 0x847E, 0x7C7E, 0x433C, 0x2A7A,
    0x32BA, 0x329A, 0x63DD, 0x849E, 0x7C3E, 0x42BA, 0x3257, 0x3276, 0x3256, 0x2A54, 0x2A53, 0x2A33,
    0x2233, 0x2A33, 0x2A32, 0x2232, 0x2231, 0x2231, 0x2230, 0x2250, 0x2250, 0x2230, 0x2230, 0x2230,
    0x2230, 0x2230, 0x2A50, 0x2A50, 0x2250, 0x224F, 0x2A4F, 0x2A50, 0x2A30, 0x2A30, 0x2A50, 0x2A50,
    0x2270, 0x1A2F, 0x11AC, 0x092A, 0x0909, 0x10C6, 0x10C6, 0x10C5, 0x08A5, 0x10C5, 0x2105, 0x2947,
    0x29CC, 0x2A4F, 0x2A2F, 0x2A2E, 0x2A2E, 0x2A2E, 0x2A0E, 0x320E, 0x4A2D, 0x420C, 0x21CD, 0x3A0D,
    0x5A4B, 0x5A4B, 0x41CA, 0x41EA, 0x61C7, 0x51C8, 0x41EB, 0x51E9, 0x51E9, 0x49EA, 0x41CA, 0x41A7,
    0x39A9, 0x4187, 0x4167, 0x3946, 0x3924, 0x5184, 0x6A06, 0x9B0A, 0xA309, 0xA2C8, 0xA2A7, 0xA286,
    0xBAE7, 0xCB68, 0xD3A9, 0xDBC9, 0xDC0A, 0xE40B, 0xE42B, 0xEC4C, 0xEC6C, 0xECAD, 0xECCF, 0xED0F,
    0xED30, 0xED0F, 0xECAE, 0xECAD, 0xEC8D, 0xEC8D, 0xECAD, 0xE4AE, 0xE4CE, 0xE4EE, 0xE4EE, 0xE4EF,
    0xE4CE, 0xE4CE, 0xE4AD, 0xE48D, 0xDC8D, 0xDC8C, 0xDC8D, 0xDC8D, 0xDC8D, 0xDC8D, 0xE4CE, 0xE4EF,
    0xDCAE, 0xDC8C, 0xD44B, 0xC3C9, 0xBB89, 0xBBA9, 0xBB89, 0xC3EA, 0xC3EB, 0xC3EA, 0xCBEB, 0xC3EA,
    0xC3CA, 0xC3A9, 0xC389, 0xC3A9, 0xCBA9, 0xC3A9, 0xBB89, 0xAB07, 0x8A45, 0x61A4, 0x5942, 0x5122,
    0x6982, 0x9243, 0xB2C4, 0xBB05, 0xE3E7, 0x9AA5, 0x3880, 0x6141, 0x6161, 0x9A62, 0xB2E4, 0x81E2,
    0x9A42, 0x5921, 0x6961, 0xB2C2, 0xDC04, 0xDC25, 0xE405, 0xBB66, 0x49C8, 0xBB67, 0xAB07, 0x6A06,
    0x49A7, 0x59E7, 0x2947, 0x3987, 0x3127, 0x10E7, 0x10C6, 0x08A5, 0x0863, 0x1883, 0x1883, 0x0862,
    0x0862, 0x1863, 0x20A4, 0x20C4, 0x20C4, 0x20C4, 0x18A4, 0x1084, 0x1884, 0x2883, 0x1882, 0x18A3,
    0x3105, 0x59C7, 0x6A07, 0x5186, 0x38E3, 0x38C2, 0x40E2, 0x6163, 0x71E4, 0x5184, 0x3924, 0x4944,
    0x4944, 0x28C3, 0x40A2, 0x8142, 0x8982, 0x4923, 0x20C3, 0x20E3, 0x20A2, 0x3881, 0x58A1, 0x50C1,
    0x4903, 0x5185, 0x4145, 0x2904, 0x18E3, 0x18C2, 0x20A2, 0x5102, 0x79C3, 0x8A64, 0x8A64, 0x7A65,
    0x92E8, 0x9B2A, 0x9B2A, 0x9B0A, 0x92EA, 0x92C9, 0x92E9, 0x8AE9, 0x8288, 0x8288, 0x7A68, 0x59C6,
    0x59C6, 0x59C6, 0x7A68, 0x9B09, 0x9309, 0x9B2A, 0x7A68, 0x61E6, 0x6A06, 0x7A88, 0xA36A, 0xA36A,
    0x08C2, 0x08E3, 0x08E3, 0x0903, 0x0925, 0x0947, 0x116A, 0x116B, 0x1129, 0x0908, 0x0929, 0x0909,
    0x08A6, 0x0885, 0x0885, 0x08C7, 0x11F0, 0x22D6, 0x2B17, 0x22F6, 0x2293, 0x2273, 0x2273, 0x2273,
    0x2292, 0x2272, 0x2272, 0x2252, 0x2252, 0x2232, 0x2231, 0x1A11, 0x1A11, 0x1A11, 0x19F1, 0x19F2,
    0x1A12, 0x1A12, 0x1A12, 0x2233, 0x2233, 0x2233, 0x2234, 0x2234, 0x2254, 0x2234, 0x2254, 0x2254,
    0x2234, 0x2234, 0x2235, 0x2A35, 0x2A56, 0x2A76, 0x2A77, 0x5B9C, 0x741E, 0x6C1E, 0x4B7D, 0x3AFB,
    0x539D, 0x743E, 0x8CBE, 0xA57E, 0x8CBE, 0x63DE, 0x2A9A, 0x329A, 0x32BA, 0x3ADB, 0x743E, 0x8CBE,
    0x73FE, 0x3A99, 0x3277, 0x3256, 0x3255, 0x2A54, 0x2A53, 0x2233, 0x2233, 0x2232, 0x2A32, 0x2232,
    0x2251, 0x2231, 0x2230, 0x2250, 0x2250, 0x2250, 0x2230, 0x2A50, 0x2A30, 0x2A50, 0x2A50, 0x2A50,
    0x2A50, 0x2250, 0x2A50, 0x2A50, 0x2A30, 0x2A50, 0x2A50, 0x2A50, 0x2A70, 0x1A2F, 0x098C, 0x092A,
    0x0909, 0x10C6, 0x10C6, 0x10C5, 0x08A4, 0x10A5, 0x18E5, 0x2947, 0x29CC, 0x2A4F, 0x2A2F, 0x2A2E,
    0x2A2E, 0x2A2E, 0x2A2E, 0x3A2D, 0x422D, 0x3A0C, 0x21CD, 0x31EC, 0x5A2B, 0x522B, 0x39EA, 0x5209,
    0x61C6, 0x49E9, 0x520A, 0x51E9, 0x4A0B, 0x420C, 0x41EA, 0x41A7, 0x3988, 0x3967, 0x4146, 0x3904,
    0x5143, 0x61E5, 0x9B6D, 0x9B4C, 0xA309, 0xA2C8, 0xA2A7, 0xAAC7, 0xC348, 0xCBA9, 0xD3A9, 0xDBEA,
    0xDC0A, 0xE40B, 0xEC4B, 0xEC4C, 0xEC6C, 0xEC8D, 0xECAE, 0xECCF, 0xED0F, 0xED0F, 0xECEE, 0xECAD,
    0xECAE, 0xECAD, 0xECAD, 0xECAD, 0xE4CE, 0xE4EE, 0xE4EE, 0xE50F, 0xE4CE, 0xE4CE, 0xE4AD, 0xDC8D,
    0xDC8D, 0xDC8D, 0xDC8D, 0xDC8D, 0xDC8D, 0xDC6C, 0xE4AE, 0xE4EF, 0xDC8D, 0xDC6C, 0xD42B, 0xC3A9,
    0xC3A9, 0xC3A9, 0xC3A9, 0xCBCA, 0xD42B, 0xD42B, 0xD40B, 0xCC0A, 0xCBEA, 0xCBC9, 0xC368, 0xBB28,
    0xB327, 0xB327, 0xB327, 0xB307, 0xB307, 0xAAC6, 0x9A85, 0xA2A5, 0xA2A5, 0xB2C5, 0xBB05, 0xCB45,
    0xDBC6, 0x5922, 0x40A0, 0x5901, 0x6961, 0x89E2, 0xAA83, 0xA284, 0x9223, 0x5921, 0x6141, 0xA261,
    0xE466, 0xDC46, 0xD3E5, 0xDBE6, 0x59E8, 0xA307, 0x8AC7, 0x7247, 0x59E7, 0x3187, 0x39A7, 0x59A6,
    0x2927, 0x10E7, 0x10C7, 0x0884, 0x0862, 0x1883, 0x1883, 0x0862, 0x0862, 0x1883, 0x20C4, 0x20E4,
    0x20E4, 0x20C4, 0x10A4, 0x1084, 0x20A4, 0x2883, 0x1882, 0x18A2, 0x3125, 0x59E7, 0x7227, 0x5185,
    0x30E3, 0x28C2, 0x30E2, 0x5163, 0x69C4, 0x5984, 0x4124, 0x3903, 0x30E3, 0x20C2, 0x30A2, 0x6102,
    0x7162, 0x4123, 0x2904, 0x20E3, 0x18C3, 0x20A2, 0x30C2, 0x4102, 0x4943, 0x51A5, 0x4165, 0x2924,
    0x2103, 0x20E3, 0x28E2, 0x5163, 0x8224, 0x9AA4, 0x92A4, 0x8A85, 0x9B08, 0xA34A, 0xA32A, 0xA32A,
    0x930A, 0x92E9, 0x9309, 0x8AE9, 0x7A67, 0x59C5, 0x59C6, 0x61E7, 0x6A27, 0x7247, 0x82A8, 0x9B2A,
    0x9B4A, 0xA34A, 0x92E9, 0x82A8, 0x8AE9, 0x9329, 0xA36A, 0xA38A, 0x00A2, 0x00A2, 0x08C3, 0x08C3,
    0x0904, 0x0968, 0x098C, 0x118D, 0x114B, 0x0908, 0x0908, 0x0909, 0x08C7, 0x0885, 0x0885, 0x08C7,
    0x11CF, 0x22D6, 0x2B16, 0x22D5, 0x2293, 0x2273, 0x2273, 0x2293, 0x2292, 0x2272, 0x2272, 0x2272,
    0x2252, 0x2252, 0x2231, 0x1A31, 0x1A31, 0x1A11, 0x1A11, 0x1A12, 0x1A12, 0x1A12, 0x1A12, 0x2232,
    0x2232, 0x2213, 0x2213, 0x2214, 0x2234, 0x2234, 0x2234, 0x2234, 0x2234, 0x2234, 0x2234, 0x2A35,
    0x2A56, 0x2A56, 0x3AB9, 0x6BFE, 0x7C5E, 0x5BBD, 0x2A79, 0x3279, 0x32BA, 0x5BBD, 0x8CDE, 0xA57E,
    0x8CBE, 0x433C, 0x2A79, 0x32BA, 0x329A, 0x4B3C, 0x849E, 0x8CBE, 0x639D, 0x3277, 0x3276, 0x3256,
    0x3255, 0x2A54, 0x2A53, 0x2A53, 0x2A53, 0x2A32, 0x2A32, 0x2231, 0x2231, 0x2250, 0x2250, 0x2250,
    0x2250, 0x2250, 0x2230, 0x2A50, 0x2A50, 0x2A50, 0x2A50, 0x2250, 0x2250, 0x2250, 0x2250, 0x2A50,
    0x2A30, 0x2A50, 0x2A50, 0x2A50, 0x2A71, 0x2230, 0x118C, 0x092A, 0x0908, 0x10C6, 0x10C6, 0x10C5,
    0x08A4, 0x08A4, 0x18E5, 0x2947, 0x21CB, 0x2A4F, 0x2A2E, 0x324E, 0x2A2E, 0x2A2E, 0x2A2E, 0x422D,
    0x320E, 0x31EC, 0x21CD, 0x31EC, 0x4A0B, 0x4A2B, 0x41EA, 0x59E8, 0x69C6, 0x51E9, 0x51E9, 0x49EA,
    0x420C, 0x3A0D, 0x41EA, 0x41A7, 0x39A8, 0x51A7, 0x4945, 0x4124, 0x4922, 0x6A27, 0x9B6D, 0xA36C,
    0xAB29, 0xA2C7, 0xA2C7, 0xB308, 0xCB89, 0xCBA9, 0xCBA9, 0xDBEA, 0xDC0A, 0xE42B, 0xEC4B, 0xEC6C,
    0xEC6C, 0xEC8D, 0xECAD, 0xECCE, 0xECCE, 0xECCE, 0xECCE, 0xECAE, 0xECAD, 0xECAD, 0xECAD, 0xE4AD,
    0xE4AD, 0xE4CE, 0xE4EE, 0xE50F, 0xE4CE, 0xE4AE, 0xE4AD, 0xDCAD, 0xDCAD, 0xDCAD, 0xDC8C, 0xDC6C,
    0xDC6C, 0xDC6D, 0xE4AE, 0xE4CE, 0xDC8C, 0xDC6C, 0xD40A, 0xC3A9, 0xC3C9, 0xC3CA, 0xCBCA, 0xCC0A,
    0xD42B, 0xDC4B, 0xDC4B, 0xD42B, 0xD42B, 0xD42B, 0xD40A, 0xCBCA, 0xC388, 0xBB47, 0xB306, 0xAAE6,
    0xAAA6, 0xAAA6, 0xAAA6, 0xAAA6, 0xA2A5, 0xA284, 0xAAA4, 0xB2C4, 0x9203, 0x6122, 0x9224, 0x79C3,
    0x5901, 0x7162, 0x81A2, 0xBB05, 0xAAA5, 0x6141, 0x5101, 0x9A41, 0xDC05, 0xE4A7, 0xD3C5, 0xE406,
    0x92E7, 0x7268, 0x9AE7, 0x5A07, 0x7227, 0x59C7, 0x3167, 0x4187, 0x2127, 0x10E7, 0x10C6, 0x0884,
    0x1062, 0x1883, 0x1083, 0x0862, 0x1063, 0x18A4, 0x20E4, 0x2104, 0x20E4, 0x20C4, 0x10A4, 0x1084,
    0x2884, 0x2863, 0x1882, 0x18A3, 0x3925, 0x6207, 0x7227, 0x5185, 0x2903, 0x20E2, 0x28E2, 0x4123,
    0x5984, 0x5164, 0x4123, 0x28E3, 0x20C2, 0x18A2, 0x20A2, 0x4123, 0x5964, 0x4964, 0x4144, 0x3124,
    0x2903, 0x28E3, 0x3103, 0x4964, 0x59A5, 0x61E6, 0x49A5, 0x3964, 0x3944, 0x3944, 0x51A4, 0x7A04,
    0x9A84, 0xA2E5, 0x9AC5, 0x92C5, 0xA348, 0xA36A, 0xA34A, 0xA34B, 0x9B0A, 0x930A, 0x932A, 0x9329,
    0x82A8, 0x6A27, 0x6A27, 0x7A68, 0x92EA, 0x8AE9, 0x930A, 0x9B4A, 0x9B4A, 0xA36A, 0xA34A, 0xA36A,
    0xA38A, 0xA38A, 0xA38A, 0xA38A, 0x0082, 0x00A2, 0x00C3, 0x08C3, 0x08E3, 0x0946, 0x098B, 0x118E,
    0x116C, 0x08E8, 0x08C7, 0x08E8, 0x08C7, 0x08A5, 0x0885, 0x08C7, 0x11AE, 0x1A94, 0x22F5, 0x22B4,
    0x2293, 0x2293, 0x2A93, 0x2293, 0x2292, 0x2292, 0x2272, 0x2272, 0x2252, 0x2252, 0x2232, 0x2231,
    0x1A31, 0x1A11, 0x1A11, 0x1A12, 0x1A12, 0x1A12, 0x2212, 0x2212, 0x2212, 0x2212, 0x2213, 0x2213,
    0x2213, 0x2213, 0x2234, 0x2233, 0x2233, 0x2234, 0x2A34, 0x2A35, 0x2A56, 0x2A56, 0x42FA, 0x7C3E,
    0x84BE, 0x4B7C, 0x2A59, 0x3299, 0x2A99, 0x42FC, 0x7C7E, 0x8CDE, 0x745E, 0x32BB, 0x2A99, 0x329A,
    0x32BA, 0x6BFD, 0x8CBE, 0x847E, 0x431B, 0x3256, 0x3276, 0x3256, 0x2A55, 0x2A54, 0x2A53, 0x2A53,
    0x2A52, 0x2A32, 0x2A32, 0x2251, 0x2231, 0x2250, 0x2250, 0x2250, 0x2250, 0x2250, 0x2250, 0x2A50,
    0x2A50, 0x2250, 0x2A50, 0x2250, 0x224F, 0x2A50, 0x2A50, 0x2A50, 0x2A30, 0x2A50, 0x2A50, 0x2A70,
    0x2A71, 0x2230, 0x118D, 0x092A, 0x0908, 0x10C6, 0x10C6, 0x10C5, 0x08A4, 0x08A4, 0x10C5, 0x2127,
    0x29CB, 0x2A2E, 0x324E, 0x326F, 0x2A2E, 0x322E, 0x2A2E, 0x422C, 0x2A0E, 0x31ED, 0x29ED, 0x29ED,
    0x49EB, 0x4A2B, 0x41EA, 0x61C7, 0x61E7, 0x5A09, 0x51C8, 0x49EA, 0x3A2E, 0x420C, 0x522B, 0x49E9,
    0x4186, 0x51A6, 0x4144, 0x4943, 0x4923, 0x6228, 0x9BAE, 0xAB8B, 0xA2E8, 0xA2C8, 0xAAE8, 0xBB48,
    0xC389, 0xCBA9, 0xD3C9, 0xD3EA, 0xDC2A, 0xE44B, 0xEC4B, 0xEC6C, 0xEC6C, 0xEC8C, 0xEC8D, 0xECAD,
    0xECAD, 0xECAD, 0xECAD, 0xECAD, 0xECAD, 0xEC8D, 0xE48D, 0xE48C, 0xE4AD, 0xE4AD, 0xE4CE, 0xE4EE,
    0xE4EE, 0xE4CE, 0xE4AD, 0xE4AD, 0xDC8C, 0xDC8C, 0xDC6C, 0xDC6C, 0xDC6C, 0xE46C, 0xE4AE, 0xE4AE,
    0xDC6C, 0xDC4B, 0xCBEA, 0xC3A9, 0xCBEA, 0xCBEA, 0xCBEA, 0xD42B, 0xD42B, 0xDC4B, 0xDC6C, 0xDC4B,
    0xDC4B, 0xDC4B, 0xDC2B, 0xDC2B, 0xDC2B, 0xDC2A, 0xD40A, 0xD3E9, 0xCBA9, 0xCBA9, 0xC368, 0xBB27,
    0xB2E5, 0xAAA4, 0x9A63, 0x7982, 0x8A25, 0xC368, 0xCB68, 0xC347, 0x8A03, 0x7182, 0x89C3, 0xA244,
    0xA264, 0x6141, 0x48E1, 0x9201, 0xDBE4, 0xDC46, 0xD3E6, 0xDBE6, 0xBB67, 0x51C8, 0x7A47, 0x7A47,
    0x3988, 0x3967, 0x2947, 0x2967, 0x3167, 0x1907, 0x08C6, 0x0883, 0x1062, 0x1883, 0x1083, 0x0883,
    0x1083, 0x18A4, 0x20E4, 0x2904, 0x2104, 0x20C4, 0x1084, 0x1063, 0x2863, 0x2862, 0x1881, 0x18C3,
    0x3945, 0x6A07, 0x7206, 0x4985, 0x2904, 0x2903, 0x2903, 0x3923, 0x4124, 0x4104, 0x3903, 0x28E3,
    0x20C2, 0x18A2, 0x20E3, 0x3944, 0x59A5, 0x61C5, 0x59A5, 0x5184, 0x4984, 0x4184, 0x4984, 0x61C5,
    0x6A05, 0x6A06, 0x59C5, 0x51C5, 0x59C4, 0x7204, 0x8264, 0x9AA5, 0xA2E5, 0xAB05, 0xA2E5, 0x9AE5,
    0xAB68, 0xABAA, 0xA34A, 0xA34B, 0x9B2A, 0x9B2A, 0x932A, 0x932A, 0x932A, 0x92E9, 0x92E9, 0x9B2A,
    0x9B4B, 0x9B4A, 0x9B4A, 0x9B6A, 0xA36A, 0xA34A, 0xA36A, 0xAB8B, 0xA38B, 0xA38A, 0xA38A, 0xA3AA,
    0x00A2, 0x00C3, 0x00C3, 0x08C3, 0x08E3, 0x0925, 0x096A, 0x118D, 0x116C, 0x08E8, 0x08A5, 0x08C7,
    0x08C7, 0x08A6, 0x0885, 0x08C7, 0x11EF, 0x22B4, 0x22F6, 0x22B3, 0x2293, 0x2293, 0x2293, 0x2293,
    0x2292, 0x2292, 0x2272, 0x2272, 0x2252, 0x2252, 0x2252, 0x2231, 0x1A31, 0x1A31, 0x1A11, 0x1A11,
    0x1A12, 0x1A12, 0x2232, 0x2232, 0x1A12, 0x1A12, 0x2212, 0x2212, 0x2213, 0x2213, 0x2233, 0x2233,
    0x2233, 0x2A34, 0x2A34, 0x2A35, 0x2A55, 0x2A55, 0x42FA, 0x7C5E, 0x84BE, 0x539D, 0x2A59, 0x329A,
    0x3299, 0x329A, 0x5B7D, 0x6BDD, 0x537D, 0x2A99, 0x2A99, 0x2A79, 0x4B1C, 0x849E, 0x8CDE, 0x6C1D,
    0x3298, 0x3256, 0x3256, 0x3255, 0x2A35, 0x2A33, 0x2A32, 0x2252, 0x2232, 0x2A32, 0x2231, 0x2231,
    0x2230, 0x2230, 0x2250, 0x2250, 0x2250, 0x2A50, 0x2A50, 0x2A50, 0x2A50, 0x2250, 0x2250, 0x224F,
    0x2A50, 0x2250, 0x2A50, 0x2A50, 0x2A50, 0x2A50, 0x2A50, 0x2A70, 0x2A71, 0x2230, 0x118D, 0x090A,
    0x0908, 0x10C6, 0x10C6, 0x10C5, 0x08A5, 0x10A5, 0x10C5, 0x2127, 0x29CB, 0x322E, 0x324E, 0x2A2E,
    0x2A2E, 0x2A2E, 0x2A2E, 0x3A2D, 0x29ED, 0x29ED, 0x31ED, 0x31ED, 0x41EB, 0x520A, 0x4A0A, 0x61C6,
    0x5A09, 0x59E8, 0x51C8, 0x41EB, 0x420D, 0x4A2C, 0x524C, 0x5A8D, 0x5A28, 0x51C6, 0x5185, 0x5164,
    0x4985, 0x6A69, 0xA3EF, 0xAB6B, 0xA2C8, 0xB308, 0xB349, 0xC389, 0xCBA9, 0xCBC9, 0xCBC9, 0xD3EA,
    0xDC2A, 0xE42B, 0xE44B, 0xEC6C, 0xEC6C, 0xEC6C, 0xEC8C, 0xEC8C, 0xEC8D, 0xECAD, 0xECAD, 0xEC8C,
    0xEC8C, 0xEC8D, 0xE48C, 0xE48C, 0xE48C, 0xE48D, 0xE4AD, 0xE4AD, 0xE4AD, 0xE48D, 0xDC8C, 0xDC8C,
    0xDC8C, 0xDC6C, 0xDC6C, 0xDC6C, 0xDC6C, 0xE46C, 0xE48D, 0xE48D, 0xDC4C, 0xD44B, 0xCBEA, 0xC3C9,
    0xCBEA, 0xCC0A, 0xD3EA, 0xD42B, 0xDC4B, 0xDC6B, 0xDC6C, 0xDC6C, 0xDC4B, 0xDC4B, 0xDC4C, 0xDC2B,
    0xDC4B, 0xDC2B, 0xD40A, 0xD3C9, 0xD3A9, 0xCB88, 0xCB68, 0xC347, 0xCB87, 0xC345, 0x79A2, 0x9A65,
    0xD40A, 0xDC2B, 0xCBC9, 0xC347, 0xB306, 0x81C3, 0x81C3, 0x9A03, 0xB2E5, 0x5921, 0x5101, 0x9221,
    0xDBE4, 0xEC66, 0xDC26, 0xBB66, 0xC346, 0x6207, 0x59C7, 0x6A07, 0x4187, 0x2127, 0x2927, 0x2947,
    0x2948, 0x3967, 0x2906, 0x0863, 0x1082, 0x10A3, 0x1083, 0x1083, 0x1084, 0x18C4, 0x20E4, 0x2904,
    0x2104, 0x20C4, 0x1084, 0x1062, 0x2062, 0x2062, 0x1882, 0x18A3, 0x3125, 0x51A6, 0x59C6, 0x4165,
    0x3144, 0x3944, 0x4164, 0x4144, 0x3924, 0x3104, 0x30E4, 0x28E3, 0x20E3, 0x28E3, 0x3103, 0x4964,
    0x61C5, 0x69E5, 0x69E5, 0x61E5, 0x6A04, 0x6A04, 0x6A04, 0x7205, 0x7A25, 0x7A05, 0x7205, 0x7224,
    0x8244, 0x8A84, 0x9AC4, 0xA2E5, 0xAAE5, 0xAAE5, 0xA2E5, 0x9B06, 0xB3A8, 0xB3CA, 0xAB6A, 0xAB6B,
    0xA34A, 0x9B2A, 0x9B2A, 0x9B4A, 0x9B2A, 0x9B2A, 0x9B2A, 0x9B2A, 0x9B2A, 0x9B4A, 0x9B6A, 0x9B4A,
    0x9B2A, 0xA34A, 0x9B2A, 0xA36A, 0x9B4A, 0x9309, 0x9B6A, 0xABAB, 0x00A3, 0x00C3, 0x00E3, 0x08E3,
    0x08E3, 0x0925, 0x0969, 0x118C, 0x116B, 0x08E7, 0x0885, 0x08A6, 0x08A6, 0x08A5, 0x0885, 0x08E8,
    0x1A11, 0x2AF6, 0x2B37, 0x22D4, 0x2293, 0x2293, 0x2293, 0x2293, 0x2292, 0x2292, 0x2272, 0x2272,
    0x2252, 0x2252, 0x2252, 0x2231, 0x2231, 0x1A31, 0x1A31, 0x1A11, 0x1A11, 0x2212, 0x2212, 0x1A12,
    0x1A12, 0x1A12, 0x1A12, 0x2212, 0x2212, 0x2213, 0x2213, 0x2233, 0x2233, 0x2A34, 0x2A34, 0x2A35,
    0x2A55, 0x2A55, 0x3AD9, 0x7C5E, 0x8CBE, 0x63FE, 0x2A9A, 0x329A, 0x329A, 0x329A, 0x32BA, 0x3AFB,
    0x32BA, 0x2A99, 0x3299, 0x329A, 0x6BFE, 0x94DE, 0x8CBE, 0x535B, 0x3256, 0x3A76, 0x3256, 0x3235,
    0x2A34, 0x2A33, 0x2232, 0x2252, 0x2252, 0x2A52, 0x2231, 0x2A31, 0x2230, 0x2250, 0x2250, 0x2A70,
    0x2A70, 0x2A50, 0x2A50, 0x2A50, 0x2A50, 0x2250, 0x2270, 0x224F, 0x2A50, 0x2A50, 0x2A50, 0x2A50,
    0x2A50, 0x2A50, 0x2A50, 0x2A70, 0x2A71, 0x1A30, 0x118D, 0x092A, 0x0908, 0x10E6, 0x10E6, 0x10C5,
    0x10A5, 0x10A5, 0x10C5, 0x1907, 0x29AA, 0x2A4E, 0x2A4E, 0x2A4E, 0x2A4E, 0x2A2E, 0x2A2E, 0x3A0C,
    0x2A0D, 0x2A0E, 0x29ED, 0x29ED, 0x49EB, 0x49EA, 0x4A0B, 0x61C7, 0x59E8, 0x61A5, 0x51C9, 0x420C,
    0x420C, 0x4A4C, 0x526C, 0x6AAC, 0x7AEB, 0x7289, 0x61A5, 0x59A6, 0x49A6, 0x6AAB, 0xABCF, 0xA32A,
    0xA2C8, 0xB349, 0xBB69, 0xC3AA, 0xCBA9, 0xCBC9, 0xCBC9, 0xD3EA, 0xDC0A, 0xDC2B, 0xE44B, 0xE46C,
    0xE46C, 0xE46C, 0xE48C, 0xEC8C, 0xEC8C, 0xEC8D, 0xEC8D, 0xEC8C, 0xE48C, 0xE48C, 0xE48C, 0xE48C,
    0xE46C, 0xE48C, 0xE48C, 0xE4AD, 0xDCAD, 0xDC6C, 0xDC6C, 0xDC6C, 0xDC4C, 0xDC4C, 0xDC6C, 0xDC4B,
    0xDC6C, 0xE46C, 0xE48D, 0xE46C, 0xDC6C, 0xD42B, 0xCBEA, 0xCBEA, 0xCBEA, 0xCC0A, 0xD40A, 0xD42B,
    0xDC4B, 0xDC6B, 0xE46C, 0xE46C, 0xE46C, 0xE46C, 0xE44C, 0xE42B, 0xE42B, 0xDC2A, 0xDC0A, 0xD3C9,
    0xD3A9, 0xCB68, 0xCB47, 0xCB67, 0xDBE7, 0xA2A4, 0x89E3, 0xD44B, 0xDC8C, 0xDC6C, 0xDC4B, 0xCBC9,
    0xC367, 0x9244, 0x81C3, 0x91E3, 0xB2E5, 0x79E3, 0x5101, 0x9A42, 0xDC05, 0xECA6, 0xD406, 0xC3A6,
    0xA307, 0x6A27, 0x61C7, 0x59E8, 0x49A7, 0x2127, 0x2927, 0x2927, 0x2128, 0x2107, 0x4167, 0x18A4,
    0x0883, 0x10A4, 0x10A4, 0x10A3, 0x18A4, 0x18C4, 0x20E4, 0x2104, 0x2104, 0x20C4, 0x1083, 0x1062,
    0x1862, 0x18A2, 0x18A2, 0x20A2, 0x2904, 0x3965, 0x4165, 0x3945, 0x3964, 0x51A5, 0x59C5, 0x51A5,
    0x4164, 0x3924, 0x3924, 0x3924, 0x3944, 0x4164, 0x5184, 0x59A5, 0x69E5, 0x7205, 0x7205, 0x7225,
    0x7A45, 0x7A44, 0x7A45, 0x8A65, 0x8A65, 0x8245, 0x8245, 0x8A65, 0x92A5, 0x92A5, 0x92A4, 0x9AC5,
    0xAAE5, 0xAAE5, 0xA2E5, 0xA306, 0xBBC8, 0xBBEA, 0xAB8A, 0xAB8B, 0xA36A, 0xA34A, 0x9B2A, 0x9309,
    0x8AE9, 0x7A88, 0x7A68, 0x82A9, 0x8AA9, 0x92E9, 0x9B4A, 0x8AE9, 0x82A8, 0x92E9, 0x7A88, 0x8AA8,
    0x82A8, 0x59E5, 0x82C8, 0xABCB, 0x00C4, 0x0905, 0x0925, 0x0904, 0x0904, 0x0926, 0x096A, 0x118C,
    0x116B, 0x08E8, 0x0885, 0x08A5, 0x08A6, 0x08A5, 0x0885, 0x08E8, 0x1A32, 0x2B16, 0x2B37, 0x22D4,
    0x22B3, 0x2293, 0x2293, 0x2293, 0x2292, 0x2292, 0x2292, 0x2272, 0x2272, 0x2272, 0x2252, 0x2252,
    0x2251, 0x2231, 0x1A31, 0x1A11, 0x2211, 0x2212, 0x2212, 0x1A11, 0x2232, 0x1A12, 0x1A12, 0x2212,
    0x2212, 0x2213, 0x2213, 0x2233, 0x2233, 0x2A33, 0x2A34, 0x2A35, 0x2A55, 0x2A55, 0x3297, 0x6BFD,
    0x849E, 0x849E, 0x4B3D, 0x2A7A, 0x329A, 0x329A, 0x3299, 0x3299, 0x32B9, 0x32B9, 0x2A79, 0x4B5C,
    0x8CBE, 0x94FE, 0x741E, 0x3298, 0x3256, 0x3256, 0x3255, 0x3255, 0x2A34, 0x2A33, 0x2A32, 0x2252,
    0x2251, 0x2231, 0x2A31, 0x2A31, 0x2A50, 0x2A50, 0x2250, 0x2A70, 0x2A70, 0x2A70, 0x2A50, 0x2A50,
    0x2A50, 0x2A50, 0x2A70, 0x2A50, 0x2A70, 0x2A70, 0x2A50, 0x2A50, 0x2A50, 0x2A50, 0x2A50, 0x2A70,
    0x2A71, 0x1A30, 0x118D, 0x092A, 0x1109, 0x10E6, 0x10E6, 0x10E6, 0x10C5, 0x10A5, 0x10C5, 0x1907,
    0x29CB, 0x2A4E, 0x2A4E, 0x324E, 0x2A2E, 0x2A2E, 0x3A4E, 0x422D, 0x2A0D, 0x2A0D, 0x2A0D, 0x31ED,
    0x41EB, 0x4A0B, 0x4A0B, 0x59A6, 0x61C7, 0x61A4, 0x41C9, 0x3A0C, 0x422C, 0x4A4C, 0x628C, 0x72ED,
    0x7ACA, 0x6A06, 0x61E6, 0x6207, 0x49C7, 0x62AC, 0xA3CF, 0xA2E9, 0xA2E8, 0xB349, 0xC3AA, 0xC3CA,
    0xCBCA, 0xCBCA, 0xCBC9, 0xCBCA, 0xD40A, 0xDC2B, 0xDC4C, 0xE46C, 0xE46C, 0xE46C, 0xE48C, 0xE48C,
    0xE48C, 0xEC8D, 0xEC8C, 0xE46C, 0xE46C, 0xE46C, 0xE46C, 0xE46C, 0xDC6C, 0xDC6C, 0xDC8C, 0xDC8D,
    0xDC6C, 0xDC4B, 0xDC4C, 0xDC4B, 0xDC2B, 0xDC4B, 0xDC4B, 0xDC6C, 0xE46C, 0xE48C, 0xE48D, 0xDC4C,
    0xDC4C, 0xD42A, 0xCC0A, 0xCBE9, 0xCBE9, 0xCBEA, 0xD42B, 0xDC4B, 0xE48C, 0xE46C, 0xE48C, 0xE48C,
    0xE48C, 0xE48C, 0xE44C, 0xE44B, 0xE42B, 0xDC0A, 0xDC09, 0xD3C9, 0xD3A9, 0xCB68, 0xCB47, 0xD3C8,
    0xD3E8, 0x81A2, 0xB327, 0xDCAC, 0xDC8C, 0xDC8D, 0xDC8D, 0xD42B, 0xC3A8, 0xAAC5, 0x79A3, 0x89C3,
    0xAA64, 0x9285, 0x4901, 0xB282, 0xD3C4, 0xF4E6, 0xBBA7, 0xD3E6, 0x92C7, 0x8267, 0x51C8, 0x49C8,
    0x59C7, 0x1928, 0x2947, 0x3146, 0x2127, 0x1907, 0x10C6, 0x10A4, 0x1083, 0x10A4, 0x10A4, 0x10A4,
    0x18C4, 0x18E4, 0x20E4, 0x2104, 0x2104, 0x20C4, 0x18A4, 0x1083, 0x18A3, 0x20C3, 0x20C2, 0x20C3,
    0x2904, 0x3945, 0x3945, 0x4165, 0x4985, 0x59C5, 0x6205, 0x61E5, 0x59A5, 0x5165, 0x5185, 0x59A5,
    0x59C4, 0x61E4, 0x6A04, 0x7205, 0x7A25, 0x8245, 0x8245, 0x8245, 0x8265, 0x8244, 0x8265, 0x92A5,
    0x92A5, 0x9285, 0x8265, 0x8A64, 0x92A5, 0x92C5, 0x8A64, 0x8A85, 0x9AC5, 0xA2E5, 0x9AC5, 0x9B06,
    0xC3E9, 0xC40A, 0xABAA, 0xAB8B, 0xA36B, 0x9B2A, 0x82C9, 0x6A47, 0x59C5, 0x51A5, 0x61E6, 0x7247,
    0x6A27, 0x8288, 0x9B4A, 0x7A88, 0x6A27, 0x82A8, 0x69E6, 0x7268, 0x7267, 0x3103, 0x6206, 0x9B6A,
    0x0947, 0x11AB, 0x11A9, 0x0945, 0x0924, 0x0946, 0x118B, 0x11CE, 0x11AD, 0x094A, 0x08A5, 0x0884,
    0x0885, 0x08A5, 0x0885, 0x0909, 0x1A32, 0x2B16, 0x2B37, 0x22D4, 0x22B3, 0x2293, 0x2A93, 0x2A93,
    0x2292, 0x2292, 0x2292, 0x2292, 0x2272, 0x2272, 0x2252, 0x2251, 0x2251, 0x2251, 0x2231, 0x2231,
    0x1A11, 0x2211, 0x2231, 0x2211, 0x1A31, 0x1A11, 0x1A11, 0x2212, 0x2212, 0x2212, 0x2212, 0x2232,
    0x2233, 0x2233, 0x2A34, 0x2A34, 0x2A35, 0x3255, 0x2A55, 0x4B5B, 0x849E, 0x8CBE, 0x7C5E, 0x3AFC,
    0x327A, 0x329A, 0x329A, 0x32B9, 0x32B9, 0x3299, 0x32BB, 0x743E, 0x94FE, 0x8CBF, 0x4B3B, 0x3256,
    0x3A76, 0x3255, 0x3255, 0x3255, 0x2A34, 0x2A33, 0x2A32, 0x2A51, 0x2A51, 0x2A51, 0x2A31, 0x2A51,
    0x2A50, 0x2A50, 0x2A70, 0x2A70, 0x2A70, 0x2A70, 0x2A70, 0x2A70, 0x2A50, 0x2A70, 0x2A6F, 0x2A4F,
    0x2A4F, 0x2A70, 0x2A50, 0x2A50, 0x2A50, 0x2A6F, 0x2A4F, 0x2A70, 0x2A71, 0x1A30, 0x118D, 0x092A,
    0x1109, 0x10E6, 0x10E6, 0x10E6, 0x10C5, 0x10C5, 0x10C6, 0x2127, 0x29CB, 0x2A4E, 0x326E, 0x326E,
    0x2A2E, 0x2A2E, 0x322E, 0x320E, 0x2A0E, 0x2A0E, 0x2A0E, 0x320E, 0x41EB, 0x4A0B, 0x4A0B, 0x59A7,
    0x61C6, 0x5984, 0x39CA, 0x422D, 0x4A4C, 0x4A6E, 0x5ACE, 0x72EC, 0x7A87, 0x7226, 0x728A, 0x6A69,
    0x4A08, 0x6AED, 0xA3CF, 0x9AE8, 0xAB09, 0xB349, 0xCBEB, 0xCBCA, 0xCBEA, 0xCBCA, 0xCBC9, 0xCBEA,
    0xD40A, 0xD42B, 0xDC2B, 0xDC4C, 0xE46C, 0xE48C, 0xE48C, 0xE48C, 0xE48C, 0xE46C, 0xE46C, 0xE46C,
    0xE46B, 0xE46C, 0xDC6B, 0xDC4B, 0xDC6C, 0xDC8C, 0xDC8D, 0xDC6C, 0xDC4B, 0xDC4C, 0xDC4C, 0xDC4B,
    0xDC2B, 0xDC4B, 0xDC4B, 0xE46C, 0xE48C, 0xE48C, 0xE46C, 0xE46C, 0xDC4C, 0xDC2B, 0xD40A, 0xCBE9,
    0xC3A9, 0xCBEA, 0xDC2B, 0xDC6B, 0xE48C, 0xE48C, 0xE48C, 0xE4AD, 0xE48C, 0xE48C, 0xE46C, 0xE44B,
    0xE42B, 0xDC2A, 0xDC09, 0xD3C9, 0xD3A8, 0xCB68, 0xCB47, 0xE429, 0xBB26, 0x81C3, 0xD42A, 0xDCAC,
    0xD40A, 0xDC4B, 0xDC8D, 0xDC6C, 0xCBC9, 0xBB46, 0x81C3, 0x81A2, 0xA223, 0x8A24, 0x5942, 0xB2A2,
    0xCB84, 0xF4E7, 0xC3A6, 0xC386, 0xBB67, 0x7A68, 0x39A8, 0x59C7, 0x69E6, 0x2967, 0x2947, 0x3967,
    0x1927, 0x2107, 0x18E6, 0x10A4, 0x10A3, 0x10A3, 0x10C3, 0x18C4, 0x18C4, 0x18E4, 0x20E4, 0x20E4,
    0x2105, 0x20E5, 0x20C4, 0x20C4, 0x28E4, 0x2904, 0x2903, 0x2904, 0x3924, 0x4165, 0x5165, 0x51A5,
    0x59C5, 0x6205, 0x6A05, 0x6A05, 0x61E5, 0x61C5, 0x69E5, 0x7205, 0x7204, 0x7A24, 0x8244, 0x8245,
    0x8245, 0x8A65, 0x8A65, 0x8A65, 0x8A65, 0x8244, 0x8244, 0x8A85, 0x92A5, 0x92A5, 0x8A85, 0x8A85,
    0x92A5, 0x92A5, 0x8A84, 0x8A64, 0x92A5, 0x9AA5, 0x9284, 0x92C5, 0xBBC9, 0xC42B, 0xABAA, 0xAB8B,
    0xA36A, 0x9B4A, 0x8AC9, 0x6A47, 0x51C5, 0x59C5, 0x7A68, 0x82A9, 0x6A07, 0x7A87, 0x9B4A, 0x7268,
    0x6A06, 0x82A8, 0x6A06, 0x7A68, 0x7267, 0x3123, 0x4984, 0x82A8, 0x11AB, 0x1A2E, 0x1A0D, 0x1166,
    0x0924, 0x0946, 0x118A, 0x11CE, 0x11CF, 0x118C, 0x08E7, 0x0884, 0x0885, 0x08A5, 0x0885, 0x08E9,
    0x1A11, 0x2AF6, 0x2B16, 0x22D4, 0x22B3, 0x2AB3, 0x2A93, 0x2A93, 0x2A92, 0x2292, 0x2292, 0x2292,
    0x2272, 0x2A72, 0x2252, 0x2251, 0x2251, 0x2251, 0x2251, 0x2231, 0x2231, 0x2211, 0x2211, 0x2211,
    0x1A31, 0x2211, 0x1A11, 0x2211, 0x1A12, 0x2212, 0x2212, 0x2212, 0x2232, 0x2232, 0x2233, 0x2A33,
    0x2A34, 0x2A35, 0x2A55, 0x2A77, 0x63FD, 0x8CBE, 0x8CBE, 0x743E, 0x3AFC, 0x327A, 0x329A, 0x32BA,
    0x32BA, 0x329A, 0x539D, 0x8CDE, 0x94FE, 0x741E, 0x3277, 0x3275, 0x3A75, 0x3255, 0x3254, 0x3234,
    0x2A33, 0x2A33, 0x2A32, 0x2A51, 0x2A51, 0x2A51, 0x2A51, 0x2A51, 0x2A50, 0x2A70, 0x2A70, 0x2A70,
    0x2A70, 0x2A70, 0x2A70, 0x2A50, 0x2250, 0x2250, 0x2A70, 0x3270, 0x3270, 0x3270, 0x3270, 0x2A50,
    0x2A50, 0x2250, 0x224F, 0x2250, 0x2271, 0x1A30, 0x118D, 0x092A, 0x1129, 0x10E6, 0x10E6, 0x10E6,
    0x10C6, 0x10C6, 0x10C6, 0x1907, 0x29CB, 0x326E, 0x326E, 0x324F, 0x2A2E, 0x2A2F, 0x2A2E, 0x2A0E,
    0x2A0E, 0x2A0E, 0x2A0E, 0x320E, 0x4A0C, 0x422C, 0x49EB, 0x51E9, 0x61A5, 0x5963, 0x41EA, 0x4A4C,
    0x424D, 0x4AAF, 0x6AEE, 0x8B09, 0x9308, 0x82A8, 0x7AAA, 0x7AEB, 0x5A6A, 0x730E, 0xA3CE, 0xA2E9,
    0xAB29, 0xBB6A, 0xCBEB, 0xCBEA, 0xCBEA, 0xCBEA, 0xCBEA, 0xCBEA, 0xD40A, 0xD42A, 0xDC2B, 0xDC4B,
    0xDC6B, 0xDC6C, 0xDC6B, 0xE46B, 0xE46C, 0xDC4B, 0xDC4B, 0xDC4B, 0xDC4B, 0xDC4B, 0xDC4B, 0xE46C,
    0xE48C, 0xE4AD, 0xE4AD, 0xDC4C, 0xDC4C, 0xDC6C, 0xDC6C, 0xDC4B, 0xDC2B, 0xDC4B, 0xE46C, 0xE48C,
    0xE48C, 0xE48C, 0xE44C, 0xE44C, 0xDC4B, 0xDC4B, 0xD42A, 0xCBC9, 0xC388, 0xCBEA, 0xDC4C, 0xE48C,
    0xE48C, 0xE48C, 0xE4AC, 0xE4AD, 0xE48D, 0xE48C, 0xE46C, 0xE44B, 0xE42B, 0xDC0A, 0xDC09, 0xD3E9,
    0xD3A8, 0xCB68, 0xD3A8, 0xECAA, 0x9A44, 0x9A86, 0xD46B, 0xDC6B, 0xCB88, 0xD40A, 0xE4AE, 0xDC8D,
    0xD42A, 0xCBC8, 0x8A23, 0x7962, 0x9A23, 0x81E3, 0x79E3, 0xA263, 0xCB83, 0xEC65, 0xCBC5, 0xAB06,
    0xB347, 0x6228, 0x59E7, 0x51A7, 0x51E8, 0x49A7, 0x4187, 0x2147, 0x1907, 0x18E6, 0x20C5, 0x18A4,
    0x10C3, 0x18E4, 0x18E4, 0x20E4, 0x20E5, 0x2105, 0x2905, 0x2905, 0x3125, 0x3125, 0x3125, 0x3925,
    0x4145, 0x4164, 0x4164, 0x4165, 0x5185, 0x59A5, 0x59A5, 0x61C5, 0x61E5, 0x6205, 0x6A05, 0x69E5,
    0x61A5, 0x61C5, 0x69E5, 0x7204, 0x7224, 0x7A44, 0x8244, 0x8245, 0x8245, 0x8245, 0x8A65, 0x8A65,
    0x8A85, 0x8244, 0x7A24, 0x8A84, 0x92A5, 0x92A5, 0x9285, 0x9285, 0x92A5, 0x9AC5, 0x92C4, 0x92A4,
    0x9AA5, 0x9AC5, 0x9284, 0x92A5, 0xBBC8, 0xC42B, 0xABAB, 0xAB8B, 0xA36B, 0xA36B, 0x9B4A, 0x9309,
    0x7247, 0x7247, 0x9B0A, 0x92EA, 0x61E6, 0x6206, 0x7A87, 0x59C5, 0x61E6, 0x82A8, 0x6A07, 0x7A88,
    0x7267, 0x51A5, 0x51A5, 0x6206, 0x0989, 0x1A0D, 0x19EB, 0x1166, 0x0924, 0x0945, 0x1188, 0x11AD,
    0x19F0, 0x11CF, 0x092A, 0x08A5, 0x0885, 0x0885, 0x0885, 0x08E9, 0x19F1, 0x2295, 0x22D6, 0x22B4,
    0x22B3, 0x2AB3, 0x2AB3, 0x2A93, 0x2AB2, 0x2AB2, 0x2292, 0x2A92, 0x2A72, 0x2272, 0x2272, 0x2252,
    0x2251, 0x2251, 0x2251, 0x2251, 0x2231, 0x2211, 0x1A11, 0x1A11, 0x1A11, 0x1A11, 0x1A11, 0x1A11,
    0x1A11, 0x2212, 0x2212, 0x2212, 0x2232, 0x2232, 0x2232, 0x2233, 0x2A34, 0x2A34, 0x2A55, 0x2A35,
    0x3AD8, 0x745E, 0x8CBE, 0x849E, 0x6C1E, 0x3AFC, 0x329A, 0x3ABA, 0x32BA, 0x431B, 0x7C7E, 0x94FE,
    0x8CBF, 0x4B1B, 0x3236, 0x3A76, 0x3275, 0x3254, 0x3254, 0x3254, 0x2A33, 0x2A32, 0x2A52, 0x2A51,
    0x2251, 0x2A50, 0x2A51, 0x2A51, 0x2A51, 0x2A71, 0x2A70, 0x2A70, 0x224F, 0x2270, 0x3291, 0x42D2,
    0x5AF1, 0x72F0, 0x7ACD, 0x82CC, 0x8ACC, 0x8AAA, 0x8AAA, 0x828B, 0x82AC, 0x7AAC, 0x6AAD, 0x528E,
    0x4270, 0x1A0F, 0x014C, 0x012A, 0x1129, 0x1907, 0x1906, 0x10E6, 0x10E6, 0x10C6, 0x10C6, 0x2128,
    0x31EC, 0x3A6E, 0x326F, 0x326F, 0x2A4F, 0x2A2F, 0x2A2E, 0x2A0E, 0x2A0E, 0x2A0E, 0x320D, 0x420D,
    0x420D, 0x420C, 0x51EB, 0x59E9, 0x61A5, 0x5963, 0x51E7, 0x4A4C, 0x3A90, 0x5B10, 0x832D, 0x9B49,
    0x8AE8, 0x932A, 0x9BCE, 0x8B4C, 0x72CB, 0x7B2E, 0xA3AE, 0xA309, 0xB349, 0xBB8A, 0xCBEB, 0xCBEA,
    0xCC0A, 0xCC0A, 0xCBEA, 0xCC0A, 0xD40B, 0xD42A, 0xDC2B, 0xDC4B, 0xDC4B, 0xDC4B, 0xDC4B, 0xDC4B,
    0xDC2B, 0xD42B, 0xD42A, 0xD40A, 0xDC2B, 0xDC4B, 0xDC8C, 0xE4AD, 0xE4EE, 0xE4EE, 0xE4EE, 0xDC6C,
    0xDC4B, 0xDC8C, 0xDC8D, 0xDC4C, 0xDC2B, 0xDC6C, 0xE46C, 0xECAD, 0xED30, 0xECEE, 0xE48C, 0xE46C,
    0xDC6B, 0xDC4B, 0xDC4A, 0xD409, 0xBB68, 0xCBCA, 0xE46C, 0xE4AD, 0xE4AD, 0xE48C, 0xE4AD, 0xE4AD,
    0xE48D, 0xE48C, 0xE46C, 0xE44B, 0xE42B, 0xDC0A, 0xDBE9, 0xD3C8, 0xD3A8, 0xCB68, 0xDC09, 0xE469,
    0x8A04, 0xB2E7, 0xCBE9, 0xD3EA, 0xBB27, 0xD3EA, 0xE48D, 0xE4CE, 0xDC6B, 0xD409, 0xA2A4, 0x7962,
    0x9A23, 0x71A3, 0x9242, 0xAA83, 0xB303, 0xE425, 0xC385, 0xA327, 0xB327, 0x6208, 0x61E7, 0x3188,
    0x51C7, 0x3987, 0x4187, 0x2147, 0x1907, 0x18C5, 0x18C4, 0x20C4, 0x20E4, 0x2105, 0x2905, 0x2926,
    0x3126, 0x3126, 0x3125, 0x3945, 0x4165, 0x4986, 0x4986, 0x5185, 0x51A5, 0x51C5, 0x51C5, 0x59C5,
    0x59C5, 0x61C5, 0x61C5, 0x61C4, 0x61C4, 0x61E4, 0x6A04, 0x61C4, 0x5184, 0x61A4, 0x7204, 0x69E4,
    0x7204, 0x7A44, 0x8265, 0x8265, 0x8245, 0x8A45, 0x8A65, 0x8A85, 0x9285, 0x8A64, 0x8244, 0x8A64,
    0x8A85, 0x8A65, 0x8A65, 0x9285, 0x9285, 0x9AC5, 0xA2E5, 0xA2E5, 0xA2E5, 0xAAE5, 0xA2C5, 0x9AC6,
    0xBBE9, 0xC42B, 0xABAB, 0xAB8B, 0xA38B, 0xA36B, 0xA38B, 0x9B2A, 0x7247, 0x7247, 0x9B2A, 0x8AC9,
    0x51A5, 0x4164, 0x59E5, 0x4144, 0x59E6, 0x82A8, 0x6A06, 0x7A88, 0x7A67, 0x7247, 0x7267, 0x51A5,
    0x0946, 0x1187, 0x11A8, 0x0966, 0x0945, 0x0944, 0x0966, 0x11AB, 0x19EF, 0x1A11, 0x116D, 0x08C7,
    0x0885, 0x08A5, 0x0885, 0x08E9, 0x19F1, 0x2294, 0x22D5, 0x22B4, 0x22B3, 0x2AB3, 0x2AB3, 0x2AB3,
    0x2AB2, 0x2A92, 0x2292, 0x2A92, 0x2A72, 0x2A72, 0x2272, 0x2252, 0x2252, 0x2251, 0x2251, 0x2251,
    0x2231, 0x2231, 0x1A11, 0x1A11, 0x1A11, 0x1A11, 0x1A11, 0x1A11, 0x1A11, 0x2212, 0x2212, 0x2232,
    0x2232, 0x2232, 0x2232, 0x2232, 0x2233, 0x2A34, 0x2A34, 0x3254, 0x2A35, 0x42F9, 0x7C5E, 0x8C9F,
    0x847F, 0x743E, 0x433C, 0x32BA, 0x3ADA, 0x6C1E, 0x94FE, 0x94FF, 0x63DD, 0x3257, 0x3A56, 0x3275,
    0x3254, 0x3254, 0x3253, 0x3253, 0x2A33, 0x2A32, 0x2A52, 0x2A51, 0x2250, 0x2A50, 0x2A50, 0x2A51,
    0x2A51, 0x2A70, 0x224F, 0x2270, 0x3AF3, 0x6B54, 0x9372, 0x9B2E, 0xA30B, 0xA2E8, 0xA2E7, 0xA2C6,
    0xA2C6, 0xA2C6, 0xA2A6, 0xA2A6, 0xA2A6, 0xA2A6, 0xA2C7, 0xA2E8, 0xA30A, 0x9B2C, 0x728B, 0x39AA,
    0x1128, 0x08E7, 0x1107, 0x1906, 0x1906, 0x10E6, 0x18E6, 0x2148, 0x29EC, 0x2A6F, 0x326F, 0x324F,
    0x324F, 0x2A2F, 0x2A2E, 0x2A0E, 0x2A0E, 0x3A0D, 0x420C, 0x3A0D, 0x320D, 0x4A0C, 0x49EB, 0x59E9,
    0x61C5, 0x5982, 0x59E7, 0x3A4E, 0x42B0, 0x734F, 0x8B6C, 0x9B29, 0x9309, 0xA3CC, 0xA3CE, 0x9BAD,
    0x7B0C, 0x834D, 0x9B4C, 0xA32A, 0xB329, 0xBB8A, 0xC3CB, 0xCBEB, 0xCC0B, 0xCC0A, 0xCC0A, 0xD40A,
    0xD42B, 0xD44B, 0xD44B, 0xD42B, 0xD42A, 0xD40A, 0xD3EA, 0xCBE9, 0xD3E9, 0xD3EA, 0xD40A, 0xDC2B,
    0xDC6C, 0xE4AD, 0xE4AD, 0xE4CE, 0xE4EE, 0xE4EF, 0xE50F, 0xDC6D, 0xD40A, 0xDC4B, 0xDC4B, 0xE46C,
    0xDC2B, 0xD40B, 0xDC4C, 0xE48D, 0xED30, 0xED50, 0xE4CE, 0xE46C, 0xE46C, 0xDC2B, 0xDC6A, 0xE46A,
    0xC388, 0xCBC9, 0xDC6C, 0xE48C, 0xE48C, 0xE48C, 0xE4AD, 0xE4AD, 0xE48C, 0xE48C, 0xE44B, 0xE42B,
    0xE40B, 0xDBEA, 0xD3E9, 0xD3C8, 0xCBA8, 0xCB88, 0xE449, 0xD3C8, 0x89E4, 0xBB07, 0xB2C6, 0xC327,
    0xB286, 0xD3CA, 0xE46C, 0xE4AD, 0xDC8C, 0xD409, 0xBB46, 0x7982, 0x91E3, 0x6962, 0xAAA3, 0xB2A3,
    0xB2C3, 0xDC05, 0xCBA5, 0xA327, 0xA2E7, 0x7A47, 0x4187, 0x3987, 0x59C7, 0x3167, 0x3167, 0x3967,
    0x2927, 0x20E5, 0x20E5, 0x2905, 0x2925, 0x3146, 0x3146, 0x3946, 0x3967, 0x4166, 0x4166, 0x49A6,
    0x51C6, 0x51A6, 0x59C6, 0x59C6, 0x59C5, 0x59C5, 0x59E5, 0x59C5, 0x59A5, 0x5985, 0x59A4, 0x59A4,
    0x59A4, 0x7204, 0x8245, 0x61C4, 0x5164, 0x69C4, 0x8A45, 0x7204, 0x61E4, 0x7A24, 0x8265, 0x8245,
    0x8245, 0x8245, 0x8245, 0x8245, 0x8265, 0x8244, 0x6A04, 0x61E4, 0x61E4, 0x59A4, 0x7A24, 0xAB05,
    0x9AC5, 0x8A84, 0x9AC4, 0xA2E4, 0xAAE5, 0xAB05, 0xAAE5, 0xA2E6, 0xBBC8, 0xBC0B, 0xABAA, 0xAB8B,
    0xAB8B, 0xA36B, 0xA38A, 0x9B2A, 0x7247, 0x7A68, 0x9B2A, 0x8AE9, 0x59C5, 0x59E5, 0x7267, 0x59C5,
    0x6A06, 0x8AA9, 0x6A06, 0x7A88, 0x7A67, 0x82C8, 0x9329, 0x6206, 0x0944, 0x1166, 0x11A8, 0x11A9,
    0x1166, 0x0944, 0x0945, 0x1168, 0x19CE, 0x1A11, 0x19AF, 0x08C8, 0x0885, 0x08A5, 0x0885, 0x08E9,
    0x19F1, 0x22D5, 0x22F5, 0x22D4, 0x22B3, 0x2AB3, 0x2AB3, 0x2AB3, 0x2A92, 0x2A92, 0x2A92, 0x2A92,
    0x2A92, 0x2A92, 0x2272, 0x2252, 0x2251, 0x2251, 0x2251, 0x2251, 0x2231, 0x2231, 0x2211, 0x2231,
    0x2231, 0x2231, 0x1A31, 0x1A11, 0x1A11, 0x2211, 0x2211, 0x2231, 0x2231, 0x2231, 0x2212, 0x2212,
    0x2232, 0x2233, 0x2A33, 0x2A34, 0x3254, 0x3255, 0x42F9, 0x743E, 0x8C9F, 0x8C9E, 0x7C7E, 0x4B5C,
    0x4B5C, 0x84BE, 0x9D1E, 0x849E, 0x42B9, 0x3256, 0x3A76, 0x3255, 0x3254, 0x3253, 0x3253, 0x2A33,
    0x2A53, 0x2A32, 0x2A51, 0x2250, 0x2250, 0x2A50, 0x2A50, 0x2A50, 0x2230, 0x2230, 0x3B13, 0x73B5,
    0x9B91, 0xA32B, 0xAB08, 0xAAE7, 0xAB08, 0xAB28, 0xB328, 0xB328, 0xB328, 0xAB07, 0xAAE7, 0xAAE7,
    0xA2E7, 0xA2C7, 0x9AC6, 0x9AA6, 0x9AC6, 0xAAE7, 0xC368, 0xD3A9, 0xAB29, 0x6A48, 0x2946, 0x08C6,
    0x10E6, 0x18E6, 0x18E6, 0x1928, 0x21EC, 0x2A4E, 0x2A4E, 0x2A4F, 0x324F, 0x2A2E, 0x2A2E, 0x2A0E,
    0x2A2E, 0x3A2D, 0x39EC, 0x320E, 0x3A2D, 0x420C, 0x420C, 0x520A, 0x61C6, 0x61A3, 0x59E7, 0x3A4E,
    0x5ACE, 0x836E, 0xA38B, 0xA329, 0xABAB, 0xBC4F, 0xA3EE, 0x9BCE, 0x834D, 0x8B2C, 0x92E9, 0x9B4B,
    0xB329, 0xBB8A, 0xCBEB, 0xCC0B, 0xCC0B, 0xD42A, 0xCC0B, 0xCC0A, 0xD42B, 0xDC4B, 0xDC4B, 0xDC4B,
    0xD42A, 0xCBA8, 0xC3A9, 0xCBEA, 0xD42B, 0xD44B, 0xDC6C, 0xDC8C, 0xDCAD, 0xE4AD, 0xE4CD, 0xE4CE,
    0xE4CE, 0xE4CE, 0xE4EF, 0xE4AD, 0xCB88, 0xC368, 0xBAE7, 0xAAA6, 0xBB48, 0xCBCA, 0xD3CA, 0xDC2B,
    0xE46C, 0xE4AD, 0xE48D, 0xE48D, 0xDC6C, 0xDC2A, 0xDC2A, 0xDC2A, 0xC3A8, 0xCBC9, 0xDC6C, 0xE46C,
    0xE46C, 0xE48C, 0xE48C, 0xE48C, 0xE48C, 0xEC6C, 0xE44B, 0xE42B, 0xE40A, 0xDBE9, 0xD3C9, 0xD3C8,
    0xCB88, 0xD388, 0xEC49, 0xBB06, 0x89C4, 0xC348, 0xA265, 0x8182, 0x8183, 0xCB68, 0xDC2B, 0xE4AD,
    0xDCAC, 0xCBE9, 0xCBE7, 0x89E2, 0x91E3, 0x7182, 0xAAA3, 0xAA82, 0xB2C3, 0xDC05, 0xD3A5, 0xAB26,
    0x8AC8, 0x7248, 0x4187, 0x3188, 0x59E7, 0x49A7, 0x3168, 0x3967, 0x3967, 0x3127, 0x2926, 0x3146,
    0x3947, 0x3146, 0x3967, 0x3967, 0x4167, 0x4966, 0x4985, 0x51C5, 0x59C5, 0x59C5, 0x59C5, 0x59C5,
    0x51A5, 0x59C4, 0x69E4, 0x59C4, 0x4964, 0x4944, 0x5164, 0x59A4, 0x69E4, 0x7224, 0x7A45, 0x5984,
    0x4143, 0x7A04, 0x9285, 0x69E4, 0x5183, 0x69E4, 0x7204, 0x69E4, 0x59A4, 0x59A4, 0x59A4, 0x51A3,
    0x5183, 0x5183, 0x4143, 0x3103, 0x3103, 0x28C3, 0x69E4, 0xB346, 0xAB25, 0x8243, 0x8243, 0x8A64,
    0x9284, 0xA2C4, 0xA2C4, 0x9AC5, 0xB3A8, 0xBBEA, 0xABAA, 0xAB8B, 0xA36B, 0xA36B, 0xA38B, 0x9B2A,
    0x7247, 0x7A68, 0xA34B, 0x8AE9, 0x6A06, 0x7AA8, 0x9B4A, 0x6A47, 0x6A27, 0x8AA9, 0x6A06, 0x8288,
    0x7A67, 0x82C8, 0xA38A, 0x82C8, 0x1166, 0x1187, 0x11CA, 0x11ED, 0x118A, 0x0945, 0x0924, 0x0946,
    0x118B, 0x19F0, 0x19D0, 0x090A, 0x0885, 0x08A5, 0x0885, 0x08E9, 0x1A12, 0x2AF5, 0x2B15, 0x22D4,
    0x22B3, 0x2AB3, 0x2AB3, 0x2AB3, 0x2AB2, 0x2AB2, 0x2AB2, 0x2A92, 0x2A92, 0x2A92, 0x2272, 0x2271,
    0x2251, 0x2251, 0x2251, 0x2251, 0x2251, 0x2231, 0x2231, 0x2231, 0x2231, 0x2231, 0x1A31, 0x1A11,
    0x1A11, 0x2211, 0x2211, 0x2211, 0x2211, 0x2231, 0x2211, 0x2212, 0x2232, 0x2233, 0x2233, 0x2A33,
    0x2A53, 0x3255, 0x3255, 0x42D9, 0x743E, 0x8CBE, 0x8CBE, 0x847E, 0x7C9E, 0x8CDE, 0x94FE, 0x639C,
    0x3256, 0x3A76, 0x3256, 0x3255, 0x3254, 0x3253, 0x2A53, 0x2A52, 0x2A52, 0x2A52, 0x2A51, 0x2250,
    0x2A70, 0x2A50, 0x2A50, 0x222F, 0x2A91, 0x6BD7, 0x9BF4, 0xAB2B, 0xAAE7, 0xAB07, 0xB328, 0xBB49,
    0xBB48, 0xBB68, 0xBB48, 0xBB48, 0xBB48, 0xBB48, 0xB328, 0xB328, 0xB328, 0xB327, 0xAB07, 0xA2E7,
    0xA2C7, 0x9AA6, 0x9AA6, 0xB307, 0xCB87, 0xD3E8, 0xC3A8, 0x8AA7, 0x4186, 0x10C6, 0x08C6, 0x2148,
    0x2A0C, 0x2A6F, 0x2A4E, 0x2A4E, 0x2A2F, 0x2A2E, 0x2A0E, 0x2A0E, 0x2A2E, 0x320D, 0x39ED, 0x3A2E,
    0x420D, 0x2A0E, 0x49EB, 0x4A0B, 0x61E6, 0x61A4, 0x59C6, 0x528D, 0x730D, 0x7B8F, 0xA38C, 0xAB8B,
    0xB3CC, 0xBC4F, 0xAC2F, 0x9B8D, 0x8B8D, 0x932B, 0x9266, 0x9B0B, 0xAB09, 0xBB8A, 0xC3CB, 0xCC0B,
    0xCC0A, 0xD42A, 0xD42B, 0xD40A, 0xD44B, 0xDC4B, 0xDC6B, 0xDC6B, 0xD42A, 0xCBE9, 0xD44B, 0xD44B,
    0xD44B, 0xD44B, 0xD44B, 0xD44C, 0xDC6C, 0xDC8D, 0xDCAD, 0xE4AD, 0xE4CD, 0xE4CE, 0xE4CE, 0xE4EE,
    0xDC4B, 0xBAE7, 0xB2A6, 0x9A25, 0x89C4, 0xA2A6, 0xCBA9, 0xD40A, 0xDC4B, 0xDC4B, 0xDC6B, 0xDC6C,
    0xDC2B, 0xD3E9, 0xC388, 0xC3A8, 0xC388, 0xC389, 0xDC6C, 0xE46B, 0xE46B, 0xE46B, 0xE48C, 0xE46C,
    0xE46B, 0xEC6B, 0xE44B, 0xE42B, 0xE40A, 0xDBE9, 0xD3C9, 0xD3A8, 0xCB88, 0xD3A8, 0xE429, 0x9A24,
    0x89C4, 0xC348, 0xA285, 0x6101, 0xA286, 0xD3C9, 0xDC2B, 0xE48C, 0xDCAC, 0xCBC9, 0xD3E7, 0x9A63,
    0x81A2, 0x81C2, 0xB2E3, 0x9A42, 0xB2C3, 0xC364, 0xCBA5, 0x9AA6, 0x82A9, 0x7248, 0x49A7, 0x3168,
    0x59E7, 0x49A8, 0x4188, 0x4188, 0x3967, 0x3967, 0x3967, 0x3967, 0x3967, 0x3967, 0x3967, 0x4167,
    0x4165, 0x4145, 0x4965, 0x51A5, 0x51C5, 0x59C5, 0x59A5, 0x4985, 0x4144, 0x5184, 0x71C4, 0x5984,
    0x3923, 0x3903, 0x4124, 0x61C4, 0x7204, 0x61A3, 0x5163, 0x3923, 0x30E3, 0x5983, 0x71E3, 0x5183,
    0x4143, 0x59A3, 0x5183, 0x3922, 0x28E3, 0x28E3, 0x28C3, 0x20C2, 0x18A2, 0x20C2, 0x18A2, 0x1882,
    0x18A2, 0x18A3, 0x4963, 0xAB05, 0xA305, 0x7A43, 0x7203, 0x69E3, 0x69E3, 0x7A03, 0x7A23, 0x8A64,
    0xAB68, 0xB3CA, 0xAB8A, 0xAB8B, 0xA36B, 0xA36A, 0xA38B, 0x9309, 0x7227, 0x7A68, 0xA34B, 0x92EA,
    0x6A27, 0x82C8, 0x9B4A, 0x7A88, 0x7A88, 0x92E9, 0x8288, 0x8AE9, 0x8AE9, 0x9329, 0xABCB, 0xA38A,
    0x1188, 0x19AA, 0x19ED, 0x1A0F, 0x11AC, 0x0947, 0x0904, 0x0925, 0x1168, 0x19CE, 0x19D0, 0x090A,
    0x08A5, 0x08A5, 0x0885, 0x08E9, 0x1A12, 0x2AF5, 0x2B15, 0x22D4, 0x2AB3, 0x2AB3, 0x2AB3, 0x2AB3,
    0x2AB3, 0x2AB2, 0x2AB2, 0x2A92, 0x2A92, 0x2A92, 0x2272, 0x2271, 0x2251, 0x2251, 0x2251, 0x2251,
    0x2251, 0x2251, 0x2231, 0x2231, 0x2231, 0x2231, 0x2231, 0x1A30, 0x1A11, 0x2211, 0x2211, 0x2211,
    0x2211, 0x2231, 0x2231, 0x2231, 0x2232, 0x2233, 0x2233, 0x2A33, 0x2A33, 0x3234, 0x3255, 0x3256,
    0x42D9, 0x741E, 0x8C9E, 0x951E, 0xA59E, 0x9D1E, 0x7C5E, 0x3AB8, 0x3A56, 0x3A76, 0x3255, 0x3254,
    0x3253, 0x2A53, 0x2A52, 0x2A52, 0x2A52, 0x2A51, 0x2A51, 0x2A70, 0x2A50, 0x2A71, 0x2230, 0x4334,
    0x8C58, 0xA391, 0xA2E8, 0xAB07, 0xB349, 0xB369, 0xBB69, 0xBB89, 0xBB89, 0xBB88, 0xBB68, 0xBB88,
    0xBB68, 0xBB68, 0xBB68, 0xBB68, 0xBB68, 0xB348, 0xB348, 0xB308, 0xAB07, 0xA2E7, 0xA2C7, 0xA2C7,
    0xA2E7, 0xBB67, 0xC387, 0xDC08, 0xD3E9, 0x9AE7, 0x4166, 0x114A, 0x198A, 0x21CB, 0x2A4E, 0x2A4F,
    0x2A2F, 0x2A2E, 0x2A0E, 0x220E, 0x220E, 0x320E, 0x3A0D, 0x4A0C, 0x320D, 0x2A0E, 0x41EB, 0x4A0B,
    0x6208, 0x61C4, 0x61C5, 0x72AB, 0x732E, 0x838E, 0xA3CD, 0xA3AC, 0xABCC, 0xB470, 0xAC2F, 0x9BAD,
    0x8B8D, 0x9B4B, 0x9A86, 0x92A9, 0xAB09, 0xB36A, 0xC3CA, 0xCBEB, 0xCC0A, 0xD40A, 0xD40A, 0xD40B,
    0xD44B, 0xDC6B, 0xDC6B, 0xDC8B, 0xD46B, 0xD46B, 0xD42B, 0xC3A9, 0xC3A9, 0xCBEA, 0xCC0B, 0xD44B,
    0xDC8C, 0xDC8D, 0xDCAD, 0xE4AD, 0xE4AD, 0xE4CE, 0xE4CE, 0xDCAD, 0xDCCE, 0xD44C, 0xCBCA, 0xCBCA,
    0xC389, 0xAAC7, 0xAAE7, 0xD3EA, 0xD40A, 0xD40A, 0xD42B, 0xD40A, 0xCBC9, 0xC388, 0xC388, 0xCBC9,
    0xBB68, 0xC368, 0xDC4B, 0xDC6B, 0xDC6B, 0xE46B, 0xE46B, 0xE46C, 0xE46B, 0xE46B, 0xE44B, 0xE42B,
    0xDC0A, 0xDBE9, 0xD3C8, 0xD3A8, 0xCB87, 0xD3A8, 0xCB67, 0x7142, 0x89C4, 0xBB07, 0xAA85, 0xCB88,
    0xE44A, 0xDC4C, 0xE46C, 0xDC6B, 0xDC8B, 0xCBC8, 0xDBE7, 0xAAC5, 0x91C2, 0x91E3, 0xA263, 0x9A22,
    0xAAA3, 0xBB04, 0xAAE5, 0x9AA6, 0x8A87, 0x6207, 0x41A7, 0x41A8, 0x59E8, 0x49A8, 0x4188, 0x4188,
    0x4187, 0x3967, 0x3967, 0x3967, 0x3967, 0x3967, 0x4187, 0x59C7, 0x61A4, 0x4943, 0x4144, 0x4144,
    0x4144, 0x4164, 0x4144, 0x3924, 0x28E4, 0x3903, 0x5143, 0x4103, 0x28C2, 0x20C2, 0x20C3, 0x4144,
    0x5983, 0x30E2, 0x20A2, 0x20A2, 0x1882, 0x28C2, 0x3102, 0x28E2, 0x3102, 0x3902, 0x20A1, 0x1081,
    0x1061, 0x1062, 0x1061, 0x1061, 0x1061, 0x1061, 0x1061, 0x1061, 0x1081, 0x18A2, 0x4943, 0x8A84,
    0x92C4, 0x7A43, 0x61C3, 0x5182, 0x5182, 0x5983, 0x59A3, 0x7224, 0x9B28, 0xABAA, 0xA38A, 0xA38B,
    0xA36B, 0xA34A, 0xA36A, 0x9329, 0x8288, 0x8AC9, 0xA36B, 0x9B2A, 0x8AC9, 0x9309, 0xA36A, 0x9B4A,
    0x9B4A, 0xA38B, 0xA34A, 0xA38B, 0xABAB, 0xABCB, 0xB3EB, 0xABEB, 0x21AC, 0x220F, 0x2251, 0x1A31,
    0x11AD, 0x0949, 0x08E4, 0x0905, 0x0926, 0x118C, 0x11AE, 0x092B, 0x0885, 0x08A5, 0x0885, 0x090A,
    0x1A12, 0x2AF5, 0x2B15, 0x22D4, 0x2AD3, 0x2AD3, 0x2AB3, 0x2AB3, 0x2AB2, 0x2AB2, 0x2AB2, 0x2A92,
    0x2A92, 0x2A92, 0x2271, 0x2272, 0x2271, 0x2251, 0x2251, 0x2251, 0x2251, 0x2251, 0x2251, 0x2231,
    0x2231, 0x2231, 0x1A30, 0x1A30, 0x1A30, 0x2211, 0x2211, 0x2211, 0x2211, 0x2231, 0x2231, 0x2231,
    0x2232, 0x2232, 0x2A33, 0x2A33, 0x2A33, 0x2A53, 0x3254, 0x3A76, 0x3A76, 0x3AB9, 0x6BFD, 0x94DE,
    0x9D3E, 0x94DF, 0x535C, 0x3256, 0x3A76, 0x3A75, 0x3254, 0x3254, 0x3253, 0x2A53, 0x2A52, 0x2A52,
    0x2A52, 0x2A51, 0x2A51, 0x2A71, 0x2A71, 0x2250, 0x5396, 0x9C99, 0xA36E, 0xA2E8, 0xAB28, 0xB348,
    0xBB69, 0xBB89, 0xC389, 0xC3A9, 0xC3A9, 0xC3C9, 0xC3A9, 0xC3A9, 0xC3A9, 0xC389, 0xC389, 0xC389,
    0xBB68, 0xBB68, 0xBB68, 0xB348, 0xAB08, 0xAB07, 0xAAE7, 0xA2E7, 0xA2C7, 0xAB27, 0xB347, 0xB347,
    0xC387, 0xDC29, 0xD3E9, 0x5186, 0x0064, 0x1083, 0x2925, 0x2A0C, 0x324F, 0x2A4F, 0x2A2F, 0x2A2E,
    0x220E, 0x322E, 0x420D, 0x41EC, 0x21EE, 0x29EE, 0x41EC, 0x520A, 0x5229, 0x59E6, 0x61C4, 0x7269,
    0x6B4F, 0x9B8D, 0xAC0E, 0xABEE, 0xABAC, 0xBC70, 0xAC2F, 0x9BEE, 0x8B4C, 0x9B2A, 0x9AA7, 0x8A67,
    0xA30A, 0xB349, 0xBBAA, 0xC3EA, 0xCBEA, 0xCC0B, 0xD42B, 0xD42B, 0xD44B, 0xDC6B, 0xDC6B, 0xDC8C,
    0xDC6B, 0xD44B, 0xCC0A, 0xB327, 0x79A3, 0x9AC7, 0xCC2B, 0xD44C, 0xDC6C, 0xDC8D, 0xDC8D, 0xDCAD,
    0xDCAD, 0xDCAD, 0xDCAD, 0xDCAD, 0xDCAD, 0xDCAD, 0xDC8C, 0xD46C, 0xD40B, 0xC3A9, 0xC389, 0xC389,
    0xC389, 0xCBA9, 0xCBC9, 0xC388, 0xB327, 0xAAC6, 0xBB27, 0xBB68, 0xB327, 0xBB68, 0xDC2B, 0xDC4B,
    0xDC4B, 0xDC4B, 0xDC4B, 0xDC4B, 0xDC4B, 0xDC4B, 0xE42B, 0xDC2A, 0xDBEA, 0xDBC9, 0xD3A8, 0xCB88,
    0xCB67, 0xCB47, 0xA265, 0x50A1, 0x89C4, 0xAA66, 0xC347, 0xDC09, 0xDC0A, 0xDC4B, 0xE4AD, 0xDC8C,
    0xDC4A, 0xCBE8, 0xDC08, 0xD3C7, 0xB283, 0x9A23, 0x9202, 0xA262, 0x7A45, 0xAB05, 0xB305, 0x9AC6,
    0x8A67, 0x49A7, 0x3187, 0x6207, 0x51E8, 0x39A8, 0x4188, 0x3968, 0x4167, 0x3967, 0x3147, 0x3146,
    0x3126, 0x3126, 0x4167, 0x69E7, 0x69C5, 0x4944, 0x3104, 0x28E4, 0x20C3, 0x20C3, 0x20C3, 0x20C3,
    0x10A3, 0x18A3, 0x20A3, 0x1883, 0x1082, 0x1082, 0x10A3, 0x20C3, 0x20A2, 0x1061, 0x1061, 0x1061,
    0x1061, 0x1041, 0x1061, 0x1881, 0x28A1, 0x20A1, 0x1061, 0x1061, 0x1061, 0x1061, 0x1041, 0x1060,
    0x1060, 0x1060, 0x1040, 0x1040, 0x1061, 0x1882, 0x4963, 0x8A84, 0x92A4, 0x7A23, 0x59A2, 0x4962,
    0x4942, 0x4942, 0x5182, 0x6A04, 0x9B29, 0xAB8B, 0xA36A, 0xA36B, 0xA36B, 0x9B4A, 0xA36A, 0x9B4A,
    0x9B2A, 0x9B4A, 0xA36B, 0xA36B, 0x9B4A, 0xA38A, 0xA38A, 0xA38A, 0xABAB, 0xABAB, 0xABAC, 0xABCC,
    0xB3EC, 0xB3EB, 0xB3EB, 0xB40B, 0x2A30, 0x32D3, 0x2AD3, 0x1A51, 0x11AD, 0x0929, 0x08C4, 0x08E4,
    0x0905, 0x116A, 0x116D, 0x090A, 0x08A5, 0x08A5, 0x0885, 0x110B, 0x1A33, 0x2AF5, 0x2B15, 0x22D3,
    0x2AD3, 0x2AD3, 0x2AB3, 0x2AB3, 0x2AB3, 0x2AB2, 0x2AB2, 0x2A92, 0x2292, 0x2A92, 0x2271, 0x2A71,
    0x2271, 0x2271, 0x2251, 0x2251, 0x2251, 0x2251, 0x2251, 0x2251, 0x2230, 0x2230, 0x2230, 0x2230,
    0x1A10, 0x2210, 0x2211, 0x2211, 0x2211, 0x2231, 0x2231, 0x2231, 0x2232, 0x2232, 0x2232, 0x2A32,
    0x2A32, 0x2A53, 0x3254, 0x3255, 0x3A56, 0x3A56, 0x3AB8, 0x63BC, 0x741D, 0x639D, 0x3A97, 0x3A75,
    0x3A76, 0x3A75, 0x3274, 0x3253, 0x3253, 0x3252, 0x2A52, 0x2A52, 0x2A51, 0x2A51, 0x2A71, 0x2A71,
    0x2250, 0x5BD7, 0xA497, 0xA32C, 0xAB08, 0xB348, 0xBB68, 0xBB89, 0xC389, 0xC3A9, 0xC3AA, 0xCBCA,
    0xCBEA, 0xCBE9, 0xCBC9, 0xCBC9, 0xCBC9, 0xCBA9, 0xCBA9, 0xC3A9, 0xC389, 0xBB88, 0xBB68, 0xB348,
    0xB328, 0xAB08, 0xAB07, 0xAB07, 0xA2E7, 0xA2C6, 0xAB06, 0xB327, 0xB327, 0xB347, 0xCBE8, 0xBB67,
    0x3903, 0x0882, 0x28A1, 0x38E3, 0x3987, 0x39A9, 0x196A, 0x21CC, 0x2A0D, 0x322D, 0x520B, 0x39ED,
    0x2A0F, 0x29EE, 0x3A0D, 0x4A0A, 0x522A, 0x5209, 0x69C4, 0x7247, 0x730D, 0x8B6D, 0xAC0F, 0xBC4E,
    0xABAC, 0xB44F, 0xAC0E, 0x93CF, 0x8B2B, 0x9AE8, 0xA2E8, 0x8A46, 0x9AEA, 0xAB4A, 0xBB89, 0xC3CA,
    0xC3EA, 0xCC0A, 0xD40B, 0xCC0B, 0xD42B, 0xD44B, 0xDC6B, 0xDC8B, 0xDC6B, 0xD42A, 0xCC0A, 0xC3A9,
    0xA2E7, 0x58E2, 0xAB28, 0xDC8C, 0xD46C, 0xDC8D, 0xDC8D, 0xDC8D, 0xDCAD, 0xDCAD, 0xDCAD, 0xDCAD,
    0xDCAD, 0xDCAD, 0xDCAD, 0xDC6C, 0xD42B, 0xC368, 0xBB27, 0xB307, 0xBB27, 0xBB48, 0xB327, 0xA2A6,
    0xAAA6, 0xA2C6, 0xAAE6, 0xAB07, 0xB327, 0xBB68, 0xD40A, 0xDC2B, 0xDC2A, 0xDC2A, 0xDC2A, 0xDC4A,
    0xDC4A, 0xDC4B, 0xDC2A, 0xDC0A, 0xDBEA, 0xD3C9, 0xCBA8, 0xCB67, 0xC346, 0xC306, 0x6943, 0x2800,
    0x7122, 0xA265, 0xD3C9, 0xDC6B, 0xDC8C, 0xDC2B, 0xDC6C, 0xDC6B, 0xD44A, 0xCBE9, 0xD3C8, 0xECCA,
    0xE427, 0xAA84, 0x9A22, 0x9263, 0x7225, 0x9AA5, 0xB325, 0x9AA6, 0x8A67, 0x4188, 0x49C7, 0x6A27,
    0x41A8, 0x41A8, 0x41A8, 0x4168, 0x3147, 0x2927, 0x2106, 0x18E5, 0x18C4, 0x20C4, 0x2906, 0x4146,
    0x4124, 0x20C3, 0x1083, 0x1083, 0x1083, 0x1083, 0x0882, 0x0882, 0x0862, 0x0862, 0x0862, 0x0862,
    0x0841, 0x0862, 0x10A3, 0x20C3, 0x1881, 0x0840, 0x0840, 0x0840, 0x0840, 0x0840, 0x1040, 0x1040,
    0x28A1, 0x30C1, 0x1881, 0x1061, 0x1061, 0x1061, 0x1061, 0x0860, 0x0860, 0x0840, 0x1041, 0x1041,
    0x1061, 0x18A2, 0x5184, 0x8A84, 0x92A4, 0x7A23, 0x59A2, 0x4962, 0x4962, 0x5162, 0x61C3, 0x7A44,
    0x9B29, 0xAB8A, 0xA36A, 0xA36B, 0xA36B, 0xA36A, 0xA36A, 0xA36A, 0xA38B, 0xA38B, 0xA36B, 0xA36B,
    0xA38B, 0xA38A, 0xA38A, 0xA38A, 0xABAB, 0xABAB, 0xABAB, 0xABAB, 0xABCB, 0xB3EB, 0xB3EB, 0xABEB,
    0x2A92, 0x3334, 0x3334, 0x1A71, 0x09AC, 0x0928, 0x00A4, 0x08A4, 0x08E5, 0x0928, 0x094B, 0x08E8,
    0x0885, 0x08A5, 0x0885, 0x110B, 0x1A11, 0x2AF4, 0x2B14, 0x22D3, 0x2AD3, 0x2AB3, 0x2AB3, 0x2AB3,
    0x2AD2, 0x2AD2, 0x2AB2, 0x2292, 0x2292, 0x2292, 0x2272, 0x2A71, 0x2A91, 0x2271, 0x2271, 0x2271,
    0x2251, 0x2251, 0x2251, 0x2251, 0x2230, 0x2230, 0x2230, 0x2230, 0x2230, 0x2210, 0x2210, 0x2231,
    0x2230, 0x2231, 0x2231, 0x2231, 0x2231, 0x2231, 0x2231, 0x2232, 0x2A32, 0x2A32, 0x2A33, 0x3254,
    0x3254, 0x3A75, 0x3A75, 0x3A96, 0x3AD8, 0x3A97, 0x3255, 0x3A75, 0x3A75, 0x3254, 0x3253, 0x3253,
    0x3252, 0x3252, 0x2A52, 0x2A72, 0x2A71, 0x2A71, 0x2A71, 0x2250, 0x5BB6, 0xA477, 0xA32C, 0xAB28,
    0xB328, 0xBB68, 0xBB89, 0xC3A9, 0xC3C9, 0xCBCA, 0xCBEA, 0xCBCA, 0xCBEA, 0xCC0A, 0xCBEA, 0xCBEA,
    0xCBC9, 0xCBC9, 0xCBC9, 0xCBC9, 0xC3C9, 0xC3A9, 0xBB89, 0xBB48, 0xB348, 0xB328, 0xAB08, 0xAB27,
    0xAB07, 0xA2E6, 0xA2E6, 0xAAE7, 0xB307, 0xAAE7, 0xAB07, 0xC387, 0x7205, 0x1082, 0x1882, 0x38E2,
    0x28A1, 0x5943, 0x1881, 0x0862, 0x10C4, 0x3946, 0x61C6, 0x3126, 0x1927, 0x29AA, 0x320D, 0x41EA,
    0x4A0A, 0x420B, 0x61C5, 0x69C5, 0x6ACB, 0x7B6E, 0xA3CE, 0xBC2E, 0xB3CC, 0x9BCF, 0xA40F, 0x938E,
    0x932B, 0x9AC7, 0xA308, 0x9286, 0x9287, 0xAB4A, 0xB369, 0xBBAA, 0xC3CA, 0xCBEA, 0xCC0B, 0xD40B,
    0xD42B, 0xD44B, 0xD46B, 0xDC6B, 0xD44B, 0xD42A, 0xD42B, 0xD42B, 0xE4AD, 0xC36A, 0x7123, 0xB328,
    0xDC4C, 0xDC8D, 0xDCAD, 0xDCAD, 0xDCAD, 0xDC8D, 0xDC8D, 0xDC8D, 0xDC8D, 0xDC8D, 0xDCCD, 0xDC6C,
    0xD3EA, 0xC368, 0xAAE6, 0xAAC6, 0xAAE6, 0xAAE6, 0xA2C6, 0xAAC6, 0xAAC6, 0xAAE6, 0xAB07, 0xAB07,
    0xB327, 0xBB68, 0xD40A, 0xDC2B, 0xD40A, 0xD3EA, 0xD40A, 0xDC2A, 0xDC2A, 0xDC2A, 0xDC0A, 0xDBEA,
    0xD3C9, 0xCBA9, 0xCB88, 0xCB67, 0xBB06, 0x81A3, 0x3061, 0x5922, 0xAAC6, 0xCBC9, 0xD42A, 0xDC6B,
    0xDC8C, 0xDC6C, 0xDC4B, 0xDC4A, 0xD44A, 0xD409, 0xCBA7, 0xECEA, 0xFD6B, 0xB305, 0x9A43, 0x9284,
    0x8A44, 0x6206, 0xA306, 0x9AA6, 0x8267, 0x59C7, 0x7226, 0x49C7, 0x41A8, 0x41A8, 0x3988, 0x3148,
    0x2106, 0x18E5, 0x10C5, 0x08A3, 0x0861, 0x0841, 0x1062, 0x1083, 0x10A3, 0x0883, 0x0862, 0x0862,
    0x0862, 0x0862, 0x0861, 0x0861, 0x0861, 0x0862, 0x0862, 0x0842, 0x0841, 0x0841, 0x1083, 0x20E3,
    0x20A2, 0x0840, 0x0820, 0x0840, 0x0840, 0x0840, 0x0840, 0x1061, 0x28C1, 0x4101, 0x28C1, 0x1881,
    0x2081, 0x1881, 0x1081, 0x1081, 0x1081, 0x1061, 0x1061, 0x1061, 0x1082, 0x18A3, 0x5184, 0x8A84,
    0x92A4, 0x7A23, 0x59A2, 0x5162, 0x5162, 0x59A3, 0x7A03, 0x92A5, 0xA348, 0xAB8A, 0xA38A, 0xA36B,
    0xA36B, 0xA36A, 0xA36A, 0xA36B, 0xA38B, 0xA38B, 0xA36B, 0x9B4B, 0xA36B, 0xA38A, 0x9B4A, 0x932A,
    0xA38B, 0xABAB, 0xA36B, 0x8AE9, 0x9B2A, 0xABCB, 0xABCB, 0x9329, 0x2A92, 0x3334, 0x3314, 0x1A51,
    0x098C, 0x0928, 0x08A4, 0x0884, 0x08A4, 0x0907, 0x0929, 0x08C7, 0x08A5, 0x08A5, 0x0885, 0x110A,
    0x1A31, 0x2B14, 0x2B34, 0x22D3, 0x2AB3, 0x2AB4, 0x2AB3, 0x2AB3, 0x2AD2, 0x2AD2, 0x2AB2, 0x2AB2,
    0x2A92, 0x2292, 0x2A92, 0x2A91, 0x2A91, 0x2A71, 0x2271, 0x2A71, 0x2A71, 0x2A71, 0x2A51, 0x2A71,
    0x2251, 0x2250, 0x2230, 0x2230, 0x2230, 0x2230, 0x2230, 0x2230, 0x2230, 0x2230, 0x2230, 0x2231,
    0x2231, 0x2231, 0x2211, 0x2231, 0x2A32, 0x2A32, 0x2A33, 0x2A33, 0x3234, 0x3254, 0x3254, 0x3274,
    0x3274, 0x3255, 0x3A75, 0x3275, 0x3254, 0x3254, 0x3273, 0x3273, 0x3252, 0x2A52, 0x2A52, 0x2A71,
    0x2A71, 0x2A71, 0x2230, 0x5375, 0x9C57, 0x9B2C, 0xAB28, 0xB349, 0xBB69, 0xBB89, 0xC3A9, 0xC3CA,
    0xCBCA, 0xCBEA, 0xD3EA, 0xD3EA, 0xD40A, 0xD42A, 0xD42A, 0xD40A, 0xD3EA, 0xCBEA, 0xCBEA, 0xCBEA,
    0xCBC9, 0xC3C9, 0xC3C9, 0xBB69, 0xBB68, 0xB348, 0xB328, 0xB327, 0xB327, 0xAB07, 0xAAE7, 0xA2E7,
    0xA2C7, 0xA2C7, 0x9AA6, 0x9AC6, 0x8266, 0x28E2, 0x0861, 0x30C2, 0x1881, 0x4103, 0x30C2, 0x0821,
    0x1041, 0x4964, 0x4123, 0x2881, 0x4123, 0x7248, 0x82CB, 0x82A9, 0x8268, 0x72AB, 0x7207, 0x69A4,
    0x7A88, 0x838E, 0xA3CD, 0xBBED, 0xBBED, 0xB38B, 0xABAC, 0x938F, 0x92E9, 0x9AC7, 0xA308, 0x9AA7,
    0x8A25, 0x9B09, 0xAB49, 0xBB89, 0xC3C9, 0xC3EA, 0xCC0A, 0xCC0B, 0xCC0A, 0xD42B, 0xD44B, 0xD44B,
    0xD44A, 0xD42A, 0xD46B, 0xDC8C, 0xDC8C, 0xE4CE, 0xC329, 0x8123, 0x9A05, 0xCB29, 0xD3CB, 0xDC2C,
    0xDC4C, 0xDC8D, 0xDCAD, 0xDCAD, 0xDCAD, 0xDCAD, 0xDC6C, 0xD42B, 0xCBEA, 0xCBA9, 0xC389, 0xBB48,
    0xB307, 0xAAE7, 0xA2E6, 0xA2E7, 0xAAE7, 0xAAE6, 0xAAE7, 0xAB07, 0xAB07, 0xBB68, 0xCBEA, 0xD40A,
    0xD3EA, 0xCBC9, 0xCBC9, 0xD3E9, 0xD40A, 0xD40A, 0xD40A, 0xD3C9, 0xD3A9, 0xCB88, 0xCB87, 0xB2C5,
    0x81A3, 0x8A04, 0xB348, 0xDC2B, 0xDC6C, 0xDC8C, 0xDCAC, 0xDC8C, 0xDC4B, 0xDC6C, 0xDC4C, 0xDC4B,
    0xD44A, 0xD429, 0xCBC8, 0xE469, 0xFDCC, 0xD428, 0xA283, 0x8A64, 0x59E6, 0x49C7, 0x9AA6, 0x9AA6,
    0x7A47, 0x59E7, 0x49C6, 0x39A7, 0x41A8, 0x41A8, 0x3968, 0x2128, 0x10C5, 0x08A3, 0x08A4, 0x0882,
    0x0841, 0x0820, 0x0820, 0x0841, 0x0883, 0x0883, 0x0862, 0x0862, 0x0862, 0x0861, 0x0841, 0x0841,
    0x0841, 0x0862, 0x0862, 0x0862, 0x0841, 0x0841, 0x1082, 0x20C3, 0x20A2, 0x1061, 0x0841, 0x1040,
    0x0840, 0x1061, 0x1061, 0x1082, 0x28C2, 0x4102, 0x38E2, 0x28C2, 0x28C2, 0x20A2, 0x18A2, 0x18A1,
    0x18A1, 0x18A1, 0x18A2, 0x1882, 0x18A2, 0x18A3, 0x4984, 0x8A84, 0x8A84, 0x7A23, 0x61A3, 0x5182,
    0x5182, 0x61A3, 0x8243, 0x9AE5, 0xAB68, 0xAB8A, 0xAB8A, 0xA36B, 0xA36A, 0xA38A, 0xA38B, 0xA36B,
    0xA38B, 0xA36B, 0x92EA, 0x82A9, 0x932A, 0x9B4A, 0x7A88, 0x7247, 0x9B4A, 0xABAB, 0x8AE9, 0x59C6,
    0x6A27, 0xA38B, 0xA38A, 0x7267, 0x2AB2, 0x3334, 0x3313, 0x1A50, 0x098B, 0x0908, 0x0884, 0x0885,
    0x08A5, 0x08E6, 0x0908, 0x08C6, 0x0885, 0x0885, 0x0885, 0x110A, 0x1A52, 0x2B55, 0x2B54, 0x22F3,
    0x2AD3, 0x2AB4, 0x2AB3, 0x2AD3, 0x2AD2, 0x2AD2, 0x2AB2, 0x2AB2, 0x2A92, 0x2A92, 0x2A92, 0x2A91,
    0x2A91, 0x2A71, 0x2A71, 0x2A71, 0x2A71, 0x2A71, 0x2A71, 0x2A51, 0x2250, 0x2250, 0x2250, 0x2230,
    0x2230, 0x2230, 0x2230, 0x2230, 0x2210, 0x2210, 0x2210, 0x2210, 0x2231, 0x2231, 0x2231, 0x2231,
    0x2A31, 0x2A31, 0x2A32, 0x2A33, 0x2A33, 0x3253, 0x3253, 0x3274, 0x3274, 0x3254, 0x3254, 0x3254,
    0x3254, 0x3253, 0x3273, 0x3273, 0x2A52, 0x2A52, 0x2A71, 0x2A71, 0x2A71, 0x2230, 0x4334, 0x9C57,
    0x9B2C, 0xAB08, 0xB349, 0xB349, 0xBB89, 0xC3C9, 0xC3C9, 0xCBEA, 0xCBEA, 0xD40A, 0xD40A, 0xD40A,
    0xD40A, 0xD42A, 0xD42B, 0xD42B, 0xD42B, 0xD40A, 0xD40A, 0xCBEA, 0xCBEA, 0xCBC9, 0xC3A9, 0xC389,
    0xBB89, 0xBB68, 0xB348, 0xB327, 0xB327, 0xAB07, 0xAB07, 0xAB07, 0xA2E7, 0xA2C7, 0x9AA7, 0x8A86,
    0x8A66, 0x4143, 0x0841, 0x1882, 0x1061, 0x28A2, 0x2081, 0x0020, 0x28C2, 0x4123, 0x1861, 0x3902,
    0x7A26, 0x8247, 0x8246, 0x8A87, 0x8A66, 0xA2C7, 0x8246, 0x71A3, 0xA2C6, 0xAB49, 0xA36A, 0xAB6B,
    0xA32A, 0x8A66, 0x8B0C, 0x8B6F, 0x92C8, 0x9AC7, 0xA2E8, 0xA2E7, 0x8A25, 0x9287, 0xA329, 0xB368,
    0xBBA9, 0xC3CA, 0xCBEA, 0xCBEA, 0xCC0A, 0xD42A, 0xD42A, 0xD42A, 0xD44A, 0xD44B, 0xDC6B, 0xDC8C,
    0xDCAD, 0xDCAD, 0xDC6C, 0xC2C8, 0xA1C5, 0x99A4, 0xA9E5, 0xC287, 0xCAE8, 0xD329, 0xD38A, 0xD3AA,
    0xDC0C, 0xDC8D, 0xDC6C, 0xD40A, 0xD3CA, 0xD3EA, 0xD42B, 0xD42B, 0xB348, 0xAAC6, 0xA2C6, 0xA2C6,
    0xA2C6, 0xA2E6, 0xA2E7, 0xAB07, 0xAB27, 0xBB88, 0xC3C9, 0xCBEA, 0xCBEA, 0xCBC9, 0xBB68, 0xC388,
    0xCBE9, 0xD3E9, 0xD3C9, 0xD3A9, 0xD3A9, 0xC347, 0x9A24, 0x8A04, 0xBB47, 0xDC4A, 0xDC4B, 0xD44C,
    0xD44C, 0xD48C, 0xD46B, 0xCC2A, 0xD42B, 0xDC6C, 0xDC4B, 0xDC6B, 0xD44A, 0xD449, 0xD3E9, 0xDBE8,
    0xF50A, 0xF52A, 0x9285, 0x49C7, 0x41C7, 0x59E6, 0x8A66, 0xAAC6, 0x7A47, 0x41A8, 0x41A7, 0x3987,
    0x3988, 0x3988, 0x3968, 0x2127, 0x10C4, 0x0882, 0x08A3, 0x08A3, 0x0861, 0x0821, 0x0821, 0x0821,
    0x0883, 0x08A3, 0x1083, 0x1083, 0x1062, 0x0841, 0x0841, 0x0841, 0x0861, 0x1061, 0x1062, 0x1061,
    0x0841, 0x0861, 0x0882, 0x18A2, 0x18A2, 0x1881, 0x1061, 0x1061, 0x1061, 0x1081, 0x18C3, 0x18E4,
    0x2904, 0x3923, 0x4942, 0x4102, 0x28E2, 0x28C2, 0x28C2, 0x28E2, 0x2902, 0x28E2, 0x20A2, 0x18A3,
    0x18A3, 0x18A3, 0x4984, 0x8284, 0x8A84, 0x7A23, 0x61A3, 0x5982, 0x5982, 0x61C3, 0x8243, 0xA305,
    0xB388, 0xAB8A, 0xAB8A, 0xAB8B, 0xA38A, 0xA38A, 0xA38A, 0xA36A, 0xA36B, 0x9B4B, 0x7A48, 0x59C6,
    0x82A8, 0x8AE9, 0x51A5, 0x4984, 0x9309, 0xA36B, 0x7A68, 0x3944, 0x51A5, 0x9B4A, 0x9B6A, 0x6A46,
    0x2AD2, 0x3354, 0x3313, 0x1A30, 0x096B, 0x0908, 0x08A5, 0x08A5, 0x0885, 0x08C5, 0x08E6, 0x08A5,
    0x08A5, 0x08A5, 0x0885, 0x114B, 0x2292, 0x3375, 0x3375, 0x2AF3, 0x2AD3, 0x2AD4, 0x2AD4, 0x2AD3,
    0x2AD2, 0x2AD2, 0x2AD2, 0x2AB2, 0x2A92, 0x2A92, 0x2A91, 0x2A91, 0x2A91, 0x2A71, 0x2A71, 0x2A71,
    0x2A71, 0x2A71, 0x2A71, 0x2A51, 0x2250, 0x2251, 0x2250, 0x2250, 0x2230, 0x2230, 0x2230, 0x2230,
    0x2210, 0x2230, 0x2230, 0x2230, 0x2231, 0x2231, 0x2211, 0x2231, 0x2231, 0x2A11, 0x2A32, 0x2A33,
    0x2A33, 0x2A53, 0x3253, 0x3253, 0x3253, 0x3253, 0x3253, 0x3253, 0x3253, 0x3253, 0x2A72, 0x2A72,
    0x2A72, 0x2A72, 0x2A51, 0x2A71, 0x2250, 0x3AF3, 0x9458, 0x9B4D, 0xA2E8, 0xAB29, 0xB349, 0xBB69,
    0xC3A9, 0xCBEA, 0xCBEA, 0xCBEA, 0xD40A, 0xD40B, 0xD42B, 0xD42B, 0xD44B, 0xDC4B, 0xDC4B, 0xDC4B,
    0xDC4B, 0xD42B, 0xD42A, 0xD40A, 0xCC0A, 0xCBC9, 0xCBA9, 0xC3A9, 0xC389, 0xBB68, 0xBB68, 0xB347,
    0xAB27, 0xB307, 0xAB07, 0xAB07, 0xAAE7, 0xAAE7, 0xA2C7, 0x9286, 0x8A86, 0x5184, 0x0841, 0x1061,
    0x0841, 0x1041, 0x2081, 0x0020, 0x4923, 0x2881, 0x1840, 0x4923, 0x8245, 0x9266, 0x9266, 0x9266,
    0x8225, 0x7A05, 0x8225, 0x6162, 0x71E4, 0x8A66, 0x8A66, 0x9286, 0x8A45, 0x7A48, 0x8B4F, 0x8B0D,
    0x92A7, 0xA2C7, 0xA2E8, 0xAB08, 0x9266, 0x9266, 0x92C7, 0xAB28, 0xB368, 0xC3A9, 0xC3CA, 0xCBEA,
    0xCBEA, 0xCC0A, 0xD42A, 0xD42A, 0xD44B, 0xD46B, 0xD46C, 0xDC8C, 0xDCAD, 0xDC8C, 0xDC6C, 0xD3CB,
    0xD2A8, 0xC267, 0xA1C5, 0x9984, 0xA9E5, 0xC267, 0xCAA8, 0xCAA8, 0xCAA8, 0xCAC8, 0xCB08, 0xD389,
    0xD3EA, 0xD40B, 0xDC4C, 0xDC8D, 0xCC0B, 0xB327, 0xA2C6, 0xA2C6, 0xA2C6, 0xA2C6, 0xAAE7, 0xAB07,
    0xB347, 0xBB88, 0xBB88, 0xBB89, 0xBB89, 0xBB68, 0xBB67, 0xCBC9, 0xCBC9, 0xCBE9, 0xD3E9, 0xCB88,
    0xAAA6, 0x9A45, 0xB307, 0xD42A, 0xDC8B, 0xD46C, 0xD46C, 0xDC6C, 0xD46C, 0xCC4B, 0xCC2A, 0xCC0A,
    0xCC0A, 0xD42B, 0xDC4B, 0xDC6B, 0xD44A, 0xD429, 0xD409, 0xCB87, 0xE448, 0xFD4A, 0x7AA7, 0x2168,
    0x49E7, 0x59E6, 0x8A67, 0x7228, 0x8246, 0x49A8, 0x49A7, 0x3187, 0x3988, 0x3988, 0x3968, 0x2948,
    0x10C5, 0x0882, 0x08C4, 0x08C4, 0x1082, 0x1041, 0x0821, 0x0841, 0x0883, 0x10C4, 0x18A3, 0x18A3,
    0x1062, 0x0841, 0x0841, 0x0862, 0x1082, 0x1061, 0x1041, 0x0841, 0x0841, 0x1082, 0x10A3, 0x10A2,
    0x1882, 0x2081, 0x2081, 0x1881, 0x18A2, 0x18A2, 0x18E4, 0x2125, 0x2925, 0x4963, 0x7A22, 0x69C2,
    0x3902, 0x28C2, 0x30E2, 0x3102, 0x3102, 0x2902, 0x20C3, 0x18A3, 0x18A3, 0x18C3, 0x4964, 0x8264,
    0x8A63, 0x7A03, 0x61A2, 0x5982, 0x5982, 0x61A2, 0x8223, 0xA305, 0xBBA8, 0xB3AA, 0xAB6A, 0xAB8A,
    0xA38A, 0xA38A, 0xA36A, 0xA36A, 0xA36B, 0x9B4A, 0x6A07, 0x3123, 0x6A27, 0x7268, 0x3944, 0x4984,
    0x9309, 0x9B4A, 0x7247, 0x51A5, 0x59C5, 0x8AE9, 0x9B6A, 0x6206, 0x32F2, 0x3B54, 0x3313, 0x1A30,
    0x096B, 0x0907, 0x08A5, 0x08A5, 0x0885, 0x08A4, 0x08A4, 0x08A4, 0x08A5, 0x08A5, 0x0885, 0x114B,
    0x22B3, 0x3395, 0x3375, 0x2AF3, 0x2AD4, 0x2AD4, 0x2AD4, 0x2AF3, 0x2AF2, 0x2AD2, 0x2AD2, 0x2AB2,
    0x2AB2, 0x2A92, 0x2A92, 0x2A91, 0x2A91, 0x2A91, 0x2A71, 0x2A71, 0x2A71, 0x2A71, 0x2A71, 0x2A51,
    0x2A51, 0x2251, 0x2250, 0x2250, 0x2250, 0x2230, 0x2230, 0x2230, 0x2230, 0x2230, 0x2230, 0x2230,
    0x2230, 0x2231, 0x2231, 0x2210, 0x2231, 0x2A31, 0x2A32, 0x2A32, 0x2A32, 0x2A52, 0x2A52, 0x3253,
    0x3253, 0x3253, 0x3253, 0x2A53, 0x2A52, 0x2A52, 0x2A72, 0x2A72, 0x2A71, 0x2A71, 0x2A71, 0x2A51,
    0x32B2, 0x8438, 0x9B6F, 0xA309, 0xAB28, 0xB348, 0xBB69, 0xC3A9, 0xC3C9, 0xCBEA, 0xCC0A, 0xCC0A,
    0xD42B, 0xD44B, 0xDC4B, 0xDC6C, 0xDC8C, 0xDCAC, 0xDC8C, 0xDC8C, 0xDC6C, 0xDC6C, 0xDC4B, 0xD44B,
    0xD42A, 0xCBEA, 0xCBEA, 0xCBCA, 0xC389, 0xBB89, 0xBB68, 0xB348, 0xB327, 0xAB27, 0xB327, 0xAB08,
    0xAB07, 0xAB07, 0xAB07, 0x9AA6, 0x9286, 0x59A4, 0x0841, 0x1061, 0x0820, 0x0841, 0x1861, 0x1061,
    0x4102, 0x1841, 0x2061, 0x5983, 0x9AA6, 0x9AA6, 0xA2A6, 0xA2C6, 0x9285, 0x9265, 0x9265, 0x6983,
    0x6983, 0x8225, 0x9A86, 0x8A45, 0x8268, 0x8ACB, 0x8AEC, 0x8ACA, 0x9287, 0xA2E7, 0xA2E7, 0xAB28,
    0x9AA7, 0x9A86, 0x9266, 0x9AE7, 0xB348, 0xBB89, 0xC3AA, 0xC3CA, 0xCBEA, 0xCC0A, 0xCC2A, 0xD42A,
    0xD44B, 0xD46C, 0xDC8C, 0xDC8C, 0xDC8C, 0xDC8C, 0xDC4C, 0xD3EB, 0xD309, 0xCAA8, 0xD2A8, 0xC247,
    0xA9C5, 0xA184, 0xA1C5, 0xBA47, 0xC2A8, 0xC2C8, 0xC287, 0xC266, 0xCB08, 0xD349, 0xD349, 0xD36A,
    0xCB69, 0xCB48, 0xC348, 0xBB28, 0xB328, 0xAB07, 0xAB27, 0xB368, 0xBB68, 0xA2E6, 0x9245, 0xA2C6,
    0xBB68, 0xBB68, 0xD42A, 0xDC6B, 0xD42A, 0xCBE9, 0xBB07, 0xA285, 0xB307, 0xD40B, 0xDC6B, 0xDC6B,
    0xD48C, 0xDCAD, 0xD48D, 0xD46C, 0xD44C, 0xC40B, 0xC3E9, 0xC3E9, 0xC3E9, 0xD42B, 0xD44B, 0xD42A,
    0xD409, 0xD429, 0xC387, 0xC345, 0xDBE6, 0xF4C8, 0x9B28, 0x39A7, 0x59E6, 0x51C6, 0x8267, 0x59E8,
    0x6A07, 0x49A7, 0x41A7, 0x3987, 0x3987, 0x3988, 0x3988, 0x2968, 0x10E5, 0x08A3, 0x08C4, 0x10E5,
    0x10A3, 0x1062, 0x1062, 0x0862, 0x08A3, 0x10C4, 0x18C3, 0x1882, 0x1062, 0x0861, 0x0882, 0x08A3,
    0x10A3, 0x1881, 0x1041, 0x0821, 0x0841, 0x10A2, 0x18C4, 0x18A3, 0x1881, 0x20A1, 0x20A1, 0x20A2,
    0x20C2, 0x20C2, 0x2104, 0x2146, 0x3145, 0x61E4, 0xB344, 0xAAE3, 0x4942, 0x28C2, 0x28E2, 0x28E2,
    0x3102, 0x3103, 0x28C3, 0x18A3, 0x18C3, 0x18C4, 0x4964, 0x8264, 0x8263, 0x7203, 0x5982, 0x5962,
    0x5982, 0x59A2, 0x7A43, 0xA325, 0xBBC8, 0xB3CA, 0xA34A, 0xA34A, 0xA36A, 0xA36A, 0xA36A, 0xA36A,
    0xA36B, 0x9B2A, 0x6207, 0x3924, 0x51A5, 0x59C5, 0x4984, 0x51C5, 0x930A, 0x8AE9, 0x6207, 0x6A07,
    0x59C5, 0x7A87, 0x932A, 0x59E5, 0x32D2, 0x3B54, 0x2AF2, 0x1A30, 0x118B, 0x0907, 0x08A5, 0x08A5,
    0x0885, 0x08A4, 0x08A4, 0x08A4, 0x08A5, 0x08A5, 0x0885, 0x116B, 0x22F4, 0x3396, 0x3375, 0x2AF3,
    0x2AD4, 0x2AD4, 0x2AD3, 0x2AF3, 0x2AF2, 0x2AF2, 0x2AD2, 0x2AB2, 0x2AB2, 0x2AB2, 0x2A92, 0x2A91,
    0x2A91, 0x2A91, 0x2A91, 0x2A71, 0x2A71, 0x2A71, 0x2A71, 0x2A71, 0x2251, 0x2251, 0x2251, 0x2250,
    0x2250, 0x2230, 0x2230, 0x2230, 0x2230, 0x2230, 0x2230, 0x2230, 0x2230, 0x2230, 0x2231, 0x2231,
    0x2231, 0x2211, 0x2A31, 0x2A32, 0x2A32, 0x2A32, 0x2A52, 0x2A32, 0x2A52, 0x2A53, 0x2A52, 0x2A52,
    0x3252, 0x2A72, 0x2A72, 0x2A71, 0x2A71, 0x2A71, 0x2A51, 0x2A71, 0x7C38, 0x9BB1, 0xA309, 0xAB28,
    0xAB28, 0xB368, 0xC389, 0xC3CA, 0xCBEA, 0xCC0A, 0xCC0A, 0xD40B, 0xD44B, 0xDC6C, 0xDC6C, 0xDC8C,
    0xDC8C, 0xDCAD, 0xDCAD, 0xDC8D, 0xDCAD, 0xDC8C, 0xDC6B, 0xDC8C, 0xD44B, 0xD42B, 0xD42B, 0xCBEA,
    0xC3A9, 0xBB89, 0xBB88, 0xB368, 0xB348, 0xB348, 0xB328, 0xAB28, 0xAB28, 0xAB07, 0xAAE7, 0xA2E7,
    0x9AA6, 0x5984, 0x0841, 0x0841, 0x0820, 0x0820, 0x0841, 0x2081, 0x30E2, 0x1040, 0x2881, 0x69C4,
    0xAAE7, 0xA2A6, 0xAAE6, 0xB327, 0xA2C6, 0x9285, 0x9A85, 0x71C3, 0x5942, 0x8A24, 0x9A85, 0x7A05,
    0x82AA, 0x82AA, 0x8A88, 0x8A88, 0x9286, 0xA2C7, 0xA2E7, 0xAB08, 0x9AC7, 0x9AA7, 0x9AA6, 0x8A86,
    0xA328, 0xB368, 0xC3A9, 0xC3AA, 0xC3CA, 0xCBEA, 0xCC2A, 0xD44B, 0xD44B, 0xD46B, 0xDC8C, 0xDC6C,
    0xDC8C, 0xDC8C, 0xDC6C, 0xD42B, 0xD38A, 0xCAA8, 0xCAA8, 0xD2E9, 0xDB0A, 0xD2A8, 0xB9E6, 0xA185,
    0x9984, 0xAA06, 0xBA87, 0xC2A7, 0xC287, 0xBA47, 0xBA26, 0xB246, 0xB246, 0xB266, 0xB286, 0xBAC7,
    0xBAE8, 0xBB28, 0xBB48, 0xAB07, 0x8204, 0x6142, 0x8A25, 0xBB89, 0xCBEA, 0xD46C, 0xDCAD, 0xDC6B,
    0xC3A8, 0xB2E6, 0xBB48, 0xD42B, 0xE4AD, 0xDC8C, 0xDC6C, 0xDCAD, 0xDCCD, 0xDCAD, 0xD48C, 0xD44C,
    0xCC2C, 0xC3EA, 0xC3C9, 0xBBC9, 0xC3C9, 0xD40A, 0xD40A, 0xCBE9, 0xCBC8, 0xC366, 0xB2E4, 0xC325,
    0xBAC4, 0xDBC6, 0xAB26, 0x51E6, 0x59E7, 0x49C8, 0x8267, 0x59C8, 0x49A8, 0x59C7, 0x3187, 0x3186,
    0x2947, 0x3167, 0x49A8, 0x2968, 0x10E5, 0x08A3, 0x08E5, 0x10E5, 0x10A3, 0x1882, 0x1082, 0x0882,
    0x08A3, 0x10C4, 0x18C3, 0x1882, 0x1041, 0x0861, 0x0882, 0x08A3, 0x18C3, 0x20A2, 0x1061, 0x0821,
    0x0841, 0x10A3, 0x20E4, 0x18C3, 0x1881, 0x28A2, 0x20A2, 0x20A2, 0x20C2, 0x20C2, 0x2104, 0x2146,
    0x3986, 0x7266, 0xCBE6, 0xCBC5, 0x61A2, 0x20A2, 0x28C2, 0x28E2, 0x30E3, 0x3103, 0x30C2, 0x18A2,
    0x18A3, 0x18C3, 0x4963, 0x7A43, 0x8243, 0x71E3, 0x6183, 0x5962, 0x5162, 0x5982, 0x7A43, 0xA325,
    0xC3E8, 0xBBCA, 0xA34A, 0x9B2A, 0xA36A, 0xA36A, 0xA36A, 0xA36A, 0xA34B, 0x92EA, 0x6207, 0x51A5,
    0x4164, 0x49A5, 0x61E6, 0x61E6, 0x8AE9, 0x7A88, 0x4164, 0x59C6, 0x4164, 0x6206, 0x8AE9, 0x6206,
    0x220F, 0x2A71, 0x2230, 0x19CE, 0x116A, 0x0908, 0x08C6, 0x08C6, 0x08A5, 0x08A4, 0x08A4, 0x08A4,
    0x08A5, 0x08A5, 0x08A5, 0x116C, 0x22F3, 0x3396, 0x2B55, 0x2AF3, 0x2AD4, 0x2AD4, 0x2AD3, 0x2AD3,
    0x2AF2, 0x2AD2, 0x2AD2, 0x2AD2, 0x2AB2, 0x2AB2, 0x2AB2, 0x2A91, 0x2A91, 0x2A91, 0x2A91, 0x2A71,
    0x2A71, 0x2A71, 0x2A71, 0x2A71, 0x2A71, 0x2A71, 0x2250, 0x2A50, 0x2A50, 0x2A50, 0x2A50, 0x2250,
    0x2250, 0x2230, 0x2230, 0x2230, 0x2230, 0x2230, 0x2230, 0x2230, 0x2230, 0x2211, 0x2A11, 0x2A31,
    0x2A31, 0x2A32, 0x2A52, 0x2A31, 0x2A32, 0x2A52, 0x2A52, 0x2A52, 0x2A52, 0x3252, 0x2A71, 0x2A71,
    0x2A71, 0x2A71, 0x2250, 0x6BF7, 0x9BF3, 0xA32A, 0xAB29, 0xB348, 0xB348, 0xBB89, 0xC3C9, 0xCBEA,
    0xCBEA, 0xD42A, 0xD42B, 0xD44B, 0xDC6C, 0xDC8C, 0xDCAD, 0xDCAD, 0xDCCD, 0xE4EE, 0xE4CE, 0xDCCE,
    0xDCAD, 0xDCAD, 0xDC8C, 0xDC8C, 0xDC6C, 0xD42B, 0xD40B, 0xD40A, 0xCBC9, 0xC3A9, 0xBB88, 0xBB88,
    0xB368, 0xB348, 0xB328, 0xB328, 0xB328, 0xAB28, 0xAB07, 0xA2E7, 0xA2C7, 0x5984, 0x0841, 0x0841,
    0x0820, 0x0841, 0x0020, 0x28A1, 0x28A1, 0x2061, 0x2081, 0x7A25, 0xBB48, 0xB307, 0xAB07, 0xB327,
    0xB326, 0x9AA5, 0x9AA5, 0x79E3, 0x5942, 0x8203, 0x8224, 0x7A25, 0x8A87, 0x8A87, 0x8A66, 0x8A86,
    0x8A66, 0xA2C7, 0xA2E7, 0xAB07, 0xA2C7, 0xA2C7, 0xA2E7, 0x8A45, 0x9AA6, 0xB348, 0xBB69, 0xC3A9,
    0xC3C9, 0xCC0A, 0xCC0A, 0xD42B, 0xD46B, 0xD46C, 0xDC6C, 0xDC6C, 0xDC6C, 0xDC8C, 0xDC6C, 0xD44C,
    0xD40B, 0xCB09, 0xCA87, 0xCA87, 0xD2E9, 0xE3CC, 0xE3ED, 0xDAC9, 0xC206, 0xA184, 0x9963, 0x9984,
    0xA1C5, 0xA9E5, 0xA9E5, 0xA1E5, 0xA1E5, 0xA205, 0xA1E5, 0x99A4, 0x9184, 0x8963, 0x7122, 0x6942,
    0x81C3, 0xA2C6, 0xCBEA, 0xD42B, 0xDC6C, 0xDCAD, 0xD42B, 0xBB47, 0xBB47, 0xD40A, 0xE48C, 0xDC8C,
    0xDC8D, 0xDC8D, 0xDCAD, 0xDCCE, 0xDCCD, 0xD4AD, 0xD48C, 0xCC4C, 0xCC0B, 0xC3CA, 0xC3A9, 0xBB88,
    0xC3A8, 0xCBE9, 0xCBC9, 0xC368, 0xB306, 0xAA84, 0xAAA3, 0x9A43, 0x9A23, 0xC305, 0xA2C6, 0x5A07,
    0x49E8, 0x49E8, 0x8A67, 0x49A8, 0x51C8, 0x6A07, 0x3187, 0x3166, 0x2946, 0x3147, 0x3968, 0x2148,
    0x10E5, 0x08A3, 0x08E5, 0x10E5, 0x18C4, 0x20C3, 0x20A3, 0x10A3, 0x08C4, 0x18E4, 0x20C3, 0x1061,
    0x0821, 0x0821, 0x0861, 0x0883, 0x18A3, 0x20A2, 0x1861, 0x0821, 0x0841, 0x10A2, 0x18E3, 0x18C2,
    0x20A1, 0x28C2, 0x28C2, 0x20A2, 0x20C2, 0x20C2, 0x20E4, 0x2146, 0x3987, 0x6226, 0xB366, 0xC385,
    0x61C2, 0x20A2, 0x28C2, 0x28C3, 0x28E3, 0x30E3, 0x28C2, 0x1882, 0x10A2, 0x18C3, 0x4163, 0x7A23,
    0x7A43, 0x71E3, 0x6183, 0x5162, 0x5162, 0x5182, 0x7223, 0xA305, 0xC3E9, 0xC3EB, 0xAB6A, 0x9B2A,
    0x9B4A, 0xA36A, 0xA36A, 0x9B4A, 0xA34B, 0x8AC9, 0x6A07, 0x6A27, 0x51C6, 0x59E6, 0x7A88, 0x6206,
    0x7A88, 0x6207, 0x5185, 0x7247, 0x51C5, 0x6206, 0x82A8, 0x6A26, 0x116A, 0x198B, 0x196B, 0x194A,
    0x1929, 0x1928, 0x1908, 0x1108, 0x08C6, 0x08A4, 0x08A4, 0x08A4, 0x10A5, 0x10A5, 0x08A5, 0x118C,
    0x22D3, 0x3375, 0x3354, 0x2AF3, 0x2AF4, 0x32F4, 0x2AF3, 0x2AF3, 0x2AF2, 0x2AD2, 0x2AD2, 0x2AD2,
    0x2AD2, 0x2AB2, 0x2AB2, 0x2A91, 0x2A91, 0x2A91, 0x2A91, 0x2A91, 0x2A71, 0x2A71, 0x2A71, 0x2A71,
    0x2A70, 0x2A70, 0x2A70, 0x2A70, 0x2A70, 0x2A70, 0x2A50, 0x2A50, 0x2250, 0x2230, 0x2230, 0x2250,
    0x2230, 0x2230, 0x2230, 0x2230, 0x2230, 0x2210, 0x2A31, 0x2A31, 0x2A31, 0x2A31, 0x2A31, 0x2A31,
    0x2A31, 0x2A31, 0x2A51, 0x2A51, 0x2A52, 0x2A51, 0x2A71, 0x2A71, 0x2A71, 0x2250, 0x5B95, 0x93F4,
    0xA30A, 0xAB28, 0xB328, 0xB368, 0xBB89, 0xC3A9, 0xCBC9, 0xCBEA, 0xCC0A, 0xD42B, 0xD44B, 0xDC6C,
    0xDC6C, 0xDC8C, 0xDCAD, 0xDCCD, 0xE4EE, 0xE50F, 0xE4CE, 0xE4CE, 0xDCAD, 0xDCAC, 0xDC8C, 0xDC6C,
    0xDC6B, 0xD42B, 0xD40B, 0xD3EA, 0xCBEA, 0xC3A9, 0xBBA9, 0xBB88, 0xBB68, 0xBB48, 0xB328, 0xB328,
    0xB348, 0xB348, 0xAB07, 0xA2E7, 0xA2E7, 0x5164, 0x0841, 0x1041, 0x0820, 0x0841, 0x0020, 0x28A1,
    0x2061, 0x2881, 0x2061, 0x9286, 0xBB89, 0xBB89, 0xBB68, 0xAB06, 0xB347, 0xA2E6, 0xA2A5, 0x8A24,
    0x6983, 0x6162, 0x71C3, 0x8A45, 0x9285, 0x9286, 0x9286, 0x8A66, 0x8A65, 0xA2C6, 0xAB07, 0xAB07,
    0xA2E7, 0xAB07, 0xAAE7, 0x9265, 0x8A45, 0x9AE7, 0xB348, 0xC389, 0xC3C9, 0xC3EA, 0xCC0A, 0xCC2A,
    0xD44B, 0xD46B, 0xD46C, 0xDC6C, 0xD46C, 0xD46C, 0xD46C, 0xD44B, 0xD42B, 0xD3CA, 0xCAE9, 0xCA87,
    0xCA87, 0xD309, 0xE42E, 0xDBCD, 0xDAC9, 0xDAA8, 0xC226, 0xA164, 0xA184, 0xA164, 0x9944, 0x9144,
    0x9143, 0x8943, 0x8122, 0x8123, 0x8123, 0x70C2, 0x8183, 0xA2A6, 0xB348, 0xC3EA, 0xCC0A, 0xD44B,
    0xDC6C, 0xCBA9, 0xBB47, 0xCBC9, 0xDC6B, 0xDC8C, 0xDC6C, 0xDC6D, 0xDC8D, 0xDCCE, 0xDCCE, 0xDCCD,
    0xD4AD, 0xD48C, 0xCC4C, 0xCC2C, 0xC3EA, 0xBB89, 0xBB88, 0xB347, 0xBB67, 0xC388, 0xBB27, 0xAAC5,
    0xA263, 0x9A43, 0x9223, 0x9222, 0xB2C4, 0x8267, 0x92A6, 0x7246, 0x49E8, 0x51E8, 0x8A67, 0x4188,
    0x41A8, 0x49C8, 0x39A8, 0x39A7, 0x3167, 0x3147, 0x3148, 0x2948, 0x18E5, 0x08C4, 0x08E5, 0x10E5,
    0x2105, 0x3945, 0x3104, 0x18C3, 0x08C4, 0x10C3, 0x1082, 0x0821, 0x0820, 0x0020, 0x0841, 0x0862,
    0x18A3, 0x2082, 0x1041, 0x0820, 0x0841, 0x10A2, 0x18C3, 0x18A2, 0x20A2, 0x30C2, 0x28C2, 0x20A2,
    0x18C2, 0x20C2, 0x20E4, 0x2147, 0x3187, 0x59E6, 0x92A5, 0xAAE4, 0x5982, 0x1881, 0x20C2, 0x28C3,
    0x28E3, 0x28E3, 0x28C2, 0x1882, 0x1082, 0x18C3, 0x4163, 0x7223, 0x7A43, 0x69E3, 0x5983, 0x5162,
    0x5162, 0x5182, 0x7202, 0x9AE5, 0xC3E9, 0xC40A, 0xAB6A, 0x9B0A, 0x9329, 0x9B4A, 0x9B4A, 0x9B4A,
    0xA34B, 0x82A9, 0x6A07, 0x82A9, 0x82A8, 0x82C9, 0x82E9, 0x6206, 0x6A07, 0x61E6, 0x7A88, 0xA36B,
    0x82A8, 0x6A26, 0x7A87, 0x6A26, 0x10C4, 0x18C5, 0x18E6, 0x18E6, 0x2107, 0x2128, 0x2949, 0x294A,
    0x18E7, 0x10C5, 0x08A5, 0x10A5, 0x10C5, 0x10A5, 0x08A5, 0x116B, 0x2AD2, 0x3B95, 0x3374, 0x2AF3,
    0x32F4, 0x32F4, 0x2AF3, 0x2AF3, 0x2AF2, 0x2AF2, 0x2AD2, 0x32D3, 0x2AD3, 0x2AD2, 0x2AB2, 0x2A91,
    0x2A91, 0x2A91, 0x2A91, 0x2A91, 0x2A91, 0x2A71, 0x2A71, 0x2A71, 0x2A71, 0x2A71, 0x2A71, 0x2A71,
    0x2A71, 0x2A70, 0x2A70, 0x2A70, 0x2A50, 0x2A50, 0x2250, 0x2230, 0x2230, 0x2230, 0x2230, 0x2230,
    0x2230, 0x2230, 0x2A31, 0x2A31, 0x2A31, 0x2A31, 0x2A31, 0x2A31, 0x2A31, 0x2A31, 0x2A31, 0x2A51,
    0x2A51, 0x2A51, 0x2A71, 0x2A71, 0x2A50, 0x5354, 0x9415, 0x9B2B, 0xAB28, 0xAB48, 0xB348, 0xBB69,
    0xC3A9, 0xCBC9, 0xCBEA, 0xCC0A, 0xCC0A, 0xD42B, 0xDC6C, 0xDC6C, 0xDC8C, 0xDCAD, 0xDCAD, 0xDCCD,
    0xE4EE, 0xE4EF, 0xE4CE, 0xDCAD, 0xDCAD, 0xDC8C, 0xDC8C, 0xDC6C, 0xDC6B, 0xD42B, 0xD40B, 0xD40B,
    0xCBEA, 0xCBEA, 0xC3C9, 0xC3A9, 0xBB69, 0xBB69, 0xB348, 0xB348, 0xB368, 0xB348, 0xAB28, 0xA2E7,
    0xA2E7, 0x4944, 0x0821, 0x0841, 0x0820, 0x0841, 0x0821, 0x28A1, 0x1861, 0x2081, 0x28A1, 0xA2E7,
    0xC3AA, 0xC3CA, 0xC3C9, 0xBB68, 0xB347, 0xB327, 0xA2A5, 0x9A85, 0x6982, 0x5942, 0x69A3, 0x9265,
    0x9285, 0x9286, 0x9286, 0x9266, 0x8A65, 0x9AA6, 0xAB07, 0xAB07, 0xAB08, 0xAB28, 0xAB07, 0x9285,
    0x8A45, 0x8A65, 0xAB08, 0xBB69, 0xC3AA, 0xC3EA, 0xCC0A, 0xCC2A, 0xD44B, 0xD44B, 0xD46C, 0xD46C,
    0xD46C, 0xD46C, 0xD46C, 0xD44B, 0xD42B, 0xD42B, 0xCBAA, 0xCAE8, 0xCA87, 0xCA67, 0xD288, 0xD2C9,
    0xD2C9, 0xD2C9, 0xD2C8, 0xD2C8, 0xDAC9, 0xD2A8, 0xD268, 0xCA67, 0xC247, 0xBA26, 0xB205, 0xA9C5,
    0x9984, 0xA226, 0xB307, 0xBB88, 0xC3EA, 0xCC0A, 0xCC0A, 0xCBCA, 0xBB48, 0xC368, 0xDC2A, 0xDC8C,
    0xDC6C, 0xDC8C, 0xDC8D, 0xDCAE, 0xDCAE, 0xDCCF, 0xDCCE, 0xD4AD, 0xD48C, 0xD46C, 0xCC2B, 0xCC0B,
    0xC3CA, 0xBB88, 0xB347, 0xAB26, 0xB347, 0xB306, 0xAAA4, 0xA263, 0x9A43, 0x9223, 0xA283, 0xAAA3,
    0xDBC6, 0x7288, 0x8246, 0x7A25, 0x31A8, 0x6207, 0x7A47, 0x3968, 0x41A8, 0x49A8, 0x3188, 0x3188,
    0x3188, 0x3168, 0x3168, 0x2968, 0x1926, 0x10C4, 0x08E5, 0x10E5, 0x2925, 0x59A5, 0x4964, 0x18E3,
    0x08A3, 0x0882, 0x0841, 0x0820, 0x0820, 0x0821, 0x0862, 0x0883, 0x18A3, 0x2082, 0x1041, 0x0820,
    0x0841, 0x1082, 0x18A2, 0x18A2, 0x28C2, 0x30C2, 0x20A2, 0x1881, 0x1081, 0x1081, 0x18C3, 0x2947,
    0x3987, 0x51E6, 0x92C5, 0xAB04, 0x5162, 0x1861, 0x20A2, 0x28C3, 0x28E3, 0x28C2, 0x20A2, 0x1062,
    0x1082, 0x18C3, 0x4163, 0x7223, 0x7A23, 0x69E3, 0x5983, 0x5162, 0x4942, 0x5182, 0x7202, 0x92C5,
    0xC3C9, 0xC3EA, 0xAB6A, 0x9B0A, 0x9329, 0x9B4A, 0x9B4A, 0x9B4A, 0x9B4B, 0x7A89, 0x6A28, 0x930A,
    0x9B4A, 0x9B4A, 0x8B09, 0x6A27, 0x6207, 0x7247, 0x930A, 0xABCC, 0x932A, 0x7AA8, 0x8AE9, 0x8AE9,
    0x10C4, 0x18C4, 0x18C5, 0x18C5, 0x20C5, 0x2106, 0x2948, 0x3149, 0x1907, 0x10C6, 0x10A5, 0x10C5,
    0x18C5, 0x10A5, 0x08A5, 0x118B, 0x32F2, 0x43B5, 0x3B74, 0x2B13, 0x3314, 0x32F4, 0x32F3, 0x3312,
    0x32F2, 0x2AF2, 0x2AF3, 0x32D3, 0x2AD3, 0x2AD2, 0x2AB2, 0x2AB1, 0x2AB1, 0x2A91, 0x2A91, 0x2A91,
    0x2A91, 0x2A91, 0x2A91, 0x2A71, 0x2A91, 0x2A91, 0x2A91, 0x2A91, 0x2A71, 0x2A71, 0x2A70, 0x2A70,
    0x2A70, 0x2A50, 0x2A50, 0x2250, 0x2250, 0x2230, 0x2230, 0x2230, 0x2230, 0x2230, 0x2230, 0x2A10,
    0x2A30, 0x2A30, 0x2A31, 0x2A31, 0x2A31, 0x2A31, 0x2A31, 0x2A51, 0x2A51, 0x2A71, 0x2A91, 0x2250,
    0x42F3, 0x8C17, 0x9B4D, 0xA328, 0xAB48, 0xB368, 0xBB89, 0xC3A9, 0xCBCA, 0xCBEA, 0xCC0A, 0xCC0A,
    0xD42B, 0xD44B, 0xDC6C, 0xDC8C, 0xDC8C, 0xDCAD, 0xDCCD, 0xDCCD, 0xE4CE, 0xE4CE, 0xE4CD, 0xDCCD,
    0xDC8C, 0xDC8C, 0xDCAC, 0xDC6C, 0xDC6C, 0xD42B, 0xD42B, 0xD42B, 0xCC0A, 0xCBEA, 0xC3C9, 0xC3C9,
    0xC389, 0xBB69, 0xBB69, 0xBB68, 0xB348, 0xB348, 0xAB27, 0xA307, 0xA2E7, 0x4123, 0x0841, 0x1041,
    0x0841, 0x0841, 0x0821, 0x28A1, 0x1861, 0x2081, 0x30A1, 0xA2E7, 0xC3AA, 0xC3CA, 0xC3A9, 0xC3C9,
    0xBB88, 0xBB48, 0xA2A6, 0xA2A5, 0x71A3, 0x5122, 0x71C3, 0x9265, 0x9A85, 0x9286, 0x9286, 0x9265,
    0x8A65, 0x9AA6, 0xA2E7, 0xA2E7, 0xB348, 0xB348, 0xB327, 0x9AC6, 0x9265, 0x8A45, 0x9286, 0xB328,
    0xBB89, 0xC3CA, 0xCBEA, 0xCC0A, 0xD44B, 0xD46B, 0xD46C, 0xDC6C, 0xD46C, 0xD46C, 0xD46B, 0xD44B,
    0xD42B, 0xCC0B, 0xCC0B, 0xCBAA, 0xCB08, 0xCA87, 0xCA67, 0xD267, 0xD267, 0xD268, 0xCA67, 0xCA88,
    0xD2C9, 0xD2C8, 0xD2A8, 0xCA68, 0xC247, 0xBA26, 0xB1E5, 0xA1C5, 0xAA86, 0xB328, 0xBB68, 0xC3EA,
    0xC3EA, 0xC3EA, 0xB328, 0xB2E7, 0xCBA9, 0xDC4B, 0xDC6B, 0xDC6C, 0xDC8C, 0xDCAD, 0xDCCE, 0xDCCF,
    0xDD10, 0xDCCE, 0xD4AD, 0xD48D, 0xCC6C, 0xCC4B, 0xCC0B, 0xC3EA, 0xBB89, 0xB327, 0xAAE5, 0xAAE5,
    0xAAE5, 0xAAA4, 0xAA84, 0x9A43, 0x9A23, 0xB2C3, 0xAAA3, 0xAA83, 0xD3A6, 0x5A08, 0x7A26, 0x59E7,
    0x6A27, 0x6A27, 0x6A07, 0x3168, 0x49A8, 0x49A8, 0x3188, 0x3188, 0x3168, 0x3168, 0x3189, 0x2968,
    0x1906, 0x10E4, 0x10E5, 0x10E6, 0x2925, 0x61A5, 0x5184, 0x18E3, 0x0882, 0x0861, 0x0841, 0x0821,
    0x0841, 0x1062, 0x08A3, 0x08C4, 0x18C3, 0x20A2, 0x1861, 0x0820, 0x0841, 0x0882, 0x10A2, 0x18A2,
    0x28A2, 0x28C2, 0x2081, 0x1061, 0x0861, 0x0861, 0x10A2, 0x2125, 0x2946, 0x49A6, 0x8265, 0x9AA3,
    0x4921, 0x1041, 0x20A2, 0x20C3, 0x20C2, 0x20A2, 0x1861, 0x1061, 0x1082, 0x18C3, 0x4163, 0x7223,
    0x7223, 0x69E3, 0x5162, 0x4942, 0x4122, 0x5162, 0x69E2, 0x92A5, 0xBBA8, 0xC3EA, 0xA34A, 0x9B0A,
    0x932A, 0x932A, 0x9B4A, 0x9B4A, 0x9B4B, 0x82A9, 0x8289, 0x932A, 0x9B6B, 0x9B6B, 0x934A, 0x8AE9,
    0x8AE9, 0x930A, 0x9B6B, 0xA3AC, 0xA3AB, 0x9B6B, 0xA3AB, 0xA3AB, 0x18C4, 0x18C5, 0x18C5, 0x18C5,
    0x18C4, 0x18E4, 0x2105, 0x2106, 0x10E6, 0x10C5, 0x10C5, 0x18C5, 0x18C6, 0x10C5, 0x08A5, 0x19AC,
    0x3313, 0x43B5, 0x3B74, 0x2B13, 0x3314, 0x32F3, 0x32F3, 0x32F2, 0x2AF2, 0x2AF2, 0x32F2, 0x32F3,
    0x32D3, 0x2AD2, 0x2AD2, 0x2AB1, 0x2AB1, 0x2AB1, 0x2A91, 0x2A91, 0x2A91, 0x2A91, 0x2A91, 0x2A91,
    0x2A91, 0x2A91, 0x2A91, 0x2A91, 0x2A91, 0x2A71, 0x2A71, 0x2A70, 0x2A70, 0x2A70, 0x2A70, 0x2A50,
    0x2A50, 0x2250, 0x2250, 0x2250, 0x2230, 0x2230, 0x2230, 0x2230, 0x2230, 0x2230, 0x2230, 0x2230,
    0x2A30, 0x2A31, 0x2A31, 0x2A50, 0x2A50, 0x2A70, 0x2A50, 0x32B2, 0x83F6, 0x9B4E, 0xAB29, 0xAB48,
    0xB348, 0xBB89, 0xC3A9, 0xC3CA, 0xCBEA, 0xCC0A, 0xD40A, 0xD42A, 0xD44B, 0xDC4B, 0xDC8C, 0xDC8C,
    0xDC8C, 0xDCCD, 0xE4EE, 0xE4CD, 0xE4CD, 0xE4CD, 0xDCAD, 0xDCAD, 0xDCAD, 0xDC8C, 0xDC8C, 0xDC6C,
    0xDC6C, 0xD42B, 0xD42B, 0xD40A, 0xCBEA, 0xCBE9, 0xC3E9, 0xC3C9, 0xC3A9, 0xBB89, 0xBB69, 0xB348,
    0xB348, 0xB348, 0xAB27, 0xA2E7, 0x9AC7, 0x30E3, 0x0841, 0x1041, 0x0841, 0x1061, 0x0820, 0x1861,
    0x1040, 0x2081, 0x38E2, 0xAAE7, 0xBB69, 0xC3CA, 0xC3A9, 0xCBEA, 0xBBA8, 0xBB68, 0xAAE6, 0x9244,
    0x79E3, 0x5122, 0x79E3, 0x9A85, 0x9265, 0x9286, 0x9266, 0x9265, 0x8A65, 0x9286, 0xA2C6, 0xAB07,
    0xBB89, 0xBB89, 0xB348, 0xAB07, 0x9285, 0x8A65, 0x8A45, 0xA2C7, 0xB369, 0xBBA9, 0xC3C9, 0xC40A,
    0xCC2B, 0xD46C, 0xD46C, 0xDC6C, 0xDC8C, 0xDC8C, 0xDC6C, 0xD46C, 0xD44B, 0xD42B, 0xCC0B, 0xCBEA,
    0xCBC9, 0xCB28, 0xCAA7, 0xCA47, 0xCA47, 0xCA47, 0xC226, 0xCA46, 0xCA67, 0xCA67, 0xCA47, 0xC227,
    0xB9E6, 0xB1C5, 0xB205, 0xB2C7, 0xB327, 0xBB68, 0xC3CA, 0xC3C9, 0xBB88, 0xA286, 0xB2C6, 0xD3C9,
    0xDC2A, 0xDC4B, 0xDC6B, 0xDC6B, 0xDC8D, 0xDCCE, 0xDCEF, 0xDCEF, 0xDCEF, 0xDCAE, 0xD48C, 0xD48C,
    0xCC6B, 0xC40A, 0xC3EA, 0xBB89, 0xB327, 0xAAC5, 0xA2A4, 0xAAA4, 0xAAA3, 0xAA83, 0xA243, 0x9A43,
    0xAA83, 0xAA83, 0x9A22, 0xB2A2, 0x8AA7, 0x51C7, 0x8246, 0x51E7, 0x7A67, 0x7247, 0x59E7, 0x2969,
    0x49A8, 0x3988, 0x3188, 0x3188, 0x3188, 0x3169, 0x3189, 0x2968, 0x1906, 0x10C4, 0x08E5, 0x10E6,
    0x2105, 0x5985, 0x4964, 0x18C3, 0x0881, 0x0861, 0x0841, 0x1062, 0x18C3, 0x20E4, 0x1905, 0x08E5,
    0x18C4, 0x1882, 0x1041, 0x0820, 0x0841, 0x0862, 0x1082, 0x1082, 0x2081, 0x28A1, 0x1881, 0x1041,
    0x0840, 0x0861, 0x10A2, 0x18E4, 0x2105, 0x3124, 0x5184, 0x5982, 0x20A1, 0x1041, 0x1881, 0x18A2,
    0x18A3, 0x1082, 0x1061, 0x1061, 0x1082, 0x18C3, 0x4163, 0x6A03, 0x7223, 0x69C3, 0x5162, 0x4122,
    0x4122, 0x5162, 0x61C2, 0x8264, 0xB388, 0xBBCA, 0xA34A, 0x9B2A, 0x9B2A, 0x932A, 0x9B4A, 0x9B4A,
    0x9B4B, 0x932A, 0x930A, 0x9B4B, 0x9B4A, 0x9B4A, 0x9B6A, 0x9B6B, 0xA38B, 0xA38B, 0xA38B, 0xA38B,
    0xA3AC, 0xABCB, 0xABCB, 0xABCB, 0x18C4, 0x20C5, 0x18C5, 0x18C5, 0x18C4, 0x18C4, 0x1905, 0x18E5,
    0x10C4, 0x08A4, 0x10C5, 0x18C6, 0x18C6, 0x18C6, 0x08C6, 0x19CD, 0x3333, 0x43D5, 0x3B74, 0x3313,
    0x3313, 0x3313, 0x32F3, 0x3313, 0x2AF2, 0x2AF2, 0x32F2, 0x32F3, 0x32D2, 0x2AD2, 0x32D2, 0x2AB1,
    0x2AB1, 0x2AB1, 0x2A91, 0x2A91, 0x2A91, 0x2A91, 0x2A91, 0x2A91, 0x2A91, 0x2A91, 0x2A91, 0x2A91,
    0x2A91, 0x2A91, 0x2A70, 0x2A70, 0x2A70, 0x2A70, 0x2A70, 0x2A70, 0x2A70, 0x2A70, 0x2250, 0x2250,
    0x2250, 0x2A50, 0x2230, 0x2230, 0x2230, 0x2230, 0x222F, 0x2230, 0x2230, 0x2A30, 0x2A50, 0x2A50,
    0x2A50, 0x2A50, 0x2A70, 0x73D6, 0xA36F, 0xAB29, 0xAB28, 0xB348, 0xBB69, 0xBB89, 0xC3CA, 0xCBEA,
    0xCC0A, 0xD40A, 0xD42A, 0xD44B, 0xD44B, 0xD46B, 0xDC8C, 0xDC8C, 0xDCAD, 0xE4CD, 0xE4CD, 0xE4CD,
    0xE4CD, 0xDCAD, 0xDCAD, 0xDCAD, 0xDC8C, 0xDC8C, 0xDC8C, 0xD46B, 0xD44B, 0xD42B, 0xD42B, 0xCC0A,
    0xCBEA, 0xCBEA, 0xC3EA, 0xC3C9, 0xC3A9, 0xBB89, 0xBB89, 0xBB68, 0xB348, 0xB348, 0xAB28, 0xAB07,
    0x9286, 0x20A2, 0x0841, 0x1041, 0x0840, 0x1061, 0x0820, 0x1041, 0x2061, 0x2081, 0x4922, 0xA2C7,
    0xB348, 0xC3A9, 0xC3C9, 0xC3C9, 0xC3C9, 0xB347, 0xA2C6, 0x8224, 0x8A44, 0x5962, 0x71C3, 0x9AA6,
    0x9265, 0x9265, 0x9286, 0x9A86, 0x9265, 0x9285, 0xAB07, 0xB328, 0xBB89, 0xC3A9, 0xBB88, 0xB348,
    0xA2C6, 0x9265, 0x9265, 0x9265, 0xAB07, 0xB369, 0xBBA9, 0xC3EA, 0xCC2B, 0xD44B, 0xD46C, 0xDC6C,
    0xDC8C, 0xDC8C, 0xDC8C, 0xDC6C, 0xDC6C, 0xD44B, 0xD40B, 0xCBEA, 0xC3C9, 0xC388, 0xBB07, 0xBAC7,
    0xC287, 0xCA87, 0xCA67, 0xCA67, 0xCA46, 0xC226, 0xC206, 0xB9E5, 0xB205, 0xB266, 0xB2E7, 0xB327,
    0xBB68, 0xC3C9, 0xC3C9, 0xBB68, 0x9A65, 0xB2E6, 0xDBE9, 0xDC0A, 0xDC4B, 0xE48C, 0xDC8C, 0xDC8C,
    0xE4CE, 0xE4EE, 0xDCCE, 0xDCAE, 0xDCAD, 0xD48D, 0xD48C, 0xCC4B, 0xCC2A, 0xC3C9, 0xBB88, 0xB327,
    0xA2A5, 0xA284, 0xA2A3, 0xAAA3, 0xA283, 0x9A63, 0xA243, 0xAA83, 0xA243, 0xA242, 0xA263, 0x6206,
    0x39A8, 0x6A07, 0x8246, 0x8246, 0x51C7, 0x51E8, 0x51C8, 0x3989, 0x49C8, 0x3188, 0x3188, 0x3188,
    0x39A9, 0x41A9, 0x39A9, 0x3168, 0x1905, 0x10C3, 0x08C4, 0x10C5, 0x18E4, 0x4144, 0x4143, 0x18C2,
    0x0881, 0x0861, 0x0861, 0x10A3, 0x2924, 0x4165, 0x2125, 0x10E4, 0x10C3, 0x1882, 0x0841, 0x0820,
    0x0841, 0x0862, 0x0882, 0x0861, 0x1061, 0x2081, 0x1861, 0x1041, 0x0861, 0x1081, 0x18A2, 0x18E3,
    0x2105, 0x3945, 0x5184, 0x3902, 0x1061, 0x1061, 0x1082, 0x10A2, 0x10A3, 0x1082, 0x1082, 0x1062,
    0x1082, 0x18C3, 0x4163, 0x6A03, 0x7203, 0x69C3, 0x5162, 0x4922, 0x4122, 0x4962, 0x5982, 0x6A04,
    0xA348, 0xB3AA, 0xA32A, 0x9B2A, 0x9B2A, 0x9B4A, 0x9B4A, 0x9B4A, 0x9B2A, 0x9B2B, 0x9B2B, 0x9B4B,
    0x9B4A, 0x9B4A, 0x9B6B, 0x9B6B, 0x9B4B, 0x9B4B, 0xA36B, 0xA3AC, 0xA3AB, 0xA3AB, 0xABCB, 0xABEB,
    0x18E6, 0x18E6, 0x18C6, 0x10A5, 0x10A4, 0x18C5, 0x1905, 0x1905, 0x10C4, 0x08A4, 0x10A5, 0x18C5,
    0x18C5, 0x18E6, 0x10C6, 0x19AC, 0x32D2, 0x3B74, 0x3353, 0x3313, 0x3313, 0x3313, 0x3313, 0x3312,
    0x2AF2, 0x2AF2, 0x32F2, 0x32F3, 0x32F2, 0x32D2, 0x2AD2, 0x2AB1, 0x2AB1, 0x2AB1, 0x2AB1, 0x2AB1,
    0x2A91, 0x2A91, 0x2A91, 0x2A91, 0x2A91, 0x2A91, 0x2A91, 0x2A91, 0x2A90, 0x2A70, 0x2A70, 0x2A70,
    0x2A70, 0x2A70, 0x2A70, 0x2A70, 0x2A70, 0x2A70, 0x2A70, 0x2A70, 0x2A50, 0x2A50, 0x2250, 0x2230,
    0x222F, 0x222F, 0x222F, 0x2230, 0x2250, 0x2A30, 0x2A50, 0x2A50, 0x2A70, 0x2250, 0x5B75, 0x9BB1,
    0xA309, 0xB349, 0xB349, 0xBB69, 0xBB89, 0xC3A9, 0xC3C9, 0xCC0A, 0xCC0A, 0xD42A, 0xD44B, 0xD44B,
    0xD46C, 0xDC6C, 0xDC8C, 0xDC8C, 0xDCAD, 0xE4CD, 0xDCCD, 0xE4CD, 0xDCCD, 0xDCAD, 0xDCAD, 0xDC8C,
    0xDC8C, 0xDC8C, 0xDC8C, 0xDC6B, 0xD44B, 0xD42B, 0xD42B, 0xD42B, 0xCC0A, 0xCC0A, 0xC3E9, 0xC3C9,
    0xC3C9, 0xC3A9, 0xC3A9, 0xBB69, 0xB368, 0xB348, 0xAB48, 0xB328, 0x8246, 0x1082, 0x0841, 0x0841,
    0x0841, 0x1061, 0x0020, 0x1061, 0x2081, 0x30C1, 0x4922, 0x9A65, 0xAB07, 0xC3A9, 0xC3E9, 0xC3C9,
    0xBBA8, 0xB347, 0xA2A5, 0x8224, 0x9AA6, 0x69A3, 0x6182, 0x9285, 0x9AA6, 0x8A65, 0x9A86, 0x9AA6,
    0x9286, 0x9AA6, 0xA307, 0xB328, 0xBB89, 0xC3C9, 0xC3C9, 0xBB68, 0xAB07, 0x9285, 0x9285, 0x9265,
    0x9A86, 0xAB28, 0xB369, 0xBBA9, 0xC40A, 0xD44B, 0xD46C, 0xDC8C, 0xDC8C, 0xDC8C, 0xDCAC, 0xDC8C,
    0xDC8C, 0xDC4C, 0xD42B, 0xCC0A, 0xCBC9, 0xC388, 0xBB48, 0xB327, 0xB307, 0xB2E7, 0xBAC7, 0xBAA6,
    0xBA86, 0xBA86, 0xBAA6, 0xBAC7, 0xB307, 0xAAE6, 0xAAE7, 0xB348, 0xBBA9, 0xBB89, 0xB347, 0x9A65,
    0xBB27, 0xDC09, 0xDC0A, 0xE44B, 0xE48D, 0xE4AD, 0xE4AD, 0xE4CE, 0xE4CD, 0xDCAD, 0xDCAD, 0xDC8D,
    0xD48C, 0xD46C, 0xCC4B, 0xCC2A, 0xC3E9, 0xBB88, 0xB327, 0xAAA5, 0xA264, 0xA283, 0xA283, 0xA283,
    0x9A63, 0xA263, 0xAA83, 0xA243, 0xAA62, 0x8A44, 0x39C8, 0x2189, 0x41C7, 0x8246, 0x7A26, 0x61E7,
    0x3988, 0x49C7, 0x49A7, 0x39A8, 0x39A8, 0x41A8, 0x39A8, 0x3188, 0x39A9, 0x49E9, 0x49C9, 0x41A8,
    0x2925, 0x10A3, 0x08A3, 0x08A3, 0x18C3, 0x3923, 0x3923, 0x18A2, 0x0882, 0x0861, 0x0882, 0x10A3,
    0x3945, 0x51A6, 0x3145, 0x10C4, 0x18C3, 0x18A2, 0x0841, 0x0821, 0x0841, 0x0862, 0x0882, 0x0861,
    0x0841, 0x1041, 0x1041, 0x1041, 0x1061, 0x1082, 0x18C2, 0x18E3, 0x2125, 0x49A6, 0x7A24, 0x5162,
    0x1861, 0x1061, 0x18A2, 0x18A2, 0x10A2, 0x1082, 0x1082, 0x1062, 0x1082, 0x18C3, 0x4163, 0x6A03,
    0x7203, 0x61C3, 0x5162, 0x4122, 0x4122, 0x4962, 0x5182, 0x69E3, 0x9B08, 0xAB6A, 0xA32A, 0x9B2A,
    0x9B2A, 0x9B4A, 0x934A, 0x932A, 0x932A, 0x9B2A, 0x9B2B, 0x9B2A, 0x9B4B, 0x9B4A, 0x932A, 0x7A88,
    0x7247, 0x6A27, 0x82CA, 0xA38C, 0x934A, 0x8B09, 0xA3AB, 0xABCC, 0x116A, 0x114A, 0x0908, 0x08C5,
    0x10A4, 0x10A4, 0x18E5, 0x10C5, 0x08A4, 0x08A4, 0x10A4, 0x10C5, 0x10C5, 0x10C5, 0x10C6, 0x116A,
    0x2250, 0x2AF2, 0x2AD2, 0x2AF2, 0x3B33, 0x3B13, 0x3B13, 0x32F2, 0x2AF2, 0x32F2, 0x32F2, 0x32F2,
    0x32F2, 0x32D2, 0x32D2, 0x32D2, 0x2AB1, 0x2AB1, 0x2AB1, 0x2A91, 0x2A91, 0x2A91, 0x2A91, 0x2A91,
    0x2A91, 0x2A91, 0x2A91, 0x2A90, 0x2A70, 0x2A70, 0x2A70, 0x2A70, 0x2A70, 0x2A70, 0x2A70, 0x2A70,
    0x2A70, 0x2A70, 0x2A50, 0x2A70, 0x2A70, 0x2A50, 0x2A50, 0x2230, 0x222F, 0x222F, 0x222F, 0x224F,
    0x2A50, 0x2A50, 0x2A50, 0x2A50, 0x224F, 0x4313, 0x93D3, 0xA30A, 0xAB29, 0xB349, 0xBB69, 0xBB89,
    0xC3A9, 0xC3CA, 0xCBEA, 0xD42B, 0xD42B, 0xD44B, 0xD44B, 0xD46C, 0xDC6C, 0xDC8C, 0xDCAD, 0xDCAD,
    0xDCCD, 0xDCCD, 0xDCCD, 0xDCAD, 0xDCAD, 0xDCAD, 0xDC8C, 0xDC8C, 0xDC8C, 0xDC8C, 0xDC8B, 0xD46B,
    0xD44B, 0xD42B, 0xCC0B, 0xCC2A, 0xCC0A, 0xCC0A, 0xC3EA, 0xC3EA, 0xC3C9, 0xC3A9, 0xBBA9, 0xBB69,
    0xBB68, 0xB368, 0xAB28, 0xB348, 0x69E5, 0x1061, 0x0841, 0x0841, 0x0841, 0x1061, 0x0000, 0x1041,
    0x28A1, 0x2881, 0x5963, 0x9A86, 0xAB07, 0xC3A9, 0xC3C9, 0xCBEA, 0xC3C9, 0xB347, 0x9A85, 0x9AA6,
    0xA2C6, 0x79E4, 0x6162, 0x9265, 0xA2C6, 0x9AA5, 0x9A85, 0x9AA6, 0x9A85, 0x9AC6, 0xA307, 0xAB27,
    0xBBA9, 0xC3C9, 0xC3EA, 0xC3C9, 0xB347, 0x9AA5, 0x9285, 0x9A85, 0x9A86, 0xA2C6, 0xAB28, 0xB368,
    0xC3CA, 0xCC2B, 0xD44C, 0xD48C, 0xDC8C, 0xDCAD, 0xDCAD, 0xDCAD, 0xDCAD, 0xDC8C, 0xDC6C, 0xD44B,
    0xD40A, 0xCBC9, 0xC368, 0xBB48, 0xB328, 0xB327, 0xAB07, 0xAB06, 0xAB06, 0xB327, 0xB327, 0xAB07,
    0xAB06, 0xAB07, 0xB348, 0xBB68, 0xBB68, 0xB327, 0x9224, 0xB2E6, 0xDC0A, 0xDC2A, 0xE44B, 0xE46C,
    0xE4CD, 0xE4CD, 0xE4CD, 0xE4AD, 0xDCCD, 0xDCAD, 0xDC8C, 0xD46C, 0xD44C, 0xCC2B, 0xCC0A, 0xC3C9,
    0xBB67, 0xB306, 0xAAA5, 0xA264, 0xA263, 0xAA83, 0xA283, 0x9A62, 0xA263, 0xAA83, 0xA243, 0xA223,
    0x7206, 0x2169, 0x2189, 0x29A8, 0x61E7, 0x9245, 0x7A46, 0x41A8, 0x2968, 0x51C7, 0x41A7, 0x2968,
    0x3188, 0x3188, 0x3188, 0x3188, 0x3188, 0x31A9, 0x31A9, 0x2967, 0x2105, 0x10A3, 0x1083, 0x0883,
    0x10A3, 0x3104, 0x3924, 0x18C3, 0x0882, 0x0882, 0x0882, 0x10A4, 0x3967, 0x59E7, 0x3945, 0x10C3,
    0x18C3, 0x18A2, 0x1061, 0x0841, 0x0841, 0x0883, 0x10A4, 0x0883, 0x0841, 0x0841, 0x1041, 0x1061,
    0x1061, 0x18A2, 0x18C3, 0x18E4, 0x2105, 0x51A6, 0x8264, 0x5982, 0x1881, 0x1081, 0x18A2, 0x18A2,
    0x1082, 0x1082, 0x1882, 0x1882, 0x1882, 0x18C3, 0x4963, 0x69E3, 0x7203, 0x61C3, 0x5142, 0x4922,
    0x4922, 0x5162, 0x61C2, 0x7224, 0x9B08, 0xA36A, 0xA34A, 0xA32A, 0x932A, 0x9329, 0x932A, 0x9B2A,
    0x932A, 0x9B2A, 0x9B2A, 0x9B2A, 0x9B2A, 0x9B4A, 0x7AA8, 0x51A5, 0x51C6, 0x51A6, 0x59E6, 0x930A,
    0x82C9, 0x6A47, 0x934A, 0x8B0A, 0x1A2F, 0x1A0E, 0x118B, 0x0907, 0x08A4, 0x10A4, 0x10A5, 0x10A5,
    0x0884, 0x08A4, 0x08A4, 0x08A4, 0x08A4, 0x08A4, 0x08C5, 0x114A, 0x220E, 0x2A90, 0x2290, 0x2AD1,
    0x3B13, 0x3B33, 0x3B13, 0x32F2, 0x2AD2, 0x2AF1, 0x32F2, 0x32F2, 0x32D2, 0x32D2, 0x32D2, 0x32D1,
    0x2AB1, 0x2AB1, 0x2A91, 0x2A91, 0x2A91, 0x2A91, 0x2A91, 0x2A91, 0x2A91, 0x2A91, 0x2A90, 0x2A90,
    0x2A90, 0x2A91, 0x2A70, 0x2A70, 0x3290, 0x3290, 0x3291, 0x3291, 0x2A70, 0x2A70, 0x2A70, 0x2A70,
    0x2A70, 0x2A50, 0x2A50, 0x2A30, 0x2A4F, 0x2A4F, 0x2A4F, 0x2A4F, 0x2A50, 0x2A50, 0x2A50, 0x222F,
    0x3291, 0x8BF5, 0x9B4C, 0xAB08, 0xB349, 0xBB69, 0xBB89, 0xC3A9, 0xC3EA, 0xCBEA, 0xCC0A, 0xD42B,
    0xD42B, 0xD44B, 0xD44B, 0xD46B, 0xDC8C, 0xDC8C, 0xDCAD, 0xDCAD, 0xE4CD, 0xDCAD, 0xDCAD, 0xDCAD,
    0xDCAC, 0xDC8C, 0xDC8C, 0xDC8C, 0xDC8C, 0xDC8C, 0xD46B, 0xD44B, 0xD42B, 0xD42B, 0xCC2B, 0xCC0A,
    0xCC0A, 0xCBEA, 0xCBEA, 0xC3C9, 0xC3C9, 0xC3AA, 0xBB89, 0xBB89, 0xBB68, 0xB368, 0xAB28, 0xAB08,
    0x4944, 0x0841, 0x0841, 0x0820, 0x1061, 0x0841, 0x0820, 0x0840, 0x30C2, 0x1840, 0x6983, 0xA2A6,
    0xB328, 0xC3A9, 0xC3C9, 0xC3EA, 0xC3C9, 0xAB06, 0xA2C6, 0xB327, 0xAB07, 0x8224, 0x5942, 0x9265,
    0xA2E6, 0x9AC6, 0x9AA6, 0x9A86, 0x9A86, 0xA2C6, 0xAB07, 0xB348, 0xBB88, 0xC3E9, 0xCBEA, 0xC3EA,
    0xBBA9, 0xA2E6, 0x9AA5, 0x9A85, 0x9A86, 0x9A86, 0xA2C6, 0xAB27, 0xB388, 0xC40A, 0xCC4B, 0xD46C,
    0xDC8C, 0xDC8D, 0xDCAD, 0xDCCD, 0xDCAD, 0xDCAD, 0xDCAD, 0xDCAD, 0xDCAD, 0xDC8D, 0xDC4C, 0xD40B,
    0xCBCA, 0xC389, 0xBB68, 0xB347, 0xB327, 0xB327, 0xB307, 0xB307, 0xB347, 0xBB68, 0xBB89, 0xBB69,
    0xB328, 0x8A24, 0x9244, 0xDBE9, 0xDC2A, 0xE44B, 0xE46C, 0xE48D, 0xE4AD, 0xE4AC, 0xE4CD, 0xDCCD,
    0xDC8C, 0xDC6C, 0xD44C, 0xD44C, 0xCC2B, 0xCBEA, 0xC3C9, 0xBB87, 0xB306, 0xA2A5, 0x9A64, 0xA243,
    0xAA83, 0xA283, 0xA263, 0xA283, 0xA263, 0xA242, 0xB283, 0xA2A6, 0x5A29, 0x6248, 0x4A07, 0x41C7,
    0x7A26, 0x8246, 0x49A8, 0x2968, 0x3988, 0x51C7, 0x3188, 0x3168, 0x3188, 0x3188, 0x3168, 0x3168,
    0x3188, 0x3188, 0x3188, 0x2147, 0x18E5, 0x10A3, 0x10A3, 0x08A3, 0x18C4, 0x3945, 0x4166, 0x18E4,
    0x0882, 0x0882, 0x0882, 0x10C4, 0x3167, 0x59E8, 0x3945, 0x18C3, 0x18C3, 0x18C3, 0x1062, 0x0841,
    0x0841, 0x10A3, 0x1905, 0x18E5, 0x0882, 0x1061, 0x1881, 0x1081, 0x1081, 0x18A2, 0x20E3, 0x2104,
    0x1905, 0x4986, 0x8244, 0x61A2, 0x1881, 0x1881, 0x18A2, 0x18A2, 0x1082, 0x1082, 0x18A2, 0x20A2,
    0x18A2, 0x20C3, 0x4963, 0x69E3, 0x6A03, 0x61C2, 0x5162, 0x4942, 0x4922, 0x5982, 0x7203, 0x7A44,
    0x9B28, 0xA34A, 0xA34A, 0xA34A, 0x9B2A, 0x932A, 0x9B2A, 0x9B2A, 0x9B2A, 0x9B2A, 0x9B2A, 0x932A,
    0x932A, 0x9B4A, 0x7A88, 0x51C5, 0x7268, 0x7248, 0x59E6, 0x8AEA, 0x7AA9, 0x6227, 0x8AE9, 0x7268,
    0x32F3, 0x32D3, 0x1A2F, 0x096A, 0x08E6, 0x10A4, 0x10A4, 0x0884, 0x0884, 0x0884, 0x08A4, 0x08A4,
    0x08A4, 0x08A4, 0x08C5, 0x116A, 0x222F, 0x2A90, 0x2270, 0x2AD1, 0x3313, 0x3B33, 0x3B13, 0x32F2,
    0x2AF2, 0x32F1, 0x32F2, 0x32F2, 0x32F2, 0x32D2, 0x32D2, 0x32B1, 0x32B1, 0x2AB1, 0x2A91, 0x2A91,
    0x2A91, 0x2A91, 0x2A91, 0x2A91, 0x2A91, 0x2A91, 0x2A90, 0x2A91, 0x2A91, 0x3291, 0x3291, 0x3291,
    0x2A91, 0x3290, 0x3291, 0x2A70, 0x2A70, 0x2A70, 0x2A70, 0x2A70, 0x2A6F, 0x2A50, 0x2A50, 0x2A2F,
    0x2A4F, 0x2A4F, 0x2A4F, 0x2A50, 0x2A50, 0x2A50, 0x2A50, 0x222F, 0x7BB5, 0xA38F, 0xA309, 0xAB28,
    0xB369, 0xBB89, 0xC3A9, 0xC3CA, 0xCC0A, 0xD42A, 0xD42B, 0xD42B, 0xD44B, 0xD44B, 0xD46B, 0xDC6C,
    0xDC8C, 0xDC8C, 0xDCAC, 0xDCCD, 0xDCCD, 0xDCAD, 0xDCAC, 0xDCAC, 0xDCAC, 0xDC8C, 0xDC8C, 0xDC6C,
    0xD46C, 0xD46B, 0xD44B, 0xD44A, 0xD42A, 0xCC0A, 0xCC0A, 0xCBEA, 0xCBEA, 0xCBEA, 0xC3E9, 0xC3C9,
    0xC3A9, 0xC3A9, 0xBB89, 0xBB69, 0xBB89, 0xB368, 0xAB28, 0x92A7, 0x28C2, 0x0841, 0x0841, 0x0820,
    0x1061, 0x0840, 0x0840, 0x1861, 0x1881, 0x2881, 0x71C4, 0xA2C7, 0xB307, 0xBB89, 0xC3C9, 0xC3C9,
    0xBB88, 0xA2E6, 0xAB27, 0xBB68, 0xB327, 0x9265, 0x5942, 0x8A44, 0xA2E6, 0xA2C6, 0xA2C6, 0x9AA6,
    0x9285, 0xA2C6, 0xAB07, 0xB347, 0xBBA9, 0xC3C9, 0xCBEA, 0xCC0A, 0xC3E9, 0xB348, 0x9AA6, 0x9A85,
    0x9AA5, 0x9AA6, 0xA2A6, 0xA2C6, 0xAB48, 0xBBC9, 0xCC2B, 0xD44C, 0xDC6C, 0xDC8D, 0xDCAD, 0xDCAD,
    0xDCAD, 0xDCAD, 0xE4AE, 0xE4CE, 0xE4CE, 0xE4CE, 0xE4AD, 0xE48D, 0xDC6C, 0xDC4C, 0xD42B, 0xCC0A,
    0xCBC9, 0xC3A9, 0xC3A9, 0xC3A9, 0xC3C9, 0xC3A9, 0xBB69, 0xB348, 0xA286, 0x79A3, 0xC367, 0xDBE9,
    0xDC2A, 0xE46C, 0xE46C, 0xE4AD, 0xE4AD, 0xE4AC, 0xDC8B, 0xDCAC, 0xDCAC, 0xDC6C, 0xD42B, 0xCC0A,
    0xCBE9, 0xC3C9, 0xBB88, 0xB326, 0xAAC5, 0x9A63, 0x9A43, 0xA263, 0xA263, 0xA263, 0xA283, 0xAA82,
    0xA242, 0xB283, 0xDBC5, 0xF466, 0xF486, 0xEC65, 0xE445, 0xD3E5, 0xCB86, 0xC367, 0x6A28, 0x3988,
    0x4187, 0x41A7, 0x3188, 0x3168, 0x3188, 0x3188, 0x3188, 0x3188, 0x3188, 0x3188, 0x3188, 0x2947,
    0x18E5, 0x10A4, 0x10A4, 0x08E5, 0x1906, 0x4187, 0x49A7, 0x2125, 0x08A2, 0x0882, 0x0882, 0x10A3,
    0x2947, 0x51C8, 0x3944, 0x18E3, 0x2104, 0x18E4, 0x0882, 0x0841, 0x0841, 0x1083, 0x2126, 0x2126,
    0x10A3, 0x1882, 0x20A2, 0x18A2, 0x1881, 0x18A2, 0x20E3, 0x2125, 0x2126, 0x4986, 0x8285, 0x69C3,
    0x20A1, 0x18A2, 0x18A2, 0x10A2, 0x1082, 0x1082, 0x20A2, 0x20C2, 0x20A2, 0x20C3, 0x4963, 0x69E3,
    0x69E3, 0x61C3, 0x5162, 0x4942, 0x4942, 0x5982, 0x7203, 0x7A44, 0x9308, 0xA34A, 0xA36A, 0xA34B,
    0x9B2A, 0x932A, 0x932A, 0x932A, 0x932A, 0x9B2A, 0x9B2A, 0x9B2B, 0x9B2B, 0x9B4A, 0x7A88, 0x51A5,
    0x6207, 0x59E6, 0x61E7, 0x932B, 0x7AA9, 0x6227, 0x7A89, 0x6227, 0x3B34, 0x3314, 0x2250, 0x118B,
    0x0906, 0x08A4, 0x0884, 0x0884, 0x0884, 0x0884, 0x08A4, 0x10A4, 0x1084, 0x0884, 0x08C5, 0x116A,
    0x222F, 0x2A90, 0x2270, 0x2AB1, 0x3313, 0x3B33, 0x3B13, 0x32F2, 0x32F2, 0x32F2, 0x3312, 0x3B12,
    0x3AF2, 0x32D2, 0x32D2, 0x32D1, 0x32D1, 0x32B1, 0x2AB1, 0x2A91, 0x2AB1, 0x2A91, 0x2A91, 0x2A91,
    0x2A91, 0x2A90, 0x2A90, 0x2A90, 0x2A91, 0x2A91, 0x2A91, 0x3291, 0x3291, 0x3291, 0x2A90, 0x2A90,
    0x2A70, 0x2A70, 0x2A70, 0x2A70, 0x2A70, 0x2A70, 0x2A50, 0x2A2F, 0x2A4F, 0x2A4F, 0x2A4F, 0x2A4F,
    0x2A50, 0x2A70, 0x222F, 0x5B74, 0x9BF3, 0xA32A, 0xAB49, 0xB369, 0xBB89, 0xC3CA, 0xCBEA, 0xCBEA,
    0xCC2A, 0xD44B, 0xD44B, 0xD44B, 0xDC6B, 0xDC6C, 0xDC6C, 0xDC6C, 0xDC8C, 0xDC8C, 0xDCAC, 0xDCAD,
    0xDCAD, 0xDC8C, 0xDC8C, 0xDC8C, 0xDC8C, 0xDC8C, 0xDC8C, 0xD46C, 0xD46B, 0xD44B, 0xD44A, 0xD42B,
    0xCC0A, 0xCC0A, 0xCC0A, 0xCC0A, 0xCBEA, 0xC3E9, 0xC3E9, 0xC3C9, 0xC3A9, 0xBBA9, 0xBB89, 0xBB69,
    0xB368, 0xB348, 0xAB27, 0x7A25, 0x1082, 0x0841, 0x0841, 0x0841, 0x1082, 0x0020, 0x0820, 0x1881,
    0x1061, 0x30C1, 0x79E4, 0x9AC7, 0xAB07, 0xB348, 0xBB89, 0xBB88, 0xB327, 0xAB07, 0xBB88, 0xBB89,
    0xB348, 0x9265, 0x5942, 0x8A44, 0xA2E6, 0xA2E6, 0xA2E6, 0x9AA6, 0x9285, 0xA2C6, 0xAB07, 0xB347,
    0xBB88, 0xC3EA, 0xC3EA, 0xCBEA, 0xCBEA, 0xBB88, 0xA2E6, 0x9A85, 0x9AA6, 0xA2C6, 0xA2C6, 0xA2A6,
    0xA2C6, 0xB348, 0xBBC9, 0xCC2B, 0xD46C, 0xDC8D, 0xDC6C, 0xDC8C, 0xDCAD, 0xDCAD, 0xE4CE, 0xE4CE,
    0xE4CE, 0xDCAD, 0xDC8D, 0xDC6C, 0xDC6C, 0xDC6C, 0xDC4C, 0xD42B, 0xD42B, 0xD42A, 0xCC0A, 0xCC0A,
    0xC3CA, 0xBBA9, 0xB348, 0xB307, 0x79A3, 0x9A65, 0xD3C8, 0xD3E9, 0xDC4B, 0xE46C, 0xE48D, 0xE4AD,
    0xE4AD, 0xE4CC, 0xE4CC, 0xDCAC, 0xDC6B, 0xD44B, 0xD42B, 0xCC0A, 0xC3A8, 0xBB67, 0xB346, 0xAAE5,
    0xA284, 0x9A63, 0xA263, 0x9A43, 0x9A43, 0xAA83, 0xAA83, 0xA262, 0xA262, 0xC303, 0xCB23, 0xCB03,
    0xCB23, 0xCB43, 0xDBE3, 0xDBC3, 0xEC45, 0xFD07, 0xFD08, 0xDC68, 0xA307, 0x49C7, 0x2968, 0x3188,
    0x3988, 0x3989, 0x3188, 0x3188, 0x39A9, 0x39A9, 0x39A9, 0x2968, 0x18E5, 0x10A4, 0x10C4, 0x08E6,
    0x2127, 0x41A8, 0x49C7, 0x2945, 0x10A3, 0x0862, 0x0882, 0x10A3, 0x2126, 0x4187, 0x3944, 0x2904,
    0x2945, 0x2105, 0x0883, 0x0842, 0x0841, 0x18A3, 0x2105, 0x2105, 0x18C3, 0x18A2, 0x20A2, 0x18A2,
    0x1081, 0x18A2, 0x20E3, 0x2125, 0x2126, 0x4186, 0x8265, 0x69E3, 0x20C2, 0x18A2, 0x18A2, 0x1082,
    0x0882, 0x1082, 0x18A2, 0x20C2, 0x20A2, 0x20C3, 0x4963, 0x69C3, 0x69E3, 0x61C2, 0x5162, 0x4942,
    0x4922, 0x5982, 0x71E3, 0x8265, 0x9308, 0xA34A, 0xA36A, 0xA34A, 0x930A, 0x930A, 0x932A, 0x932A,
    0x930A, 0x932A, 0x932A, 0x9B2B, 0x9B2B, 0x9B2B, 0x7268, 0x3944, 0x4164, 0x4144, 0x51A6, 0x8AEA,
    0x7289, 0x6207, 0x7268, 0x5A07, 0x3B33, 0x3313, 0x2250, 0x098A, 0x0907, 0x08A4, 0x0884, 0x0884,
    0x0883, 0x0884, 0x10A4, 0x10A4, 0x10A4, 0x08A4, 0x08A5, 0x114A, 0x224F, 0x2AB0, 0x2290, 0x2AD1,
    0x3B13, 0x3B33, 0x3B13, 0x32F3, 0x32F2, 0x3312, 0x3B12, 0x3AF2, 0x32F2, 0x32D2, 0x32D2, 0x32D1,
    0x32D1, 0x32D1, 0x2AB1, 0x2A90, 0x2AB1, 0x2AB1, 0x2AB2, 0x2AD2, 0x2AD2, 0x2AD1, 0x2AD1, 0x32B1,
    0x32B1, 0x3291, 0x2A70, 0x3291, 0x3290, 0x2A90, 0x2A90, 0x2A90, 0x3271, 0x2A70, 0x2A70, 0x2A70,
    0x2A70, 0x2A70, 0x2A50, 0x2A4F, 0x2A4F, 0x2A4F, 0x2A6F, 0x2A6F, 0x2A70, 0x222F, 0x3AD2, 0x9C35,
    0xA34C, 0xAB29, 0xB369, 0xBB89, 0xC3CA, 0xCBEA, 0xCC0A, 0xCC0A, 0xD44B, 0xD44B, 0xD44B, 0xDC6B,
    0xDC6C, 0xDC6C, 0xDC8C, 0xDC8C, 0xDC8C, 0xDCAC, 0xDCAD, 0xDCAD, 0xDCAC, 0xDC8C, 0xDC8C, 0xDC8C,
    0xDC6C, 0xDC6C, 0xD46C, 0xD44B, 0xD44B, 0xD44B, 0xD42A, 0xCC2A, 0xCC0A, 0xCC0A, 0xCBEA, 0xCBEA,
    0xCBE9, 0xC3C9, 0xC3C9, 0xC3C9, 0xBBA9, 0xBBA9, 0xBB89, 0xBB68, 0xB368, 0xAB48, 0xA307, 0x5984,
    0x0841, 0x0841, 0x0821, 0x0841, 0x1062, 0x0000, 0x0841, 0x1881, 0x1041, 0x4102, 0x79E4, 0x9266,
    0xAB07, 0xB348, 0xBB68, 0xB327, 0xAB27, 0xBB68, 0xC3C9, 0xBB89, 0xB327, 0x9265, 0x6162, 0x8A65,
    0xA2E6, 0xA306, 0xA2E6, 0x9AA6, 0x9286, 0x9AA6, 0xAB07, 0xB347, 0xBB68, 0xC3EA, 0xCC0A, 0xCBEA,
    0xC3C9, 0xC3A9, 0xB327, 0xA2A6, 0x9AA5, 0xA2C6, 0xA2E6, 0xAAE6, 0xA2C5, 0xA2E6, 0xB369, 0xC3CA,
    0xD42B, 0xDC6C, 0xDC6C, 0xDC6C, 0xDC8C, 0xDCAD, 0xE4AD, 0xE4CE, 0xE4AD, 0xDC8C, 0xDC6C, 0xDC4C,
    0xDC6C, 0xDC6C, 0xDC4C, 0xD44B, 0xD40B, 0xD42A, 0xCC0A, 0xCBEA, 0xC3C9, 0xB348, 0xB308, 0x9245,
    0x5922, 0xBB27, 0xCBA8, 0xD409, 0xDC2A, 0xE44C, 0xE48D, 0xE4AD, 0xE4CD, 0xE4CC, 0xE4CC, 0xE4CD,
    0xDCAC, 0xDC6B, 0xD42A, 0xCC0A, 0xC3C9, 0xBB67, 0xAAE5, 0xA2A4, 0xA283, 0xA283, 0x9A43, 0x9A43,
    0xAA83, 0xAA83, 0xA262, 0x9202, 0x9202, 0x9A22, 0x9A02, 0xA222, 0xAA42, 0xB2A2, 0xBAE2, 0xCB63,
    0xDBE4, 0xE425, 0xF4C6, 0xFD07, 0xFD28, 0xE4A8, 0x82A7, 0x3168, 0x3189, 0x39A9, 0x3989, 0x3988,
    0x39A8, 0x39A9, 0x39C9, 0x3188, 0x2106, 0x10A4, 0x10C4, 0x1106, 0x2968, 0x49C7, 0x49E7, 0x2946,
    0x10C4, 0x0882, 0x1082, 0x18C4, 0x2126, 0x3146, 0x3104, 0x3125, 0x3187, 0x2126, 0x08A3, 0x0842,
    0x0841, 0x18A3, 0x2105, 0x2125, 0x18E3, 0x20A2, 0x20A2, 0x1882, 0x1061, 0x1082, 0x18C2, 0x1904,
    0x1906, 0x3966, 0x7A04, 0x61A3, 0x20A2, 0x18A2, 0x10A2, 0x0882, 0x0882, 0x1082, 0x18A2, 0x20A2,
    0x18A2, 0x20C2, 0x4963, 0x69C3, 0x69E3, 0x61C2, 0x4942, 0x4122, 0x4122, 0x5962, 0x71E3, 0x7A45,
    0x9B28, 0xA36A, 0xA36A, 0xA36B, 0x9B0A, 0x930A, 0x930A, 0x930A, 0x930A, 0x930A, 0x930A, 0x930B,
    0x930B, 0x932B, 0x7268, 0x4985, 0x6A48, 0x7A89, 0x59C6, 0x6A28, 0x6A28, 0x6227, 0x7289, 0x6207,
    0x3B54, 0x32F3, 0x222F, 0x098A, 0x0907, 0x08A5, 0x08A4, 0x0884, 0x0883, 0x0884, 0x10A4, 0x10A4,
    0x10A4, 0x08A4, 0x08A5, 0x198B, 0x2AB1, 0x3332, 0x3312, 0x32F2, 0x3313, 0x3313, 0x32F3, 0x2AD2,
    0x2AB1, 0x32D1, 0x32F1, 0x32D1, 0x32D1, 0x32D1, 0x32D2, 0x32B1, 0x32B1, 0x2AB0, 0x32D1, 0x32F2,
    0x32D1, 0x2A90, 0x21ED, 0x19AB, 0x1969, 0x1969, 0x198A, 0x21EC, 0x2A4E, 0x3290, 0x32B1, 0x2A70,
    0x2A90, 0x2A90, 0x2A70, 0x2A70, 0x2A70, 0x2A50, 0x2A70, 0x2A70, 0x2A6F, 0x2A6F, 0x2A50, 0x2A50,
    0x2A4F, 0x2A4F, 0x2A4F, 0x2A6F, 0x2A4F, 0x224F, 0x83D5, 0xA36E, 0xA329, 0xAB49, 0xBB89, 0xC3A9,
    0xC3C9, 0xCBEA, 0xD40A, 0xD40A, 0xD44B, 0xD46B, 0xDC6B, 0xDC6C, 0xDC8C, 0xDC8C, 0xDC8C, 0xDCAD,
    0xDC8C, 0xDCAC, 0xDCAD, 0xDCAD, 0xDC8C, 0xDC8C, 0xDC8C, 0xDC8C, 0xDC6B, 0xD46C, 0xD44B, 0xD44B,
    0xD44B, 0xD42A, 0xCC2A, 0xCC0A, 0xCC0A, 0xCC0A, 0xCBEA, 0xCBEA, 0xCBE9, 0xC3C9, 0xC3C9, 0xC3C9,
    0xBBA9, 0xBB89, 0xBB89, 0xBB69, 0xB348, 0xAB48, 0x9AC6, 0x30E3, 0x0841, 0x0841, 0x0821, 0x1061,
    0x1041, 0x0000, 0x1061, 0x1061, 0x0841, 0x6163, 0x8A24, 0x8A45, 0xA2A6, 0xAB07, 0xAB07, 0xAB27,
    0xC3A9, 0xC3C9, 0xC3A9, 0xBBA9, 0xB328, 0x9A85, 0x71A3, 0x9A85, 0xA2E6, 0xAB06, 0xA2E6, 0x9AA6,
    0x9A86, 0xA2A6, 0xAB07, 0xB347, 0xBB68, 0xC3C9, 0xCC0A, 0xCC0A, 0xC3C9, 0xC3A9, 0xBB88, 0xAAE6,
    0xA2A6, 0xA2C6, 0xAAE7, 0xAAE6, 0xAAE6, 0xA2A5, 0xA2E6, 0xBB89, 0xCBEA, 0xD42B, 0xD44C, 0xDC6C,
    0xDC6C, 0xDC6C, 0xDC8C, 0xE4AD, 0xDC6C, 0xDC6C, 0xDC4B, 0xDC4C, 0xDC6C, 0xDC6C, 0xDC6C, 0xD44B,
    0xD40A, 0xD40A, 0xCC0A, 0xC3C9, 0xBB68, 0xB307, 0xA2A6, 0x5102, 0x71A3, 0xCB88, 0xCBA8, 0xD40A,
    0xD3E9, 0xDC0A, 0xE44C, 0xE48C, 0xE4CC, 0xE4CD, 0xE4CC, 0xE4AC, 0xDC8C, 0xDC6C, 0xDC4B, 0xD42A,
    0xCBE9, 0xC3A8, 0xBB46, 0xB2E4, 0xBB04, 0xA263, 0x9A43, 0xAAA3, 0xAA83, 0x9202, 0x81C2, 0x79A1,
    0x81A1, 0x81A2, 0x81A2, 0x91E2, 0x91E2, 0x89E1, 0xAA82, 0xC322, 0xCB23, 0xDB83, 0xE3E4, 0xEC45,
    0xF4C6, 0xFD48, 0xFD69, 0xBBA8, 0x41A8, 0x3189, 0x39A9, 0x3988, 0x39A8, 0x39C9, 0x39C9, 0x3188,
    0x2106, 0x18C4, 0x10C5, 0x1127, 0x3188, 0x4A08, 0x49E7, 0x2966, 0x10C4, 0x0882, 0x1082, 0x18E5,
    0x2146, 0x2946, 0x2905, 0x2926, 0x39A8, 0x2967, 0x10A3, 0x0862, 0x1062, 0x20C3, 0x2925, 0x2945,
    0x2104, 0x20E3, 0x20A2, 0x1882, 0x1061, 0x1061, 0x10A2, 0x10C3, 0x1905, 0x3966, 0x69C4, 0x5162,
    0x18A2, 0x18A2, 0x10A3, 0x0882, 0x0882, 0x1082, 0x18A2, 0x20A2, 0x18A2, 0x28C2, 0x4963, 0x69C3,
    0x69E3, 0x61C2, 0x4942, 0x4122, 0x4102, 0x5162, 0x69C3, 0x7A45, 0xA349, 0xA38A, 0xA38A, 0xA36A,
    0x9B0A, 0x930A, 0x930A, 0x930A, 0x930A, 0x930A, 0x930A, 0x930B, 0x930B, 0x930B, 0x7268, 0x59E7,
    0x8AEA, 0x8B0A, 0x59E7, 0x6228, 0x6207, 0x6A48, 0x82CA, 0x6227, 0x3B54, 0x3B13, 0x224F, 0x118B,
    0x0907, 0x08A5, 0x08A4, 0x0884, 0x0884, 0x08A4, 0x08A4, 0x08A4, 0x08A4, 0x0884, 0x08C5, 0x19CD,
    0x3B33, 0x43B4, 0x3B74, 0x3B33, 0x3313, 0x32F3, 0x2AD2, 0x2270, 0x224E, 0x226F, 0x2A90, 0x2A8F,
    0x2AB0, 0x32B1, 0x32D2, 0x32B1, 0x32D2, 0x3B33, 0x32AF, 0x1989, 0x10C4, 0x0862, 0x0862, 0x0862,
    0x1062, 0x1061, 0x1061, 0x0841, 0x0862, 0x10A4, 0x1969, 0x2A6F, 0x32B1, 0x32B1, 0x2A90, 0x2A70,
    0x2A70, 0x2A70, 0x2A70, 0x2A70, 0x2A6F, 0x2A6F, 0x2A4F, 0x2A4F, 0x2A4F, 0x2A4F, 0x2A4F, 0x2A6F,
    0x222F, 0x6373, 0xABD2, 0xA32A, 0xB349, 0xBB69, 0xC3A9, 0xC3C9, 0xCBEA, 0xCBEA, 0xD42B, 0xD42B,
    0xDC4B, 0xDC6B, 0xDC6C, 0xDC8C, 0xDCAD, 0xDCAD, 0xDCAD, 0xDCAD, 0xDCAD, 0xDCAD, 0xDC8C, 0xDC8C,
    0xDC8C, 0xDC8C, 0xDC8C, 0xDC6B, 0xD46B, 0xD46B, 0xD44B, 0xD44B, 0xD42B, 0xD42A, 0xCC2A, 0xCC0A,
    0xCC0A, 0xCC0A, 0xCBEA, 0xCBEA, 0xCBE9, 0xC3E9, 0xC3C9, 0xC3C9, 0xC3A9, 0xBB89, 0xBB89, 0xBB69,
    0xB348, 0xAB48, 0x7A46, 0x1882, 0x1041, 0x0841, 0x0821, 0x1062, 0x0820, 0x0000, 0x1041, 0x1061,
    0x1041, 0x8204, 0xA2C6, 0x8A45, 0x9265, 0xA2A6, 0xBB48, 0xC3C9, 0xC3C9, 0xCBE9, 0xC3C9, 0xB348,
    0xBB68, 0x9265, 0x8A24, 0x9AC6, 0xA2E6, 0xAB07, 0xAB07, 0xA2C6, 0x9A86, 0xA2A6, 0xAB07, 0xB348,
    0xBB88, 0xC3C9, 0xCC0A, 0xCC0A, 0xCBEA, 0xC3C9, 0xBB88, 0xB347, 0xA2E6, 0xA2E6, 0xAAE7, 0xAAE6,
    0xAAE6, 0xAAC6, 0xA2A5, 0xAAE6, 0xC3A9, 0xCBEA, 0xD42B, 0xD44C, 0xDC6C, 0xDC6C, 0xDC6C, 0xDC6C,
    0xDC4C, 0xDC4C, 0xDC4B, 0xDC4C, 0xDC6C, 0xDC6C, 0xDC4B, 0xD42A, 0xD40A, 0xCC0A, 0xC3C9, 0xBB88,
    0xB327, 0xAAC7, 0x6963, 0x58E2, 0x9A65, 0xC388, 0xC388, 0xCBE9, 0xD3CA, 0xDC0B, 0xDC4C, 0xE4AD,
    0xE4CD, 0xE4CC, 0xE4CD, 0xE4CD, 0xE4AD, 0xDC8C, 0xDC4B, 0xD42A, 0xCBE9, 0xC3C8, 0xD3E7, 0xD3C6,
    0xCB85, 0xA263, 0xB2E4, 0xB2E3, 0x81C1, 0x7181, 0x7181, 0x79A1, 0x79A1, 0x7981, 0x81A2, 0x81A1,
    0x7181, 0x81A1, 0xAA82, 0xA262, 0xAA82, 0xC303, 0xD363, 0xE3E4, 0xEC65, 0xF4C6, 0xF548, 0xFE0B,
    0xDC89, 0x51C8, 0x3189, 0x41A8, 0x39C8, 0x39C9, 0x39C9, 0x3188, 0x2106, 0x18C4, 0x10E5, 0x1947,
    0x31A8, 0x5208, 0x4A08, 0x2967, 0x10C4, 0x1082, 0x10A2, 0x2126, 0x2988, 0x2947, 0x2105, 0x2947,
    0x4209, 0x41A6, 0x18A3, 0x1062, 0x1862, 0x20C4, 0x2925, 0x2987, 0x2966, 0x2924, 0x28E3, 0x18A2,
    0x1041, 0x0861, 0x10A2, 0x10C3, 0x18E5, 0x4186, 0x7204, 0x5162, 0x18A2, 0x18A2, 0x10A2, 0x0882,
    0x0862, 0x1082, 0x1082, 0x1882, 0x18A2, 0x28E3, 0x4963, 0x61C3, 0x69E3, 0x61C3, 0x4942, 0x3922,
    0x3902, 0x5142, 0x61A3, 0x8265, 0xA369, 0xABAA, 0xABAA, 0xA36A, 0x930A, 0x930A, 0x930A, 0x92EA,
    0x930A, 0x930A, 0x930A, 0x930B, 0x930B, 0x930B, 0x6A48, 0x4985, 0x6207, 0x6207, 0x6207, 0x7AAA,
    0x7249, 0x7269, 0x9B4C, 0x82C9, 0x3B54, 0x3B13, 0x2250, 0x118B, 0x0907, 0x08A5, 0x08A4, 0x0884,
    0x0884, 0x08A4, 0x08A4, 0x08A4, 0x08A4, 0x08A4, 0x08C5, 0x19CD, 0x3B33, 0x43B4, 0x4394, 0x3B54,
    0x3313, 0x32F3, 0x2AB1, 0x222E, 0x220D, 0x224E, 0x2AAF, 0x2AB0, 0x2AB0, 0x32B1, 0x32B1, 0x3B13,
    0x32D0, 0x1967, 0x0862, 0x0841, 0x1082, 0x10A3, 0x10A3, 0x10A4, 0x10C3, 0x18C3, 0x18C3, 0x18C3,
    0x18C3, 0x1082, 0x0821, 0x10A4, 0x1105, 0x1948, 0x2A4F, 0x32B1, 0x2A70, 0x3290, 0x2A70, 0x2A6F,
    0x2A6F, 0x2A6F, 0x2A4F, 0x2A2F, 0x2A4F, 0x2A4F, 0x224F, 0x222E, 0x42D1, 0xA414, 0xA34C, 0xAB49,
    0xB369, 0xBB89, 0xC3C9, 0xCBEA, 0xCBEA, 0xD40A, 0xD42B, 0xDC4B, 0xDC6B, 0xDC6B, 0xDC8C, 0xDCAC,
    0xDCCD, 0xDCCD, 0xDCCD, 0xDCAD, 0xDCAD, 0xDCAD, 0xDC8C, 0xDC8C, 0xDC8C, 0xDC8C, 0xDC6B, 0xD46B,
    0xD46B, 0xD44B, 0xD44B, 0xD44B, 0xD42B, 0xD42A, 0xCC2A, 0xCC0A, 0xCC0A, 0xCBEA, 0xCBEA, 0xCBE9,
    0xC3E9, 0xC3C9, 0xC3C9, 0xC3C9, 0xC3A9, 0xBBA9, 0xBB69, 0xB369, 0xB348, 0xAB08, 0x59C5, 0x0841,
    0x1041, 0x0841, 0x0821, 0x1041, 0x0000, 0x0820, 0x1041, 0x1061, 0x2081, 0xAAE7, 0xB327, 0x9245,
    0x9265, 0xAAE6, 0xBB88, 0xC3C9, 0xCBE9, 0xCBE9, 0xBB89, 0xB348, 0xC389, 0x8204, 0x9AA6, 0x9AC6,
    0xA306, 0xAB27, 0xAB07, 0xA2C6, 0x9A86, 0xA2C6, 0xAB07, 0xB347, 0xBBA8, 0xCBE9, 0xCC0A, 0xCC0A,
    0xCBEA, 0xC3C9, 0xC3A9, 0xBB68, 0xAAE6, 0xA2E6, 0xAAE7, 0xAAE6, 0xAAE6, 0xAAE6, 0xA2C5, 0x9A85,
    0xAAE7, 0xBB89, 0xCBEA, 0xD42B, 0xD44B, 0xD44B, 0xD44B, 0xD44B, 0xD44B, 0xD42B, 0xD42B, 0xD42B,
    0xDC2B, 0xDC2B, 0xD42B, 0xD40A, 0xCBC9, 0xC3A9, 0xBB68, 0xAB07, 0xAAC6, 0x71A3, 0x5902, 0x8A05,
    0xA2A6, 0xC368, 0xC388, 0xCBE9, 0xDC4C, 0xDC0B, 0xE48D, 0xE4CD, 0xE4EE, 0xE50E, 0xE4ED, 0xE4CD,
    0xE4AD, 0xDC8D, 0xDC6B, 0xD42A, 0xCC09, 0xD428, 0xDC27, 0xDC27, 0xD3E6, 0xAAA3, 0xCB64, 0x81E2,
    0x6941, 0x7161, 0x7181, 0x79A1, 0x79A1, 0x7981, 0x7981, 0x7161, 0x7981, 0x89E1, 0x9202, 0x89E1,
    0x9202, 0xAA63, 0xC303, 0xD384, 0xE404, 0xEC85, 0xF4E6, 0xF589, 0xFE4C, 0xDCA9, 0x51C8, 0x39A9,
    0x41C8, 0x41E9, 0x41C9, 0x3188, 0x2106, 0x18E5, 0x18E5, 0x1948, 0x39C8, 0x5A28, 0x5208, 0x2967,
    0x10E4, 0x1082, 0x18A2, 0x2946, 0x39C9, 0x2987, 0x1906, 0x2967, 0x5229, 0x51C5, 0x20C3, 0x1882,
    0x1883, 0x20E4, 0x2945, 0x2966, 0x2966, 0x3124, 0x3103, 0x20A2, 0x0841, 0x1061, 0x10A2, 0x10C3,
    0x18E5, 0x49A6, 0x8245, 0x5983, 0x20A2, 0x18A2, 0x10A2, 0x0861, 0x1082, 0x18A2, 0x18A2, 0x1882,
    0x1882, 0x20C3, 0x4963, 0x61C3, 0x69E3, 0x61C3, 0x4942, 0x3902, 0x3902, 0x4942, 0x61A3, 0x8265,
    0xA369, 0xABAA, 0xABAA, 0xA36A, 0x930A, 0x92EA, 0x92EA, 0x8AEA, 0x8AEA, 0x8B0A, 0x8AEA, 0x8AEB,
    0x8AEB, 0x8B0B, 0x7269, 0x51C6, 0x59E7, 0x6A48, 0x7ACA, 0x934C, 0x8AEB, 0x8B0B, 0x9B8C, 0x9B8C,
    0x3B54, 0x3313, 0x2250, 0x118B, 0x0907, 0x08A5, 0x08A4, 0x0884, 0x0884, 0x08A4, 0x08A4, 0x08A4,
    0x08A4, 0x08A4, 0x08C5, 0x19AB, 0x32F2, 0x3B74, 0x3B33, 0x32F3, 0x2AB1, 0x2A71, 0x2A50, 0x220D,
    0x220D, 0x2A90, 0x32F1, 0x32F1, 0x32D1, 0x32D2, 0x3B12, 0x21CA, 0x0842, 0x0841, 0x10A3, 0x10A2,
    0x0861, 0x0821, 0x0000, 0x0000, 0x0000, 0x0000, 0x0020, 0x0841, 0x1083, 0x18E4, 0x2925, 0x20E3,
    0x1082, 0x0820, 0x10A3, 0x2A2D, 0x3291, 0x2A70, 0x2A70, 0x2A6F, 0x2A6F, 0x2A6F, 0x2A4F, 0x2A50,
    0x2A50, 0x2A4F, 0x224E, 0x224F, 0x83D4, 0xA38E, 0xAB49, 0xB349, 0xBB89, 0xC3A9, 0xC3C9, 0xCBEA,
    0xCC0A, 0xD42B, 0xD44B, 0xDC4B, 0xDC6C, 0xDC8C, 0xDCAC, 0xDCAD, 0xE4CD, 0xE4CD, 0xDCCD, 0xDCAD,
    0xDCAD, 0xDCAD, 0xDCAC, 0xDCAC, 0xDC8C, 0xDC6C, 0xD46B, 0xD46B, 0xD46B, 0xD46B, 0xD44B, 0xD44B,
    0xD42B, 0xCC2A, 0xCC2A, 0xCC0A, 0xCC0A, 0xCBEA, 0xCBEA, 0xCBC9, 0xC3E9, 0xC3E9, 0xC3C9, 0xC3C9,
    0xC3C9, 0xC3A9, 0xBB89, 0xB369, 0xAB48, 0xA2E7, 0x3103, 0x0841, 0x1041, 0x0840, 0x0841, 0x0841,
    0x0000, 0x0841, 0x1061, 0x1041, 0x4943, 0xC3CA, 0xBB68, 0xAAC6, 0x9245, 0x9A85, 0xAB07, 0xBB88,
    0xC3C9, 0xBB88, 0xBB68, 0xC3A9, 0xB348, 0x8204, 0xB347, 0xA2E6, 0xAB26, 0xB347, 0xAB27, 0xA2C6,
    0x9AA6, 0xA2C6, 0xAB27, 0xB347, 0xBBA8, 0xCC0A, 0xCC0A, 0xCC0A, 0xCBEA, 0xC3C9, 0xC3C9, 0xC3A9,
    0xAB27, 0xA2E6, 0xAAE7, 0xAAE6, 0xAAE6, 0xAAE6, 0xA2C5, 0xA2A5, 0x9A65, 0xAAC6, 0xBB68, 0xC3A9,
    0xC3EA, 0xCBEA, 0xCC0A, 0xCC0A, 0xCBEA, 0xCBEA, 0xCBEB, 0xD42B, 0xD42B, 0xD40B, 0xD40A, 0xCBEA,
    0xC3A9, 0xBB48, 0xB307, 0xA2A6, 0x7183, 0x5902, 0x7183, 0xA2C7, 0xA2C6, 0xBB68, 0xC3C9, 0xCC0A,
    0xDC4C, 0xD3EA, 0xDC4C, 0xDCAD, 0xE4CD, 0xE50E, 0xE50E, 0xE4CE, 0xE4CE, 0xE4AD, 0xDC8C, 0xD44A,
    0xD429, 0xD428, 0xECC9, 0xE4A8, 0xCBA6, 0xCB44, 0x9A63, 0x6121, 0x7161, 0x7161, 0x7181, 0x79A1,
    0x7981, 0x7161, 0x7161, 0x79A1, 0x81C1, 0x81C1, 0x81C1, 0x81A1, 0x81C2, 0x9A23, 0xB283, 0xC323,
    0xDBA4, 0xE404, 0xEC85, 0xFD48, 0xFDEB, 0xFE2C, 0xD469, 0x49A8, 0x39A9, 0x41C8, 0x41C8, 0x3188,
    0x2126, 0x18E5, 0x1906, 0x2968, 0x41A8, 0x6207, 0x51E8, 0x2966, 0x10C3, 0x1082, 0x18A2, 0x2967,
    0x3A0A, 0x31A8, 0x2126, 0x2967, 0x5208, 0x51C5, 0x28E3, 0x1883, 0x20A3, 0x28E4, 0x2945, 0x2965,
    0x2945, 0x3124, 0x3103, 0x18A2, 0x0841, 0x1061, 0x18A2, 0x10C3, 0x1905, 0x51C7, 0x8245, 0x5163,
    0x18A2, 0x18A2, 0x10A2, 0x0882, 0x1082, 0x20A2, 0x18A2, 0x1882, 0x18A2, 0x20C3, 0x4963, 0x61C3,
    0x61C3, 0x61A3, 0x4942, 0x3922, 0x3902, 0x4942, 0x61A3, 0x8265, 0xA369, 0xABAA, 0xABAA, 0xA36A,
    0x930A, 0x92EA, 0x92EA, 0x92EA, 0x8AEA, 0x8AEA, 0x8AEA, 0x8AEA, 0x8AEB, 0x8AEB, 0x8ACB, 0x7AAA,
    0x82EA, 0x8B2B, 0x934C, 0x9B6C, 0x934C, 0x9B6C, 0x9B8C, 0xA3AC, 0x3B54, 0x32F2, 0x1A2F, 0x096B,
    0x0907, 0x08A5, 0x08A4, 0x0884, 0x0884, 0x08A3, 0x08A4, 0x08A4, 0x0884, 0x08A4, 0x08C5, 0x198B,
    0x2AB0, 0x3312, 0x2AD1, 0x224E, 0x19EC, 0x19CC, 0x19AC, 0x19AB, 0x21EC, 0x32B0, 0x3B12, 0x32D1,
    0x3B33, 0x3AF0, 0x10C4, 0x0821, 0x10A3, 0x1082, 0x0841, 0x0000, 0x0000, 0x0000, 0x0863, 0x10C5,
    0x10E5, 0x10E4, 0x08A3, 0x0021, 0x0000, 0x0841, 0x1083, 0x2924, 0x3145, 0x18C3, 0x0841, 0x0841,
    0x21AA, 0x3291, 0x2A70, 0x2A6F, 0x2A6F, 0x2A6F, 0x2A6F, 0x2A50, 0x2A50, 0x2A70, 0x222E, 0x5B52,
    0xA3D1, 0xAB29, 0xB348, 0xBB69, 0xC389, 0xC3C9, 0xCBE9, 0xCC0A, 0xD42A, 0xD42B, 0xD44B, 0xDC6C,
    0xDC8C, 0xDC8C, 0xDCAC, 0xE4AC, 0xE4CD, 0xE4CD, 0xDCAD, 0xDCCD, 0xDCAC, 0xDC8C, 0xDCAC, 0xDC8C,
    0xDC8C, 0xDC6C, 0xD46B, 0xD46B, 0xD46B, 0xD44B, 0xD46B, 0xD44B, 0xD44B, 0xCC2A, 0xCC2A, 0xCC0A,
    0xCC0A, 0xCC0A, 0xCBE9, 0xCBEA, 0xCBE9, 0xC3C9, 0xC3C9, 0xC3C9, 0xC3A9, 0xBBA9, 0xBB89, 0xB369,
    0xAB28, 0x8246, 0x1882, 0x0841, 0x1061, 0x0840, 0x0841, 0x0821, 0x0000, 0x1041, 0x1061, 0x1041,
    0x7246, 0xCC0B, 0xC3A9, 0xBB48, 0x9A85, 0x9245, 0xAAC6, 0xB327, 0xB347, 0xBB88, 0xC3A9, 0xCBC9,
    0x9A86, 0x9265, 0xC388, 0xAB06, 0xAB27, 0xB368, 0xB327, 0xA2E6, 0xA2C6, 0xA2C6, 0xAB07, 0xB368,
    0xBBA8, 0xCBEA, 0xCC0A, 0xCC0A, 0xCBEA, 0xCBEA, 0xC3C9, 0xBBA8, 0xB348, 0xAB07, 0xAAE6, 0xAAE6,
    0xAAE6, 0xAAC6, 0xA2C5, 0xA2A5, 0x9A65, 0x9224, 0x9A65, 0xAAE6, 0xBB48, 0xBB68, 0xBB88, 0xBB89,
    0xBB89, 0xC3AA, 0xCBCA, 0xCBEB, 0xCBEA, 0xCBEA, 0xC3C9, 0xBB88, 0xB327, 0xB307, 0x9A85, 0x81E3,
    0x7162, 0x7183, 0x81E4, 0xB348, 0xA2C6, 0xBB88, 0xC3E9, 0xCBEA, 0xDC4C, 0xD42C, 0xD42B, 0xDCAD,
    0xE4CD, 0xE4ED, 0xE50E, 0xE4EE, 0xE4CE, 0xE4CE, 0xDC8C, 0xDC6B, 0xD46A, 0xD429, 0xDC29, 0xECC9,
    0xDC06, 0xB2C3, 0x6121, 0x6941, 0x7161, 0x7161, 0x79A1, 0x79A1, 0x7161, 0x7161, 0x7161, 0x89E1,
    0x79A1, 0x81C1, 0x7181, 0x79A1, 0x81C2, 0x89E2, 0x9A22, 0xBAC3, 0xCB23, 0xDBA4, 0xE424, 0xF4C6,
    0xFD69, 0xF5CB, 0xFE0B, 0xCBE8, 0x49A8, 0x41C8, 0x41C8, 0x3167, 0x2106, 0x18E5, 0x2106, 0x2947,
    0x4187, 0x59C6, 0x49C7, 0x2146, 0x10C3, 0x1082, 0x18A2, 0x3167, 0x39EA, 0x31A8, 0x2146, 0x2167,
    0x49C7, 0x51A4, 0x28E3, 0x18A2, 0x20A3, 0x2904, 0x2945, 0x2965, 0x2944, 0x3124, 0x2903, 0x1882,
    0x0841, 0x1082, 0x18C3, 0x10C3, 0x1905, 0x49A6, 0x7204, 0x5163, 0x18A2, 0x18A2, 0x10A2, 0x1082,
    0x18A2, 0x20C2, 0x18A2, 0x1082, 0x10A2, 0x20C3, 0x4943, 0x61C3, 0x61C3, 0x61A3, 0x4942, 0x4121,
    0x3902, 0x4942, 0x61A3, 0x7A45, 0xAB69, 0xABAA, 0xAB8A, 0xA36A, 0x930A, 0x92EA, 0x92EA, 0x92EA,
    0x8AEA, 0x8AEA, 0x8AEA, 0x8AEA, 0x8AEB, 0x8AEB, 0x930B, 0x932B, 0x934C, 0x936C, 0x936C, 0x934C,
    0x9B6C, 0x9B6C, 0x9B8C, 0x9BAC, 0x3B54, 0x32D2, 0x1A0E, 0x096A, 0x0907, 0x08A5, 0x08A4, 0x0884,
    0x0884, 0x0883, 0x08A4, 0x08A4, 0x08A4, 0x08A5, 0x08C6, 0x19CB, 0x2AD1, 0x2AF1, 0x228E, 0x19EB,
    0x1168, 0x1148, 0x1168, 0x1968, 0x19EB, 0x32B0, 0x32F1, 0x3B53, 0x328E, 0x0862, 0x0862, 0x10A3,
    0x0841, 0x0000, 0x0000, 0x1082, 0x2189, 0x2A2E, 0x3291, 0x32B2, 0x32B1, 0x32D1, 0x32B0, 0x2A4E,
    0x2189, 0x1083, 0x0842, 0x0861, 0x2104, 0x3165, 0x18E3, 0x0861, 0x0821, 0x2189, 0x2A4F, 0x2A90,
    0x2A6F, 0x2A6F, 0x2A70, 0x2A70, 0x2A70, 0x2A4F, 0x3AB0, 0x9BF3, 0xA34B, 0xAB48, 0xB369, 0xBB89,
    0xC3A9, 0xC3C9, 0xCC0A, 0xCC0A, 0xD42A, 0xD44B, 0xDC4B, 0xDC6C, 0xDC8C, 0xDCAC, 0xDCAC, 0xDCAD,
    0xDCAD, 0xDCCD, 0xDCAD, 0xDCAD, 0xDCAD, 0xDC8C, 0xDC8C, 0xDC8C, 0xDC8C, 0xDC6B, 0xD46B, 0xD44B,
    0xD46B, 0xD44B, 0xD46B, 0xD44B, 0xD44B, 0xD44B, 0xCC2A, 0xCC0A, 0xCC0A, 0xCC0A, 0xCBE9, 0xCBE9,
    0xCBE9, 0xC3E9, 0xC3E9, 0xC3C9, 0xC3C9, 0xBBA9, 0xB369, 0xAB48, 0xA308, 0x5984, 0x1061, 0x1061,
    0x0861, 0x0820, 0x1041, 0x0800, 0x0820, 0x0841, 0x1041, 0x1061, 0x92E8, 0xD42B, 0xC3CA, 0xC389,
    0xB307, 0x9265, 0x9265, 0xAB06, 0xBB68, 0xC3A9, 0xC3A9, 0xBB69, 0x8224, 0xB348, 0xC3A9, 0xAB06,
    0xB347, 0xB368, 0xAB27, 0xA2E7, 0xA2E6, 0xA2E6, 0xAB07, 0xB368, 0xBBA8, 0xCBE9, 0xCC0A, 0xCC0A,
    0xCC0A, 0xCBE9, 0xC3E9, 0xC3A9, 0xBB88, 0xB327, 0xAAE6, 0xAAE6, 0xAAE6, 0xAAE6, 0xA2A5, 0x9A85,
    0x9A65, 0x9244, 0x8A23, 0x81E3, 0x9244, 0xA2A5, 0xAAE6, 0xB307, 0xB327, 0xBB48, 0xBB69, 0xBB89,
    0xBB89, 0xBB69, 0xB348, 0xAB07, 0xA2C5, 0x8A24, 0x6141, 0xA242, 0x81C2, 0x71A3, 0x8A45, 0xBB89,
    0xA306, 0xB388, 0xC3C9, 0xCC0B, 0xDC6D, 0xDC4D, 0xD40B, 0xDC8C, 0xDCCD, 0xE4ED, 0xE4EE, 0xE4EF,
    0xE4EF, 0xE4CE, 0xDCAD, 0xDC8C, 0xDC8B, 0xD44A, 0xD409, 0xD409, 0xECA9, 0xB347, 0x60E0, 0x7161,
    0x7161, 0x7181, 0x7181, 0x7981, 0x7181, 0x7161, 0x79A1, 0x7981, 0x81C1, 0x9202, 0x7181, 0x79A1,
    0x79A2, 0x81A2, 0x9202, 0xAA63, 0xBAE3, 0xD384, 0xDBE4, 0xEC45, 0xF507, 0xFDAA, 0xFDCB, 0xFDEA,
    0xAB47, 0x3967, 0x41A8, 0x3167, 0x2105, 0x18E5, 0x18E5, 0x2106, 0x3945, 0x49A5, 0x39A7, 0x2146,
    0x10C4, 0x1082, 0x18C3, 0x3166, 0x31A8, 0x2146, 0x2146, 0x2987, 0x51E6, 0x51A4, 0x3103, 0x18A2,
    0x20A3, 0x2904, 0x3166, 0x2966, 0x2944, 0x3123, 0x28E3, 0x1882, 0x0841, 0x1082, 0x18C3, 0x18E3,
    0x2126, 0x49A6, 0x7204, 0x4943, 0x18A2, 0x18A2, 0x10A2, 0x10A2, 0x20E2, 0x3103, 0x20C2, 0x1082,
    0x1082, 0x20C3, 0x4943, 0x61C3, 0x61C3, 0x61C3, 0x4942, 0x4121, 0x4102, 0x5142, 0x61A3, 0x7A45,
    0xAB69, 0xABAA, 0xA38A, 0x9B4A, 0x930A, 0x92EA, 0x8AEA, 0x8AEA, 0x8AEA, 0x8AEA, 0x8AEA, 0x8AEB,
    0x82CB, 0x82AA, 0x82CB, 0x8B0B, 0x934C, 0x936C, 0x8B2C, 0x82EB, 0x82CA, 0x7ACA, 0x934B, 0x9B8C,
    0x4374, 0x32D2, 0x19EE, 0x094A, 0x0907, 0x08A5, 0x08A4, 0x0884, 0x0884, 0x08A4, 0x08A4, 0x08C4,
    0x08A4, 0x08A5, 0x0906, 0x19EB, 0x2AB0, 0x2AD0, 0x226E, 0x11C9, 0x1147, 0x1146, 0x1167, 0x1967,
    0x21EC, 0x3290, 0x3B54, 0x2A4D, 0x0021, 0x10A3, 0x1082, 0x0021, 0x0000, 0x0841, 0x21CA, 0x32D0,
    0x32F2, 0x32D2, 0x32B1, 0x3291, 0x3290, 0x2A90, 0x2AB0, 0x32B0, 0x3B12, 0x1948, 0x0000, 0x0861,
    0x0841, 0x18C3, 0x3165, 0x18C3, 0x1082, 0x0820, 0x10A3, 0x2A6F, 0x2A90, 0x2A6F, 0x2A70, 0x2A70,
    0x3270, 0x2A6F, 0x7373, 0xA38F, 0xA328, 0xB369, 0xBB89, 0xC3A9, 0xC3CA, 0xCBEA, 0xCC0A, 0xCC0A,
    0xD42A, 0xD44B, 0xDC4B, 0xDC8C, 0xDC8C, 0xDCAC, 0xDCAC, 0xDCCD, 0xDCAD, 0xDCAD, 0xDCAD, 0xDC8C,
    0xDCAC, 0xDCAC, 0xDC8C, 0xDC8C, 0xDC8C, 0xDC6B, 0xD46B, 0xD46B, 0xD44B, 0xD44B, 0xD44B, 0xD44B,
    0xD42A, 0xD44B, 0xD44A, 0xCC2A, 0xCC2A, 0xCC2A, 0xCC0A, 0xCBEA, 0xCBEA, 0xCC0A, 0xC3E9, 0xC3C9,
    0xBBA9, 0xBBA9, 0xB369, 0xAB48, 0x9AC7, 0x30E3, 0x1041, 0x1061, 0x0841, 0x0841, 0x1041, 0x0000,
    0x0821, 0x1041, 0x1061, 0x20A1, 0xAB48, 0xCBEA, 0xC3EA, 0xCBCA, 0xC388, 0xAAE6, 0x9244, 0xA2C6,
    0xBB68, 0xBB68, 0xC3A9, 0xA2A6, 0x9AA6, 0xCBC9, 0xBBA9, 0xAB27, 0xB368, 0xB368, 0xAB07, 0xAAE7,
    0xAB07, 0xAB07, 0xAB07, 0xB347, 0xC3C9, 0xC3E9, 0xCC0A, 0xCC0A, 0xCC0A, 0xCBEA, 0xC3E9, 0xC3C9,
    0xC3A8, 0xBB68, 0xAB06, 0xAAC6, 0xAAE6, 0xAAE6, 0xA2C5, 0xA285, 0x9A65, 0x9244, 0x9224, 0x8A03,
    0x79E3, 0x79C2, 0x79C3, 0x8203, 0x9245, 0xA2A6, 0xA2C6, 0xAAC6, 0xAAC6, 0xA2C6, 0x9A85, 0x8203,
    0x6962, 0x50E0, 0x81C1, 0xAA62, 0x89E2, 0x81C3, 0x8A24, 0xBB88, 0xAB27, 0xB368, 0xC3EA, 0xCC0B,
    0xD46C, 0xDC6D, 0xCBEA, 0xD46C, 0xDCCD, 0xE50E, 0xE50E, 0xE4EF, 0xE4EF, 0xE4EE, 0xE4CE, 0xDCAC,
    0xDCAC, 0xDC8B, 0xDC6A, 0xD42A, 0xD3E9, 0xF56C, 0xA326, 0x6920, 0x7181, 0x7161, 0x81C1, 0x7981,
    0x6941, 0x7161, 0x81A1, 0x7981, 0x79A1, 0x79C1, 0x81E1, 0x8A02, 0x9202, 0x9202, 0x9203, 0x9A23,
    0xB2C3, 0xCB44, 0xD3C4, 0xE425, 0xF4C6, 0xFD49, 0xFDAA, 0xFDCA, 0xFD69, 0x7A47, 0x3988, 0x3167,
    0x2105, 0x18E5, 0x18E4, 0x18E4, 0x3104, 0x3965, 0x3167, 0x1926, 0x10C4, 0x0882, 0x18A3, 0x3146,
    0x2926, 0x1904, 0x2147, 0x39C8, 0x6A47, 0x61E4, 0x3923, 0x20A3, 0x20C3, 0x2904, 0x3166, 0x2966,
    0x2924, 0x3123, 0x2903, 0x1882, 0x0841, 0x1082, 0x18C3, 0x18E4, 0x2125, 0x4186, 0x61A4, 0x4922,
    0x18A2, 0x18C3, 0x10A2, 0x10A2, 0x20C3, 0x28E3, 0x18C3, 0x1082, 0x1082, 0x20C3, 0x4943, 0x61C3,
    0x61C3, 0x59A3, 0x4942, 0x3901, 0x4102, 0x5162, 0x61A3, 0x7A45, 0xAB69, 0xABAA, 0xA36A, 0x9B2A,
    0x930A, 0x92EA, 0x8AEB, 0x8AEA, 0x8AEA, 0x7AA9, 0x7289, 0x7A8A, 0x6208, 0x51A7, 0x59C7, 0x6A48,
    0x82EB, 0x8B0B, 0x6228, 0x51A7, 0x51A6, 0x5A07, 0x82EA, 0x9B6C, 0x4374, 0x32D2, 0x19EE, 0x0949,
    0x08E6, 0x08A5, 0x08A5, 0x0884, 0x08A4, 0x08C4, 0x08E5, 0x0905, 0x08E5, 0x08C5, 0x0926, 0x11C9,
    0x1A4B, 0x1A4B, 0x11EA, 0x1187, 0x1146, 0x1126, 0x1146, 0x1167, 0x19AA, 0x2AD0, 0x2A2C, 0x0021,
    0x10A3, 0x0882, 0x0020, 0x0000, 0x1906, 0x32B0, 0x32F2, 0x32D0, 0x32B0, 0x32B1, 0x32B1, 0x32B1,
    0x32B1, 0x32B0, 0x32B0, 0x2A90, 0x2A90, 0x2A70, 0x1107, 0x0020, 0x0861, 0x0861, 0x18C3, 0x3986,
    0x20C3, 0x1082, 0x0841, 0x1905, 0x2A2D, 0x2A70, 0x2A6F, 0x3270, 0x2A6F, 0x5311, 0x9BD2, 0xA32A,
    0xAB28, 0xB369, 0xBB89, 0xC3CA, 0xC3EA, 0xCBEA, 0xCC0A, 0xCC0A, 0xD42A, 0xD44B, 0xDC6B, 0xDC6C,
    0xDCAC, 0xDCAC, 0xDC8C, 0xDCAC, 0xDCAD, 0xDCAC, 0xDCAD, 0xDCAD, 0xDCAC, 0xDCAC, 0xDC8C, 0xDC8C,
    0xDC6C, 0xDC6B, 0xD46B, 0xD46B, 0xD44B, 0xD44B, 0xD44B, 0xD44B, 0xD44B, 0xD44A, 0xD44A, 0xD42A,
    0xD42A, 0xCC0A, 0xCC0A, 0xCC0A, 0xCBEA, 0xCC0A, 0xCC0A, 0xC3C9, 0xC3C9, 0xBBA9, 0xB369, 0xAB28,
    0x8246, 0x1882, 0x1041, 0x1061, 0x0820, 0x0861, 0x0841, 0x0000, 0x0841, 0x1041, 0x1041, 0x3902,
    0xB368, 0xC3CA, 0xCC0B, 0xCC0B, 0xCBA9, 0xBB27, 0xB2C5, 0xA264, 0xAB06, 0xBB88, 0xB327, 0x8A45,
    0xBB89, 0xCBCA, 0xBB88, 0xB347, 0xB368, 0xAB27, 0xAAE7, 0xAB07, 0xB327, 0xB327, 0xAB27, 0xB327,
    0xBB88, 0xC3E9, 0xCBEA, 0xCC0A, 0xCC0A, 0xCBE9, 0xC3C9, 0xC3C9, 0xBB88, 0xBB68, 0xB327, 0xAAE6,
    0xA2C6, 0xA2C5, 0xA2A5, 0xA285, 0x9A65, 0x9244, 0x8A24, 0x8A03, 0x8203, 0x79E3, 0x79C3, 0x71A2,
    0x71A3, 0x79C3, 0x81E3, 0x81C3, 0x79C3, 0x71A2, 0x6961, 0x5941, 0x5921, 0x6961, 0xA242, 0x91E1,
    0x89E1, 0x89E1, 0x81E3, 0xB347, 0xA307, 0xB368, 0xC3EA, 0xCC0B, 0xD44C, 0xDC8D, 0xCC2B, 0xD44B,
    0xDCCD, 0xE4EE, 0xE50F, 0xE4EF, 0xE4EF, 0xE4EF, 0xE4EE, 0xE4CD, 0xDCAC, 0xDCAC, 0xDC8B, 0xDC6B,
    0xD40A, 0xDC49, 0xED4C, 0x79A2, 0x7161, 0x7181, 0x79A1, 0x7181, 0x6121, 0x6941, 0x7981, 0x89E1,
    0x7981, 0x7161, 0x79A1, 0x81A2, 0x81C2, 0x89E2, 0x89E2, 0x9222, 0xAA83, 0xBB03, 0xD384, 0xE405,
    0xEC86, 0xF508, 0xFD8A, 0xFDCB, 0xFDEA, 0xDC68, 0x4166, 0x3167, 0x2926, 0x18E5, 0x18E4, 0x18E4,
    0x20E4, 0x3125, 0x2966, 0x1925, 0x10C3, 0x0882, 0x10A3, 0x18E4, 0x18E4, 0x10E4, 0x2147, 0x39E9,
    0x7268, 0x6A25, 0x3923, 0x20C3, 0x20C3, 0x2904, 0x2945, 0x2966, 0x2924, 0x2923, 0x3103, 0x18A2,
    0x1041, 0x1082, 0x18C3, 0x18E4, 0x1905, 0x3945, 0x5164, 0x4103, 0x20A2, 0x20C3, 0x18C3, 0x10A2,
    0x10A3, 0x18A3, 0x1082, 0x0861, 0x1062, 0x20C3, 0x4943, 0x61C3, 0x61C3, 0x59A3, 0x4942, 0x3901,
    0x3902, 0x4942, 0x5983, 0x7225, 0x9B49, 0xA36A, 0x9B4A, 0x9B2A, 0x930A, 0x92EA, 0x8AEB, 0x8AEA,
    0x8AEA, 0x7268, 0x5A07, 0x6A48, 0x51A6, 0x4145, 0x51A6, 0x4986, 0x6228, 0x7A8A, 0x49A6, 0x51A7,
    0x6A49, 0x7AAA, 0x934B, 0x9B6C, 0x4374, 0x32D2, 0x19CD, 0x0929, 0x08E6, 0x08A5, 0x08A5, 0x0884,
    0x08C5, 0x0926, 0x1166, 0x1167, 0x1147, 0x0926, 0x0926, 0x1187, 0x11C7, 0x11C7, 0x1187, 0x0966,
    0x0926, 0x0925, 0x0945, 0x0945, 0x11C9, 0x220B, 0x0021, 0x10A3, 0x0862, 0x0020, 0x0820, 0x29CB,
    0x3B13, 0x32F2, 0x32D0, 0x32D1, 0x32D1, 0x32B1, 0x32B1, 0x32B1, 0x32B1, 0x32B1, 0x32D0, 0x32B0,
    0x3290, 0x3291, 0x32B2, 0x21AA, 0x0020, 0x0861, 0x0861, 0x20E4, 0x3145, 0x1082, 0x1082, 0x0841,
    0x1041, 0x2A0C, 0x2A90, 0x2A6F, 0x3290, 0x8BB3, 0xA36D, 0xA328, 0xAB48, 0xBB89, 0xC3A9, 0xC3CA,
    0xCBEA, 0xCC0A, 0xCC0A, 0xD42A, 0xD42A, 0xD44B, 0xDC6B, 0xDC8C, 0xDCAC, 0xDC8C, 0xDCAC, 0xDCAC,
    0xDCAC, 0xDCAC, 0xDCAC, 0xDCAD, 0xDCAC, 0xDC8C, 0xDC8B, 0xDC8C, 0xDC6B, 0xD46B, 0xD46B, 0xD46B,
    0xD44B, 0xD44B, 0xD44B, 0xD44B, 0xD44A, 0xD44B, 0xD42A, 0xD42A, 0xD42A, 0xD42A, 0xCC0A, 0xCC0A,
    0xCC0A, 0xCC0A, 0xCBE9, 0xC3C9, 0xC3C9, 0xBBA9, 0xB369, 0xB369, 0x59A5, 0x0841, 0x1061, 0x0841,
    0x0820, 0x1061, 0x0820, 0x0000, 0x1041, 0x1061, 0x0841, 0x5143, 0xB348, 0xC3CA, 0xCC0B, 0xD44C,
    0xCBEA, 0xC368, 0xC368, 0xAAA5, 0xA285, 0xAB06, 0x9285, 0xB328, 0xCBEA, 0xC3CA, 0xBB88, 0xB368,
    0xBB88, 0xB347, 0xAB07, 0xB327, 0xB327, 0xB327, 0xAB06, 0xAB27, 0xBB68, 0xC3C9, 0xCBEA, 0xCC0A,
    0xCBEA, 0xCBE9, 0xC3E9, 0xC3C9, 0xBB88, 0xBB68, 0xB347, 0xAAE6, 0xA2C6, 0xA2C5, 0xA2A5, 0x9A85,
    0x9244, 0x9244, 0x9224, 0x8A03, 0x8203, 0x79E3, 0x79E3, 0x79E3, 0x81E3, 0x81E3, 0x79C3, 0x79A2,
    0x71A2, 0x6982, 0x6961, 0x6141, 0x6141, 0x81C1, 0x9A21, 0x7981, 0x81A1, 0x81A0, 0x7161, 0xA2C6,
    0xA307, 0xB368, 0xC40B, 0xCC0B, 0xD44C, 0xDCAD, 0xD44B, 0xCC2A, 0xDCAD, 0xDCEE, 0xE4EF, 0xE4EF,
    0xE4EF, 0xE4EE, 0xE4EE, 0xE4EE, 0xDCCD, 0xDCAC, 0xDC8B, 0xDC8B, 0xDC4B, 0xD3C9, 0xF4EB, 0xA305,
    0x6920, 0x7181, 0x6961, 0x6961, 0x6961, 0x6941, 0x6941, 0x81A1, 0x79A1, 0x7181, 0x79A2, 0x79A2,
    0x81A2, 0x81C2, 0x89E3, 0x9203, 0x9A63, 0xB2C3, 0xCB44, 0xDBC5, 0xE425, 0xF4A7, 0xFD28, 0xFDAA,
    0xF5EB, 0xFDCA, 0x9AE6, 0x2927, 0x2946, 0x2105, 0x20E5, 0x20E4, 0x2904, 0x2945, 0x2167, 0x1925,
    0x10C3, 0x1082, 0x1083, 0x18C4, 0x18E4, 0x10E4, 0x2147, 0x39C9, 0x7267, 0x6A04, 0x3923, 0x20E3,
    0x20E3, 0x20E4, 0x2945, 0x2945, 0x2124, 0x2903, 0x2903, 0x20A3, 0x1062, 0x1882, 0x18C3, 0x18E3,
    0x1904, 0x3145, 0x4964, 0x3902, 0x20A2, 0x20C3, 0x18C3, 0x10A2, 0x10A2, 0x10A3, 0x1082, 0x0841,
    0x1061, 0x20C3, 0x4143, 0x59A3, 0x61C3, 0x59A3, 0x4942, 0x3901, 0x3902, 0x4942, 0x5163, 0x69E5,
    0x9309, 0x9B4A, 0x9B2A, 0x9B2A, 0x930A, 0x92EB, 0x8AEB, 0x8AEB, 0x8AEB, 0x6A48, 0x51E7, 0x6A48,
    0x51C7, 0x59E7, 0x7AAA, 0x59E7, 0x49A6, 0x6228, 0x51A6, 0x6A49, 0x8B0B, 0x932B, 0x9B8C, 0x9B6C,
    0x4374, 0x32D2, 0x19CD, 0x0929, 0x08E6, 0x08A5, 0x0884, 0x0884, 0x08E5, 0x1167, 0x11A7, 0x11A7,
    0x1167, 0x1147, 0x0926, 0x1187, 0x11C8, 0x11C7, 0x11A7, 0x0946, 0x0926, 0x1125, 0x0925, 0x1166,
    0x220A, 0x0862, 0x1082, 0x0862, 0x0020, 0x0841, 0x2A2D, 0x3B33, 0x32D2, 0x32D1, 0x32D1, 0x32D1,
    0x32D1, 0x32B1, 0x32B1, 0x32B1, 0x32B1, 0x32D0, 0x32D0, 0x32D0, 0x32B1, 0x3291, 0x3291, 0x32D2,
    0x1968, 0x0000, 0x0882, 0x1082, 0x18C3, 0x3986, 0x18A3, 0x1082, 0x0841, 0x18A3, 0x2A2D, 0x2270,
    0x5B12, 0xA3B1, 0xA309, 0xAB48, 0xB369, 0xBBA9, 0xC3C9, 0xCBEA, 0xCC0A, 0xCC0A, 0xD42A, 0xD42A,
    0xD42A, 0xDC4B, 0xDC6C, 0xDC8C, 0xDC8C, 0xDC8C, 0xDC8C, 0xDC8C, 0xDC8C, 0xDCAC, 0xDCAC, 0xDCAC,
    0xDC8B, 0xDC8C, 0xDC8C, 0xDC8C, 0xDC6B, 0xD46B, 0xD44B, 0xD44B, 0xD46B, 0xD44B, 0xD44B, 0xD44B,
    0xD44A, 0xD44B, 0xD44A, 0xD42A, 0xD42A, 0xCC2A, 0xCC0A, 0xCC0A, 0xCC0A, 0xCC0A, 0xCBE9, 0xC3C9,
    0xC3C9, 0xBBC9, 0xB389, 0xA329, 0x28C3, 0x0841, 0x1061, 0x0841, 0x0841, 0x1061, 0x0000, 0x0820,
    0x1061, 0x1061, 0x0821, 0x6183, 0xAB07, 0xBBA9, 0xCC0B, 0xD42C, 0xD40B, 0xC3A9, 0xC3A9, 0xBB26,
    0xA2A5, 0x81E3, 0xA2A6, 0xCBC9, 0xC3CA, 0xC3C9, 0xB368, 0xBBA8, 0xBB88, 0xB348, 0xAB07, 0xB328,
    0xB348, 0xB327, 0xAB06, 0xAB06, 0xBB67, 0xC3A9, 0xCBEA, 0xCBEA, 0xCBE9, 0xC3C9, 0xC3C9, 0xC3A9,
    0xBB88, 0xBB68, 0xB348, 0xAB06, 0xA2C6, 0xA2C5, 0xA2A5, 0x9A85, 0x9A64, 0x9244, 0x9224, 0x8A23,
    0x8203, 0x79E3, 0x79E3, 0x81E3, 0x81E3, 0x81E3, 0x81E3, 0x79C3, 0x71A2, 0x6961, 0x6141, 0x5941,
    0x6961, 0x89C1, 0x81A1, 0x6941, 0x7980, 0x7181, 0x6120, 0x8A44, 0xAB27, 0xB348, 0xC3EB, 0xCC0B,
    0xD46C, 0xDCAD, 0xD48C, 0xCC0A, 0xD46C, 0xDCCD, 0xE4EE, 0xE4EF, 0xE4EF, 0xE4EE, 0xE4EE, 0xE4CD,
    0xE4CD, 0xDCCD, 0xDCCC, 0xDCAC, 0xDC6B, 0xD3EA, 0xE48A, 0xC3E7, 0x6120, 0x7181, 0x6961, 0x6961,
    0x6961, 0x6941, 0x7161, 0x7181, 0x81C2, 0x79A2, 0x79A2, 0x81A2, 0x81C2, 0x89C3, 0x89E3, 0x9223,
    0x9A63, 0xAAA3, 0xBB04, 0xD385, 0xDBE5, 0xEC66, 0xF508, 0xFD89, 0xFDEB, 0xFE2C, 0xFD49, 0x6A06,
    0x2126, 0x2926, 0x2105, 0x20E4, 0x2104, 0x2946, 0x2187, 0x1926, 0x10C3, 0x1082, 0x1083, 0x18C3,
    0x18C4, 0x18E4, 0x2147, 0x39A8, 0x6226, 0x59C4, 0x3103, 0x20E3, 0x20E3, 0x20E3, 0x2945, 0x2945,
    0x2103, 0x2903, 0x2903, 0x20C3, 0x1882, 0x18A2, 0x18C3, 0x18E3, 0x1904, 0x3145, 0x4144, 0x30E2,
    0x20C3, 0x20E3, 0x18C3, 0x0882, 0x1082, 0x18A3, 0x1882, 0x0841, 0x1062, 0x20C3, 0x4143, 0x59A3,
    0x61C3, 0x59A3, 0x4942, 0x3902, 0x3902, 0x4122, 0x4943, 0x59A4, 0x8AE9, 0x9B4A, 0x9B2A, 0x932A,
    0x92EA, 0x8AEA, 0x8AEB, 0x8AEB, 0x8AEB, 0x6A48, 0x59E7, 0x6A49, 0x59C7, 0x6A28, 0x8B0C, 0x7269,
    0x4986, 0x59E7, 0x4165, 0x4165, 0x51C7, 0x7269, 0x936B, 0x8B2B, 0x4354, 0x32D2, 0x19CD, 0x0929,
    0x08C6, 0x08A4, 0x0884, 0x0884, 0x0906, 0x1167, 0x1187, 0x1187, 0x1167, 0x1167, 0x0947, 0x19CA,
    0x224D, 0x1A4C, 0x11C9, 0x1167, 0x0926, 0x1126, 0x0925, 0x220A, 0x08A3, 0x1082, 0x0862, 0x0000,
    0x0821, 0x21CC, 0x32F2, 0x32D2, 0x32F2, 0x2AB0, 0x226F, 0x224E, 0x226F, 0x3290, 0x32B1, 0x32B1,
    0x32B1, 0x32D1, 0x32D0, 0x32D0, 0x32B1, 0x32B1, 0x32B1, 0x32B1, 0x32B0, 0x10C5, 0x0861, 0x0861,
    0x18C3, 0x3145, 0x3145, 0x1082, 0x1082, 0x1061, 0x1882, 0x3A2D, 0x8BB3, 0xA32C, 0xAB08, 0xAB48,
    0xBB89, 0xC3C9, 0xC3CA, 0xCBEA, 0xCC0A, 0xCC0A, 0xD42A, 0xD44A, 0xD44B, 0xDC4B, 0xDC6C, 0xDC8C,
    0xDC8C, 0xDCAC, 0xDCAC, 0xDCAC, 0xDC8C, 0xDCAC, 0xDC8C, 0xDC8C, 0xDC8C, 0xDC8C, 0xDC8B, 0xDC8B,
    0xD46B, 0xD46B, 0xD44B, 0xD44B, 0xD44B, 0xD44A, 0xD44B, 0xD44B, 0xD42A, 0xD44A, 0xD44A, 0xD42A,
    0xD42A, 0xD42A, 0xCC2A, 0xD42A, 0xCC0A, 0xCC0A, 0xCBE9, 0xC3E9, 0xC3C9, 0xBBA9, 0xBBA9, 0x7A67,
    0x1062, 0x1061, 0x1061, 0x0820, 0x0841, 0x0841, 0x0020, 0x0841, 0x1061, 0x1062, 0x1041, 0x71C4,
    0xA2E7, 0xB369, 0xCBEA, 0xD42B, 0xD42B, 0xC3A9, 0xCBEA, 0xBB47, 0x8A44, 0x9244, 0xAAC6, 0xBB68,
    0xC3A9, 0xBB89, 0xBB88, 0xC3E9, 0xC3A9, 0xB348, 0xAB07, 0xB348, 0xBB68, 0xB347, 0xAB27, 0xAB26,
    0xB347, 0xC388, 0xCBC9, 0xCBE9, 0xCBE9, 0xCBE9, 0xC3C9, 0xC3A9, 0xBB88, 0xBB68, 0xB347, 0xAB06,
    0xA2C6, 0xA2C5, 0xA2A5, 0x9A85, 0x9A65, 0x9244, 0x8A24, 0x8A23, 0x8203, 0x8203, 0x8A23, 0x8A23,
    0x8A03, 0x81E3, 0x81E3, 0x79A2, 0x7182, 0x6161, 0x6141, 0x6161, 0x6961, 0x7181, 0x7161, 0x6121,
    0x6140, 0x6120, 0x5900, 0x71A2, 0xAB27, 0xAB28, 0xC3EB, 0xCC0B, 0xD44C, 0xDCAD, 0xD4AD, 0xCC0A,
    0xCC2B, 0xDCAD, 0xDCCE, 0xE4EF, 0xE50F, 0xE50F, 0xE4EE, 0xE4CE, 0xDCCD, 0xDCCC, 0xDCCD, 0xDCCC,
    0xDC8C, 0xD42A, 0xDC09, 0xE4EA, 0x71A1, 0x7161, 0x7161, 0x6961, 0x7161, 0x7162, 0x7162, 0x7182,
    0x71A2, 0x79A2, 0x79C2, 0x81C2, 0x81E3, 0x89E3, 0x8A03, 0x8A23, 0x9243, 0x9A83, 0xB2C4, 0xC345,
    0xDBC5, 0xE426, 0xF4C7, 0xFD69, 0xFDCA, 0xF60C, 0xFE4C, 0xDC68, 0x3946, 0x2105, 0x20E5, 0x20E4,
    0x2104, 0x2166, 0x2187, 0x2105, 0x10A3, 0x1082, 0x1083, 0x10C3, 0x10C3, 0x18E5, 0x2167, 0x3187,
    0x49A5, 0x4144, 0x20E3, 0x20E3, 0x20E4, 0x2104, 0x3145, 0x2945, 0x18E3, 0x20E2, 0x2903, 0x28E3,
    0x18C3, 0x18C3, 0x18C3, 0x18E3, 0x2104, 0x3145, 0x3944, 0x28C2, 0x20C3, 0x20E3, 0x18C3, 0x0882,
    0x10A2, 0x20A2, 0x1882, 0x0841, 0x1062, 0x20C3, 0x4143, 0x59A3, 0x61C3, 0x59A3, 0x4942, 0x3902,
    0x3902, 0x4122, 0x4943, 0x59A4, 0x8AC8, 0x9B4A, 0x9B2A, 0x930A, 0x8AEA, 0x8AEB, 0x8AEB, 0x8AEA,
    0x8AEB, 0x6A28, 0x59E7, 0x6A49, 0x59E7, 0x6A49, 0x8B0C, 0x6A49, 0x49A6, 0x59E7, 0x4145, 0x4166,
    0x59E7, 0x7AA9, 0x934B, 0x7AAA, 0x3AF2, 0x2A91, 0x11AD, 0x0929, 0x08C5, 0x08A5, 0x08A5, 0x08C5,
    0x0906, 0x0946, 0x0946, 0x0945, 0x0946, 0x0946, 0x1167, 0x222E, 0x3311, 0x3311, 0x226D, 0x11A8,
    0x1146, 0x0925, 0x19A9, 0x08E4, 0x0861, 0x0882, 0x0020, 0x0821, 0x1147, 0x19EC, 0x222E, 0x32B1,
    0x32B1, 0x222E, 0x19EC, 0x19CB, 0x220C, 0x2A6F, 0x32B1, 0x32B1, 0x32D1, 0x32D1, 0x32D1, 0x32D1,
    0x32B1, 0x32B1, 0x32B1, 0x32B1, 0x32D1, 0x2A8F, 0x0041, 0x0861, 0x0862, 0x18C3, 0x3166, 0x2924,
    0x18C2, 0x1082, 0x1061, 0x28E3, 0x932E, 0xA2E9, 0xAB07, 0xB368, 0xBBA9, 0xC3C9, 0xC3EA, 0xCBEA,
    0xCC0A, 0xD40A, 0xD42A, 0xD44A, 0xD44B, 0xDC6C, 0xDC8C, 0xDC8C, 0xDC8C, 0xDC8C, 0xDC8C, 0xDCAC,
    0xDC8C, 0xDC8C, 0xDC8C, 0xDC8C, 0xDC8C, 0xDC8B, 0xDC6B, 0xDC6B, 0xD46B, 0xD44B, 0xD44B, 0xD44B,
    0xD44B, 0xD46B, 0xD44B, 0xD44B, 0xD42A, 0xD44A, 0xD44A, 0xD44A, 0xD42A, 0xD42A, 0xD42A, 0xD42A,
    0xD42A, 0xCC0A, 0xCBE9, 0xC3C9, 0xC3C9, 0xBB89, 0xB369, 0x4144, 0x0841, 0x1061, 0x1041, 0x0820,
    0x1061, 0x0841, 0x0020, 0x0841, 0x1061, 0x1062, 0x28A1, 0x8A45, 0xAB07, 0xB348, 0xC3CA, 0xCC0B,
    0xD42B, 0xCBEA, 0xCBC9, 0x9AA6, 0xA2A5, 0xB306, 0xAAC5, 0xAAE6, 0xBB88, 0xBB89, 0xC3A9, 0xC3E9,
    0xC3C9, 0xBB68, 0xB348, 0xBB68, 0xBB68, 0xB367, 0xB327, 0xAB27, 0xB347, 0xC388, 0xCBC9, 0xCBE9,
    0xCBC8, 0xC3A8, 0xC388, 0xBB88, 0xBB88, 0xBB68, 0xBB68, 0xB327, 0xAAE6, 0xA2C5, 0xA2A5, 0x9A85,
    0x9A64, 0x9244, 0x9244, 0x8A23, 0x8A23, 0x8A44, 0x9244, 0x8A24, 0x8A03, 0x81E3, 0x81E3, 0x79A2,
    0x6981, 0x6141, 0x6141, 0x5921, 0x5101, 0x6941, 0x7161, 0x5100, 0x50E0, 0x5900, 0x5100, 0x5100,
    0x9AA6, 0xAB07, 0xC3EB, 0xC3EB, 0xCC2B, 0xD46C, 0xD4AD, 0xCC2B, 0xCC0B, 0xDC8D, 0xDCCD, 0xE4EE,
    0xE50E, 0xE50E, 0xE4EE, 0xDCCD, 0xDCAD, 0xDCAC, 0xDCCD, 0xDCCD, 0xDCAC, 0xDC4B, 0xD3C8, 0xF52B,
    0x9AC4, 0x6920, 0x7181, 0x7161, 0x7182, 0x7982, 0x7982, 0x7181, 0x79A2, 0x79C2, 0x81C2, 0x81C3,
    0x89E3, 0x8A03, 0x9223, 0x9223, 0x9243, 0x9A84, 0xAAC4, 0xBB05, 0xCB85, 0xE406, 0xEC66, 0xF508,
    0xFD8A, 0xFE0B, 0xFE2C, 0xFE2B, 0x9B06, 0x18A4, 0x20E4, 0x20E4, 0x18E4, 0x1925, 0x1946, 0x18E4,
    0x10A3, 0x1082, 0x1082, 0x10A3, 0x10A2, 0x10E5, 0x2167, 0x3186, 0x3944, 0x28E3, 0x18C3, 0x20E3,
    0x2104, 0x3145, 0x3986, 0x3145, 0x20E3, 0x18E2, 0x2903, 0x2904, 0x20E4, 0x18C4, 0x18C3, 0x18E3,
    0x2104, 0x3145, 0x3124, 0x28C3, 0x20C3, 0x20E4, 0x18C3, 0x0882, 0x10A2, 0x20C2, 0x1882, 0x0841,
    0x1062, 0x20C3, 0x4963, 0x59C3, 0x61C3, 0x59A3, 0x4142, 0x3902, 0x3902, 0x4942, 0x5983, 0x61E5,
    0x9309, 0xA36B, 0x9B2A, 0x930A, 0x8ACA, 0x8ACA, 0x8ACA, 0x8AEA, 0x82EA, 0x6227, 0x59E7, 0x6A49,
    0x59E7, 0x6A49, 0x82CB, 0x51C7, 0x51C7, 0x6228, 0x59C7, 0x728A, 0x8AEB, 0x8B2C, 0x932C, 0x6A48,
    0x32F2, 0x2A90, 0x19CD, 0x0929, 0x08E6, 0x08E6, 0x0906, 0x0907, 0x0927, 0x0926, 0x0905, 0x0904,
    0x0905, 0x0926, 0x1147, 0x224E, 0x4353, 0x4372, 0x2AD0, 0x11CA, 0x0926, 0x1188, 0x1148, 0x0840,
    0x10A2, 0x0020, 0x0820, 0x1126, 0x09A9, 0x1188, 0x19EC, 0x2A4F, 0x2A4F, 0x21ED, 0x11AA, 0x11A9,
    0x220C, 0x3290, 0x3AD1, 0x32B1, 0x32B1, 0x3AD1, 0x32D1, 0x32D1, 0x32D1, 0x3AD1, 0x3AD1, 0x32B1,
    0x32B0, 0x32D0, 0x1967, 0x0841, 0x0862, 0x1062, 0x3145, 0x49E7, 0x10A2, 0x1081, 0x1061, 0x0821,
    0x4944, 0xB329, 0xAB28, 0xBB89, 0xC3C9, 0xC3C9, 0xC3CA, 0xCBEA, 0xCC0A, 0xD42A, 0xD44A, 0xD44A,
    0xD46B, 0xDC6C, 0xDC8C, 0xDC8C, 0xDC8C, 0xDC8C, 0xDC8C, 0xDCAC, 0xDC8C, 0xDC8C, 0xDC8C, 0xDC8C,
    0xDC6B, 0xDC8B, 0xDC6B, 0xDC6B, 0xD44B, 0xD44A, 0xD44A, 0xD46B, 0xD44A, 0xD44A, 0xD44A, 0xD42A,
    0xD42A, 0xD42A, 0xD44A, 0xD46B, 0xD44A, 0xD42A, 0xD42A, 0xD42A, 0xD42A, 0xCC0A, 0xCBEA, 0xC3E9,
    0xC3C9, 0xC3C9, 0x9AE7, 0x1882, 0x1061, 0x1061, 0x0841, 0x0841, 0x1061, 0x0820, 0x0020, 0x0841,
    0x1061, 0x0841, 0x4102, 0xA2E7, 0xB348, 0xB328, 0xC3A9, 0xCBEA, 0xD42B, 0xC3CA, 0xA2C6, 0xB348,
    0xC3A8, 0xBB47, 0xB306, 0xAAC6, 0xAAE6, 0xB327, 0xC3C9, 0xC3C9, 0xC3EA, 0xBB89, 0xBB69, 0xC3A9,
    0xBB88, 0xB368, 0xB347, 0xAB27, 0xB347, 0xC388, 0xCBC9, 0xCBC9, 0xC3C8, 0xC3A8, 0xC388, 0xBB68,
    0xBB68, 0xBB68, 0xBB47, 0xB347, 0xAB06, 0xA2C6, 0xA2A5, 0x9A85, 0x9A65, 0x9244, 0x9224, 0x9244,
    0x9244, 0x9A64, 0x9264, 0x9244, 0x8A24, 0x81E3, 0x81C3, 0x71A2, 0x6961, 0x6141, 0x5921, 0x5101,
    0x5901, 0x6121, 0x6941, 0x48E0, 0x48E0, 0x48E0, 0x5100, 0x38A0, 0x8225, 0xAAE7, 0xBBAA, 0xC3EA,
    0xC3EA, 0xCC4B, 0xD48D, 0xD46C, 0xCC0B, 0xD46C, 0xDCAD, 0xE4EE, 0xE50E, 0xE4EE, 0xE4CE, 0xDCAD,
    0xDC8C, 0xDCAC, 0xDCCC, 0xDCCD, 0xDCAC, 0xDC6B, 0xD3E9, 0xEC8A, 0xDC88, 0x6941, 0x7181, 0x7181,
    0x7982, 0x7982, 0x79A2, 0x79A2, 0x79C2, 0x79C2, 0x81E2, 0x89E3, 0x89E3, 0x9204, 0x9223, 0x9264,
    0x9A84, 0xA2A4, 0xAAC5, 0xB2E5, 0xC345, 0xD3C5, 0xE446, 0xF4E7, 0xF548, 0xFDEB, 0xFE2C, 0xFE6D,
    0xF54A, 0x4144, 0x20E4, 0x2125, 0x2125, 0x2146, 0x2146, 0x1905, 0x10C4, 0x10A3, 0x10A3, 0x1082,
    0x1082, 0x10E4, 0x2167, 0x3166, 0x3124, 0x20E3, 0x18C3, 0x18E3, 0x2104, 0x3145, 0x3965, 0x3145,
    0x2924, 0x2903, 0x2944, 0x3144, 0x4164, 0x4964, 0x3944, 0x2924, 0x2124, 0x3144, 0x4164, 0x28E3,
    0x28E4, 0x2904, 0x18E3, 0x0882, 0x10A2, 0x20A2, 0x1082, 0x0841, 0x1062, 0x20C3, 0x4963, 0x59C3,
    0x61C3, 0x59A3, 0x4142, 0x38E2, 0x3902, 0x5142, 0x5983, 0x6A05, 0x9309, 0x9B6B, 0x9B4A, 0x930A,
    0x8ACA, 0x8ACA, 0x8ACB, 0x8AEB, 0x8AEA, 0x6207, 0x59E7, 0x6A28, 0x51A6, 0x51C7, 0x59C7, 0x49A6,
    0x7269, 0x726A, 0x49A6, 0x6228, 0x6A48, 0x6A68, 0x7AAA, 0x5A08, 0x3A90, 0x324E, 0x29CB, 0x1949,
    0x0907, 0x0907, 0x0927, 0x0927, 0x0927, 0x0926, 0x0104, 0x00E4, 0x08C4, 0x08E5, 0x0927, 0x1A0D,
    0x3B12, 0x3B52, 0x32F0, 0x19EB, 0x0947, 0x19AA, 0x0842, 0x10A2, 0x0040, 0x0000, 0x10C3, 0x0967,
    0x0967, 0x11A9, 0x19CB, 0x220D, 0x19ED, 0x19AB, 0x1169, 0x1188, 0x19EC, 0x3290, 0x32B1, 0x2A4F,
    0x224E, 0x2A8F, 0x32D0, 0x32D1, 0x3AD1, 0x3AD2, 0x3AB1, 0x32B1, 0x32B0, 0x32D0, 0x220C, 0x0821,
    0x0841, 0x1082, 0x1882, 0x10A2, 0x2924, 0x18A3, 0x1082, 0x1082, 0x1061, 0x5164, 0xC389, 0xBBA9,
    0xC3C9, 0xC3C9, 0xCBEA, 0xCC0A, 0xCC0A, 0xD42A, 0xD44B, 0xD46B, 0xDC6B, 0xDC8C, 0xDC8C, 0xDC8C,
    0xDC6C, 0xDC6B, 0xDC8B, 0xDC8C, 0xDC8C, 0xDC8C, 0xDC8C, 0xDC6B, 0xDC6B, 0xDC6B, 0xD46B, 0xD46B,
    0xD44B, 0xD44A, 0xD44A, 0xD44A, 0xD44A, 0xD42A, 0xD42A, 0xD44A, 0xD42A, 0xD42A, 0xD44A, 0xD44A,
    0xD44A, 0xD42A, 0xD42A, 0xD42A, 0xD42A, 0xCC0A, 0xCBE9, 0xCBE9, 0xC3C9, 0xC3CA, 0x61E5, 0x0841,
    0x1061, 0x1081, 0x0820, 0x1061, 0x0841, 0x0020, 0x0840, 0x1061, 0x1061, 0x1041, 0x6183, 0xB348,
    0xBB89, 0xB348, 0xBB89, 0xCBEA, 0xCC0A, 0xA2E7, 0xB348, 0xD42A, 0xCBE9, 0xC3A8, 0xBB47, 0xB307,
    0xA2A5, 0xAAE6, 0xC3A8, 0xC3C9, 0xC3C9, 0xBB89, 0xBB89, 0xC3C9, 0xBBA9, 0xBB88, 0xB347, 0xB327,
    0xBB47, 0xC368, 0xCBC9, 0xCBE9, 0xC3C8, 0xC388, 0xC388, 0xBB68, 0xBB67, 0xBB47, 0xB347, 0xB327,
    0xAB06, 0xAAE6, 0xA2C5, 0xA2A5, 0x9A85, 0x9A64, 0x9244, 0x9A64, 0x9A84, 0x9A85, 0x9A64, 0x9244,
    0x8A24, 0x81E3, 0x79C3, 0x6982, 0x6141, 0x5921, 0x5101, 0x5921, 0x5921, 0x6121, 0x5101, 0x48E0,
    0x48C0, 0x48E0, 0x5900, 0x3080, 0x6183, 0xB307, 0xAB28, 0xC3CA, 0xBBC9, 0xCC0A, 0xD48C, 0xD48D,
    0xCC0B, 0xCC2B, 0xDC8D, 0xDCEE, 0xE50E, 0xE50E, 0xE4EE, 0xDCCD, 0xDCAD, 0xDCAC, 0xDCAC, 0xDCCD,
    0xDCAD, 0xDC8C, 0xDC2A, 0xD409, 0xFD8B, 0x9AA4, 0x7161, 0x79A2, 0x7982, 0x79A2, 0x79A2, 0x79C2,
    0x79C2, 0x79E2, 0x8203, 0x8A03, 0x8A04, 0x9224, 0x9A64, 0x9A84, 0xA2A5, 0xAAC5, 0xB2E5, 0xB2E6,
    0xC326, 0xD3A6, 0xDC26, 0xECA7, 0xF508, 0xFD89, 0xFE0C, 0xFE4E, 0xFE4C, 0xAB66, 0x20E5, 0x31C8,
    0x3208, 0x31E8, 0x31A7, 0x3187, 0x2946, 0x2104, 0x18C4, 0x18C3, 0x18C3, 0x18E4, 0x2925, 0x2925,
    0x2904, 0x20E3, 0x18E3, 0x18E4, 0x2104, 0x2925, 0x3125, 0x2925, 0x2924, 0x2924, 0x2944, 0x3145,
    0x51A5, 0x7225, 0x59A4, 0x3964, 0x2944, 0x4184, 0x59C5, 0x3944, 0x2904, 0x2924, 0x18E3, 0x0882,
    0x18A2, 0x20A2, 0x1061, 0x0841, 0x1062, 0x20E3, 0x4163, 0x59A3, 0x61C3, 0x51A3, 0x4142, 0x30E2,
    0x30E2, 0x4942, 0x5983, 0x61E5, 0x9309, 0x9B6B, 0x9B2A, 0x92EA, 0x8ACA, 0x8ACA, 0x8ACA, 0x8AEB,
    0x8AEA, 0x6228, 0x5A07, 0x6A29, 0x49A6, 0x4165, 0x51C7, 0x6A49, 0x8B0C, 0x7A8A, 0x49A6, 0x49A6,
    0x49A6, 0x5A07, 0x7269, 0x7269, 0x39CB, 0x39CA, 0x3189, 0x2948, 0x1907, 0x0927, 0x0927, 0x0906,
    0x0906, 0x0926, 0x0926, 0x0906, 0x08E5, 0x08C5, 0x0906, 0x11AA, 0x224E, 0x2A8F, 0x226E, 0x19EA,
    0x11A9, 0x08A4, 0x1062, 0x0861, 0x0000, 0x1082, 0x0946, 0x0946, 0x11A9, 0x1A0C, 0x19ED, 0x19CC,
    0x198B, 0x1169, 0x0947, 0x0946, 0x19AA, 0x2A2E, 0x2A2E, 0x19CC, 0x19AA, 0x19EB, 0x224E, 0x32B0,
    0x3AD1, 0x3AD2, 0x3AB1, 0x3290, 0x3290, 0x2A8F, 0x32B0, 0x1907, 0x0841, 0x0841, 0x0841, 0x18C3,
    0x2104, 0x20E3, 0x10A2, 0x1082, 0x1882, 0x1861, 0x8246, 0xCBE9, 0xBBC9, 0xC3C9, 0xCBEA, 0xCC0A,
    0xD40B, 0xD42B, 0xD44B, 0xD46B, 0xDC6B, 0xDC6B, 0xDC8C, 0xDC6C, 0xDC8C, 0xDC8C, 0xDC8B, 0xDC6B,
    0xDC8C, 0xDC8C, 0xDC6B, 0xDC8B, 0xDC6B, 0xDC6B, 0xD44B, 0xD44B, 0xD44B, 0xD42A, 0xD42A, 0xD42A,
    0xD42A, 0xD42A, 0xD42A, 0xD42A, 0xD42A, 0xD42A, 0xD44A, 0xD44A, 0xD44A, 0xD42A, 0xD44A, 0xD42A,
    0xD42A, 0xCC0A, 0xCBEA, 0xCBEA, 0xBBC9, 0xAB69, 0x28E3, 0x1061, 0x1062, 0x1061, 0x0841, 0x1061,
    0x0841, 0x0820, 0x0841, 0x1061, 0x1062, 0x2081, 0x8225, 0xBBAA, 0xBBCA, 0xBBA9, 0xBB89, 0xC3CA,
    0xAB07, 0xAB07, 0xDC2B, 0xD42B, 0xD42A, 0xCBE9, 0xCBA8, 0xBB27, 0xAAA5, 0xB2E6, 0xBB47, 0xC3A8,
    0xC3A9, 0xC388, 0xC3A9, 0xC3EA, 0xBBA9, 0xBB88, 0xBB67, 0xB327, 0xBB27, 0xC368, 0xCBC9, 0xCBE9,
    0xC3C8, 0xC388, 0xBB67, 0xBB47, 0xBB47, 0xBB47, 0xB347, 0xB327, 0xAB06, 0xAAE6, 0xA2C6, 0xA2A5,
    0x9A85, 0x9A85, 0x9A85, 0xA285, 0xA2A5, 0xA2A5, 0x9A64, 0x9244, 0x8A03, 0x79C3, 0x7182, 0x6161,
    0x5921, 0x5921, 0x5921, 0x5921, 0x5921, 0x5901, 0x48E0, 0x40C0, 0x5100, 0x5920, 0x5100, 0x3080,
    0x48E1, 0xAAC6, 0xA2C6, 0xBB89, 0xBBA9, 0xC3C9, 0xCC4B, 0xD48C, 0xCC2B, 0xCBEA, 0xD46C, 0xDCCD,
    0xE4EE, 0xE50E, 0xE4EE, 0xE4CD, 0xDCAD, 0xDCAC, 0xDCAC, 0xDCAC, 0xE4CD, 0xDCAC, 0xDC6C, 0xD3E9,
    0xF50B, 0xDCA9, 0x7161, 0x79C2, 0x79A2, 0x79A2, 0x79C2, 0x79C2, 0x79C2, 0x79E2, 0x81E3, 0x8A04,
    0x9224, 0x9A45, 0xA285, 0xAAC5, 0xAAE5, 0xB306, 0xB2E6, 0xB306, 0xBB26, 0xCBA6, 0xDC06, 0xE466,
    0xF4E8, 0xF528, 0xFDCB, 0xFE4D, 0xFE4D, 0xF56A, 0x51C6, 0x3209, 0x42AB, 0x3A28, 0x39A7, 0x3987,
    0x3146, 0x2946, 0x2966, 0x2966, 0x2966, 0x2966, 0x2966, 0x3166, 0x3166, 0x3166, 0x3166, 0x3186,
    0x3186, 0x3987, 0x3967, 0x3167, 0x3166, 0x3186, 0x3186, 0x39A6, 0x6A26, 0x6A25, 0x49A5, 0x4184,
    0x3164, 0x4184, 0x59C4, 0x4144, 0x2904, 0x2925, 0x18E4, 0x1082, 0x18A2, 0x28A2, 0x1061, 0x0841,
    0x1082, 0x20E3, 0x4163, 0x59A3, 0x59C3, 0x5183, 0x4122, 0x30C1, 0x30C1, 0x4942, 0x5163, 0x59C4,
    0x8AE9, 0x9B4B, 0x932A, 0x8AEA, 0x8ACA, 0x8ACA, 0x8ACA, 0x8AEA, 0x82EB, 0x728A, 0x7269, 0x7A8A,
    0x6A49, 0x6A49, 0x7AAA, 0x8B0C, 0x932C, 0x8AEB, 0x7A8A, 0x728A, 0x7ACB, 0x830B, 0x8B2C, 0x8B0C,
    0x2905, 0x2906, 0x3126, 0x2906, 0x18E6, 0x0906, 0x0906, 0x08E5, 0x0906, 0x0947, 0x1189, 0x1188,
    0x0947, 0x0905, 0x0906, 0x1148, 0x1189, 0x11CA, 0x11EA, 0x1A0B, 0x1127, 0x0841, 0x1083, 0x0000,
    0x0840, 0x1147, 0x0946, 0x0947, 0x19EC, 0x2A50, 0x2A2E, 0x19AA, 0x1168, 0x0946, 0x0905, 0x0925,
    0x1189, 0x222D, 0x220D, 0x19AA, 0x19A9, 0x21EA, 0x2A2C, 0x328F, 0x3AD1, 0x3AD2, 0x3AD1, 0x3290,
    0x2A8F, 0x2A8F, 0x32B0, 0x2A6F, 0x0862, 0x0020, 0x1061, 0x18A3, 0x2104, 0x3986, 0x20E3, 0x1082,
    0x1062, 0x1882, 0x30C2, 0xB388, 0xCBE9, 0xC3E9, 0xCBE9, 0xCC0A, 0xD42B, 0xD42B, 0xDC4B, 0xDC6B,
    0xDC8B, 0xDC8C, 0xDC8C, 0xDC8C, 0xDC8C, 0xDC6B, 0xDC8B, 0xDC6B, 0xDC6B, 0xDC6B, 0xDC6B, 0xDC6B,
    0xD46B, 0xD46B, 0xD44A, 0xD44B, 0xD44B, 0xD42A, 0xD42A, 0xD429, 0xD429, 0xD409, 0xD409, 0xD409,
    0xD40A, 0xD42A, 0xD44A, 0xD44A, 0xD44A, 0xD44A, 0xD44A, 0xD42A, 0xD42A, 0xCC0A, 0xCC0A, 0xC3C9,
    0xC3C9, 0x8287, 0x1041, 0x1061, 0x1061, 0x0841, 0x1061, 0x1061, 0x0840, 0x0820, 0x1061, 0x1061,
    0x1061, 0x30C2, 0xA2E7, 0xC3CA, 0xC3CA, 0xC3CA, 0xC3C9, 0xAB27, 0xA2A6, 0xD3EA, 0xD42B, 0xD44B,
    0xD44B, 0xD40A, 0xCBC9, 0xB307, 0xB307, 0xB306, 0xB306, 0xBB47, 0xBB68, 0xC3A9, 0xCBCA, 0xCBEA,
    0xBBA8, 0xBB88, 0xBB88, 0xB327, 0xBB27, 0xC368, 0xCBC9, 0xCBE9, 0xC3A8, 0xBB67, 0xBB47, 0xBB27,
    0xB327, 0xB327, 0xB327, 0xB306, 0xB306, 0xAAE6, 0xAAE6, 0xAAC6, 0xA2A5, 0xA2A5, 0xA2A5, 0xA2A5,
    0xA2A5, 0xA285, 0x9A64, 0x8A23, 0x81E3, 0x71A2, 0x6962, 0x5921, 0x5921, 0x5921, 0x5941, 0x5921,
    0x5901, 0x48E1, 0x48E0, 0x5101, 0x5920, 0x5920, 0x50E0, 0x3080, 0x48C0, 0x8204, 0xA2C6, 0xA2E7,
    0xB388, 0xB388, 0xC3EA, 0xD46C, 0xD44C, 0xCBEA, 0xD44C, 0xDCAD, 0xDCEE, 0xE50E, 0xE4EE, 0xE4CD,
    0xDCAD, 0xDC8C, 0xDC8C, 0xDCAC, 0xDCAC, 0xDCAC, 0xDC8C, 0xDC4B, 0xDC29, 0xFD8C, 0xAB04, 0x7181,
    0x79C2, 0x81A2, 0x81C2, 0x79C2, 0x81E2, 0x81E3, 0x8A03, 0x9224, 0x9A45, 0xA285, 0xAAC5, 0xB306,
    0xB326, 0xB326, 0xBB06, 0xBB06, 0xBB26, 0xC386, 0xD3E6, 0xE446, 0xECA7, 0xF508, 0xFD8A, 0xFE2D,
    0xFE2D, 0xFE2C, 0xA368, 0x29E9, 0x3A8A, 0x31C7, 0x2945, 0x2925, 0x2946, 0x31A7, 0x4209, 0x4A49,
    0x4229, 0x4A49, 0x4229, 0x420A, 0x420A, 0x4A2A, 0x4A2A, 0x4A4A, 0x4A2A, 0x4A0A, 0x4A0A, 0x4A0A,
    0x4A2A, 0x4A2A, 0x4A29, 0x7AC9, 0xC40A, 0x9B48, 0x51E6, 0x49C6, 0x3985, 0x3143, 0x3123, 0x3103,
    0x3124, 0x3145, 0x1904, 0x1082, 0x18A2, 0x28C2, 0x1882, 0x1061, 0x1882, 0x2903, 0x4963, 0x59A3,
    0x59A3, 0x5183, 0x3922, 0x28C1, 0x30C1, 0x4122, 0x5163, 0x59C4, 0x8AC9, 0x9B4A, 0x930A, 0x8AEA,
    0x8ACA, 0x8ACA, 0x82CA, 0x82CA, 0x8AEB, 0x82EB, 0x82EB, 0x8AEB, 0x8AEB, 0x8B0C, 0x932C, 0x932C,
    0x932C, 0x934C, 0x932C, 0x934D, 0x934D, 0x9B6D, 0x936D, 0x936D, 0x18C3, 0x18C4, 0x20C4, 0x20C4,
    0x10A4, 0x08C5, 0x08E5, 0x08E5, 0x0947, 0x11A9, 0x11CB, 0x11CA, 0x0968, 0x0926, 0x0925, 0x0926,
    0x1126, 0x0946, 0x11A7, 0x19EA, 0x0041, 0x1082, 0x0821, 0x0800, 0x1906, 0x1189, 0x0946, 0x0967,
    0x19EC, 0x2A50, 0x2A2E, 0x118A, 0x1147, 0x0926, 0x0905, 0x0925, 0x19AA, 0x220D, 0x21EC, 0x21CB,
    0x322D, 0x3A4E, 0x324D, 0x326F, 0x3AB1, 0x42F2, 0x3AD1, 0x32B0, 0x2AB0, 0x2AAF, 0x2A8F, 0x32D1,
    0x1106, 0x0842, 0x1083, 0x1082, 0x20E4, 0x3166, 0x3145, 0x18C3, 0x1082, 0x1062, 0x1061, 0x5183,
    0xCC09, 0xCBE9, 0xCBE9, 0xCBEA, 0xD40B, 0xDC4B, 0xDC6B, 0xDC6B, 0xDC6B, 0xDC8C, 0xDC6C, 0xDC8C,
    0xDC8C, 0xDC6B, 0xDC6B, 0xDC6B, 0xDC6B, 0xDC6B, 0xDC4B, 0xDC6B, 0xD46B, 0xD44A, 0xD44A, 0xD42A,
    0xD42A, 0xD40A, 0xD409, 0xD409, 0xCC09, 0xCC09, 0xCBE9, 0xCBE9, 0xD3E9, 0xD42A, 0xD44A, 0xD44A,
    0xD44A, 0xD44A, 0xD44A, 0xD44A, 0xD42B, 0xD42A, 0xCC09, 0xC3C9, 0xBBA9, 0x4144, 0x0841, 0x1061,
    0x0861, 0x0821, 0x1062, 0x1041, 0x0820, 0x0841, 0x1061, 0x1061, 0x1041, 0x5163, 0xB389, 0xC3EA,
    0xC3EA, 0xC3EA, 0xC3EA, 0x9A85, 0xBB48, 0xD40A, 0xD40A, 0xD44B, 0xD42A, 0xCBE9, 0xC3A9, 0xBB48,
    0xC388, 0xBB47, 0xB326, 0xB306, 0xBB47, 0xC388, 0xCBCA, 0xC3C9, 0xC3A8, 0xC3A8, 0xC3C9, 0xBB47,
    0xBB47, 0xC388, 0xCBE9, 0xCBE9, 0xC3A8, 0xBB67, 0xB327, 0xB307, 0xB327, 0xB327, 0xB327, 0xB306,
    0xAB06, 0xAB06, 0xB307, 0xAAE6, 0xAAE6, 0xAAE6, 0xAAC5, 0xA2C5, 0xA2A5, 0x9A85, 0x9224, 0x8203,
    0x79C3, 0x6982, 0x6141, 0x5921, 0x6141, 0x6162, 0x6141, 0x5921, 0x48E1, 0x50E1, 0x5921, 0x6141,
    0x6120, 0x6120, 0x40A0, 0x38C0, 0x5901, 0x6121, 0xA2A6, 0xA2C6, 0xAB27, 0xB348, 0xBB89, 0xCC2B,
    0xD44C, 0xCC0B, 0xCC2B, 0xDC8C, 0xDCCD, 0xE50E, 0xE4EE, 0xE4CE, 0xDCAE, 0xDCAD, 0xDC8C, 0xDC8C,
    0xDCAC, 0xDCAC, 0xDC8C, 0xDC6B, 0xD409, 0xECCA, 0xF56A, 0x8A02, 0x79A2, 0x81C3, 0x79C3, 0x89E3,
    0x81E3, 0x8203, 0x8A23, 0x9244, 0xA285, 0xAAC6, 0xB306, 0xB326, 0xB346, 0xB326, 0xBB26, 0xBB27,
    0xBB27, 0xC346, 0xCBA6, 0xDC06, 0xE466, 0xF4C7, 0xFD29, 0xFDEC, 0xFE2D, 0xFE2D, 0xF54A, 0x4A49,
    0x324A, 0x2987, 0x2104, 0x18E4, 0x2146, 0x39E9, 0x528B, 0x62AA, 0x5A8A, 0x526A, 0x526B, 0x524A,
    0x524B, 0x528D, 0x52CE, 0x5AEE, 0x4A6C, 0x41EA, 0x41C9, 0x4A0A, 0x524B, 0x526B, 0x524B, 0x934B,
    0xDCCC, 0xBC2B, 0x6268, 0x5A48, 0x49E6, 0x2924, 0x20C2, 0x2903, 0x3145, 0x3145, 0x18E4, 0x1082,
    0x20A2, 0x28C2, 0x1882, 0x1061, 0x18A2, 0x2903, 0x4963, 0x59A3, 0x59A3, 0x5182, 0x3902, 0x28C1,
    0x28C1, 0x4102, 0x4943, 0x51A4, 0x82C8, 0x9B4A, 0x930A, 0x8AEA, 0x8ACA, 0x82CA, 0x82CA, 0x8AEB,
    0x8AEB, 0x8B0B, 0x8B0C, 0x8B0C, 0x8B0C, 0x932C, 0x932C, 0x934C, 0x9B6D, 0x934D, 0x934D, 0x934D,
    0x934C, 0x934D, 0x9B6D, 0x9B6D, 0x10C3, 0x10C4, 0x10C4, 0x10A4, 0x08A4, 0x00C4, 0x08C4, 0x0905,
    0x0968, 0x11AA, 0x11AA, 0x0988, 0x0946, 0x0946, 0x0926, 0x0926, 0x0925, 0x0924, 0x19C8, 0x1105,
    0x0861, 0x1062, 0x0000, 0x1083, 0x11AB, 0x118A, 0x1189, 0x0968, 0x118A, 0x19ED, 0x19CD, 0x1169,
    0x1146, 0x1146, 0x0946, 0x0946, 0x1188, 0x21EB, 0x21CB, 0x2A0C, 0x3A6E, 0x426E, 0x3A0C, 0x2A2C,
    0x326F, 0x3AD1, 0x3AD1, 0x32B0, 0x32B0, 0x32B0, 0x3290, 0x32B0, 0x2A4E, 0x10E7, 0x0862, 0x1062,
    0x10A3, 0x2104, 0x39A6, 0x2925, 0x18A3, 0x1062, 0x1882, 0x1861, 0x7A65, 0xD42A, 0xCBE9, 0xD40A,
    0xD42B, 0xDC4B, 0xDC6B, 0xDC6B, 0xDC6B, 0xDC8C, 0xDC6C, 0xDC6C, 0xDC8C, 0xDC8B, 0xDC8B, 0xDC6B,
    0xDC6B, 0xDC6B, 0xDC4B, 0xDC6B, 0xD44A, 0xD44A, 0xD44A, 0xD42A, 0xD40A, 0xD40A, 0xD409, 0xCBE9,
    0xCBE8, 0xCBE9, 0xCBE9, 0xCBC9, 0xD409, 0xD42A, 0xD429, 0xD44A, 0xD44A, 0xD44A, 0xD44A, 0xD42A,
    0xD42A, 0xD42A, 0xCBE9, 0xC3E9, 0xA328, 0x1882, 0x1041, 0x1061, 0x0841, 0x0841, 0x1062, 0x0841,
    0x0821, 0x0841, 0x1061, 0x1882, 0x1061, 0x7A05, 0xC3EA, 0xC3CA, 0xBBC9, 0xC3C9, 0xB368, 0xA2C6,
    0xCBA9, 0xC3A9, 0xCBEA, 0xCC0A, 0xCC0A, 0xCC0A, 0xBB89, 0xCBEA, 0xCBCA, 0xC368, 0xBB47, 0xBB26,
    0xB306, 0xBB47, 0xC388, 0xC3C9, 0xC3A8, 0xC3C9, 0xCBE9, 0xC388, 0xBB47, 0xC388, 0xCBE9, 0xCBC9,
    0xC387, 0xBB27, 0xB306, 0xB306, 0xB307, 0xB327, 0xB327, 0xB327, 0xAB06, 0xB307, 0xB307, 0xAB06,
    0xAB06, 0xAB06, 0xAAE6, 0xAAC5, 0xA2A5, 0x9A64, 0x8A03, 0x79E3, 0x71A2, 0x6962, 0x6161, 0x6162,
    0x6982, 0x6962, 0x5941, 0x5101, 0x5921, 0x6141, 0x6961, 0x6141, 0x6120, 0x50E0, 0x3080, 0x48E1,
    0x5921, 0x5901, 0x6183, 0xA2C6, 0x9AC6, 0xAB27, 0xAB48, 0xC3EA, 0xD44C, 0xCC2C, 0xCC0B, 0xD46C,
    0xDCCD, 0xE4EE, 0xE4EE, 0xE4EE, 0xE4CE, 0xDCAD, 0xDC8C, 0xDC8C, 0xDC8C, 0xDCAC, 0xDC8C, 0xDC6C,
    0xD42A, 0xD408, 0xFD8B, 0xD468, 0x7982, 0x81C3, 0x81C3, 0x81E3, 0x8A03, 0x8A03, 0x9243, 0x9A64,
    0xA286, 0xB2E6, 0xBB27, 0xBB67, 0xBB46, 0xBB46, 0xBB47, 0xBB47, 0xBB47, 0xBB46, 0xC386, 0xCBC5,
    0xE446, 0xECA7, 0xF4E8, 0xFD6A, 0xFE2D, 0xFE0C, 0xFDEA, 0xA3A9, 0x2A0A, 0x2987, 0x1904, 0x18E4,
    0x2146, 0x3A2A, 0x52CC, 0x62AA, 0x5A69, 0x4A08, 0x49C7, 0x41A7, 0x49E8, 0x4A6C, 0x52EE, 0x52EF,
    0x424B, 0x2126, 0x18E4, 0x3167, 0x4A2A, 0x524B, 0x4A4B, 0x72CB, 0xB3EA, 0x9B4A, 0x5A48, 0x5A68,
    0x5A47, 0x3164, 0x18C2, 0x20E3, 0x3145, 0x3145, 0x18E4, 0x0882, 0x1081, 0x1881, 0x1061, 0x1061,
    0x18A2, 0x2903, 0x4963, 0x51A3, 0x59A3, 0x5182, 0x3902, 0x28C1, 0x28C1, 0x3902, 0x4943, 0x51A4,
    0x82A8, 0x9B2A, 0x930A, 0x8AEA, 0x8ACA, 0x82CA, 0x82CB, 0x82EB, 0x82EB, 0x8B0B, 0x8B0B, 0x8B2C,
    0x8B0C, 0x8B2C, 0x934D, 0x934D, 0x934D, 0x936D, 0x932C, 0x8ACB, 0x8AEB, 0x934D, 0x9B6D, 0x930C,
    0x10E5, 0x10E6, 0x10E6, 0x08C4, 0x08A4, 0x08C4, 0x00E5, 0x0906, 0x0968, 0x1169, 0x0947, 0x0905,
    0x00E4, 0x0905, 0x0925, 0x0946, 0x0925, 0x0924, 0x1188, 0x0861, 0x10A2, 0x0020, 0x0821, 0x1107,
    0x116B, 0x19AC, 0x11AB, 0x0968, 0x0927, 0x0949, 0x0949, 0x0947, 0x1146, 0x1146, 0x0946, 0x0946,
    0x1167, 0x1988, 0x19A9, 0x29EB, 0x3A2C, 0x320B, 0x21C9, 0x19A9, 0x220D, 0x3270, 0x3AD1, 0x3AB0,
    0x32AF, 0x32B0, 0x32B0, 0x2A90, 0x32D1, 0x21EC, 0x0841, 0x0841, 0x1082, 0x18C3, 0x3145, 0x3166,
    0x20E4, 0x1883, 0x1062, 0x1881, 0x28A1, 0xB368, 0xD40A, 0xCC0A, 0xD42B, 0xD44B, 0xDC6B, 0xDC6B,
    0xDC8B, 0xDC8C, 0xDC8C, 0xDC8C, 0xDC8C, 0xDC6B, 0xDC6B, 0xDC6B, 0xDC6B, 0xDC4B, 0xDC4B, 0xD44B,
    0xD44A, 0xD44A, 0xD42A, 0xD42A, 0xD40A, 0xCBE9, 0xCBE9, 0xC3C8, 0xC3C8, 0xCBC9, 0xCBC8, 0xCBC8,
    0xD42A, 0xD429, 0xD429, 0xD44A, 0xD44A, 0xDC4A, 0xDC4A, 0xD42A, 0xD42A, 0xD42A, 0xC3E9, 0xC3CA,
    0x61E5, 0x0841, 0x1041, 0x1061, 0x0820, 0x1061, 0x1061, 0x0841, 0x0821, 0x1061, 0x1061, 0x1082,
    0x2081, 0x92A6, 0xC40B, 0xC3EA, 0xCC0A, 0xCC0A, 0xB368, 0xC388, 0xCBC9, 0xCBC9, 0xC3A9, 0xCBE9,
    0xD42B, 0xCBEA, 0xD40A, 0xD3EA, 0xCBA9, 0xC388, 0xC368, 0xBB47, 0xB306, 0xBB07, 0xBB47, 0xC388,
    0xC3A8, 0xCBE9, 0xCC0A, 0xC3A9, 0xC368, 0xC3A8, 0xCC09, 0xCBE9, 0xC387, 0xB306, 0xAAE6, 0xB306,
    0xB327, 0xB347, 0xB327, 0xB327, 0xB327, 0xB327, 0xB327, 0xB327, 0xB347, 0xBB47, 0xB326, 0xAAE6,
    0xA285, 0x9224, 0x81E3, 0x71A2, 0x6982, 0x6982, 0x6982, 0x71A2, 0x6982, 0x6162, 0x5921, 0x6141,
    0x6961, 0x7162, 0x6141, 0x6141, 0x5100, 0x38A0, 0x40C0, 0x5921, 0x6121, 0x6121, 0x1840, 0x69E4,
    0xA2C5, 0x9AE6, 0xA307, 0xB369, 0xCC0B, 0xCC2C, 0xCC0B, 0xD44B, 0xDCAD, 0xDCED, 0xE4EE, 0xE4EE,
    0xE4CE, 0xE4CE, 0xDCAC, 0xDC8C, 0xDC8B, 0xDCAC, 0xDC8C, 0xDC8C, 0xDC6B, 0xD409, 0xE489, 0xFDCB,
    0xB366, 0x7982, 0x89E3, 0x81E3, 0x8A03, 0x8A23, 0x9244, 0x9A85, 0xAAC6, 0xB307, 0xBB47, 0xBB67,
    0xBB66, 0xBB67, 0xC367, 0xC368, 0xC367, 0xC346, 0xC366, 0xCBA6, 0xDC06, 0xEC67, 0xF4C8, 0xFD29,
    0xFDEC, 0xFE0C, 0xFDEB, 0xED09, 0x526A, 0x2187, 0x1904, 0x18E4, 0x2126, 0x3A2A, 0x530D, 0x62CA,
    0x5A47, 0x41A6, 0x3965, 0x3945, 0x3966, 0x422B, 0x4AEF, 0x4AEF, 0x3A2B, 0x2926, 0x2105, 0x3987,
    0x4A2A, 0x4A4A, 0x4A4A, 0x6A8A, 0x8B09, 0x72A8, 0x5228, 0x5A48, 0x5A48, 0x3985, 0x18C2, 0x20E3,
    0x3145, 0x3145, 0x18E4, 0x0882, 0x0861, 0x1081, 0x1061, 0x1061, 0x18A2, 0x2903, 0x4963, 0x5183,
    0x59A3, 0x5182, 0x3902, 0x28C1, 0x30C1, 0x3902, 0x4942, 0x49A4, 0x7AA8, 0x9B2A, 0x930A, 0x8AEA,
    0x82CA, 0x82AA, 0x82CA, 0x82CB, 0x82EB, 0x8AEB, 0x8B0B, 0x8B2C, 0x8B2C, 0x8B0C, 0x8B2C, 0x8B2C,
    0x932D, 0x8B0C, 0x8A6A, 0x8208, 0x8229, 0x8AAB, 0x92CB, 0x8A29, 0x21CC, 0x19AB, 0x1149, 0x08E6,
    0x08C4, 0x08C5, 0x0906, 0x0947, 0x0947, 0x0927, 0x08E5, 0x00C4, 0x00A3, 0x00A3, 0x0905, 0x0926,
    0x0905, 0x1167, 0x08A4, 0x1082, 0x0861, 0x0000, 0x10A3, 0x0927, 0x1148, 0x118B, 0x118A, 0x0947,
    0x08E4, 0x08E5, 0x0905, 0x0905, 0x1126, 0x1125, 0x0904, 0x0904, 0x0925, 0x1147, 0x1147, 0x1968,
    0x21A8, 0x21A7, 0x1167, 0x1167, 0x1989, 0x220D, 0x328F, 0x32AF, 0x328F, 0x32B0, 0x32B0, 0x3290,
    0x32D0, 0x2A2D, 0x0862, 0x0862, 0x0861, 0x10A2, 0x20E3, 0x3186, 0x3145, 0x18C3, 0x1082, 0x1082,
    0x1861, 0x4963, 0xD42A, 0xCC0A, 0xD42B, 0xDC4B, 0xDC6B, 0xDC8B, 0xDC8C, 0xDC8C, 0xDC8C, 0xDC8C,
    0xDC8C, 0xDC6B, 0xDC6B, 0xDC6B, 0xDC4B, 0xDC4B, 0xD44B, 0xD42A, 0xD44A, 0xD42A, 0xD42A, 0xD3E9,
    0xCBE9, 0xCBC9, 0xC3C8, 0xC3A8, 0xC3A8, 0xC3A8, 0xC388, 0xCBC8, 0xD409, 0xD409, 0xD429, 0xDC4A,
    0xDC4A, 0xDC4A, 0xDC4B, 0xD44A, 0xD42A, 0xCC0A, 0xC3C9, 0xAB49, 0x28E3, 0x0841, 0x1061, 0x0841,
    0x0841, 0x1062, 0x0861, 0x0821, 0x0841, 0x1061, 0x1061, 0x1062, 0x38E2, 0xB369, 0xC40B, 0xCC0A,
    0xCC2A, 0xCC0A, 0xB348, 0xD40A, 0xD40A, 0xCBEA, 0xCBC9, 0xCBC9, 0xC3A9, 0xD40A, 0xDC4B, 0xD3EA,
    0xD3EA, 0xCBC9, 0xC388, 0xBB67, 0xBB47, 0xBB27, 0xBB47, 0xBB47, 0xC388, 0xCBE9, 0xCBE9, 0xCBC9,
    0xC388, 0xCBA9, 0xD40A, 0xD409, 0xC387, 0xB2E6, 0xAAE6, 0xB307, 0xB327, 0xB347, 0xB347, 0xB347,
    0xBB47, 0xB347, 0xBB47, 0xBB68, 0xBB68, 0xBB67, 0xB347, 0xAB06, 0x9A85, 0x8A03, 0x79A2, 0x7182,
    0x7182, 0x71A2, 0x71C2, 0x71A2, 0x6982, 0x5941, 0x6141, 0x6962, 0x7182, 0x6961, 0x6141, 0x5921,
    0x38A0, 0x38C0, 0x5101, 0x6121, 0x6141, 0x5921, 0x1020, 0x1040, 0x8A65, 0x9AC6, 0xA2E7, 0xAB08,
    0xC3CA, 0xCC2B, 0xCC0B, 0xCC2B, 0xD48C, 0xDCCD, 0xE4EE, 0xE4CE, 0xE4CE, 0xE4CE, 0xDCAD, 0xDC8C,
    0xDC8C, 0xDC8C, 0xDCAD, 0xDC8C, 0xDC6B, 0xD42A, 0xD429, 0xED0A, 0xFDAB, 0x9A84, 0x81C2, 0x8A03,
    0x8A03, 0x9223, 0x9A64, 0xA2A5, 0xB2E6, 0xBB27, 0xBB47, 0xBB67, 0xC367, 0xC387, 0xC388, 0xC368,
    0xC367, 0xC367, 0xC366, 0xC386, 0xD3C6, 0xE427, 0xEC88, 0xF4E9, 0xFDAB, 0xFE0C, 0xF5CA, 0xFDA9,
    0x9B49, 0x29A9, 0x2945, 0x18E4, 0x2126, 0x3A2A, 0x530D, 0x62CA, 0x5A48, 0x49C7, 0x3986, 0x3125,
    0x3966, 0x422B, 0x4ACE, 0x4ACE, 0x426C, 0x4209, 0x41E9, 0x522B, 0x524B, 0x4A2A, 0x524B, 0x6AAA,
    0x8B29, 0x7288, 0x5228, 0x5A48, 0x5A48, 0x39A5, 0x20E3, 0x2903, 0x3145, 0x3145, 0x18E4, 0x10A3,
    0x1082, 0x18A2, 0x1061, 0x1061, 0x18A2, 0x3103, 0x4163, 0x5183, 0x59A3, 0x5182, 0x3902, 0x28C1,
    0x30E1, 0x3902, 0x4122, 0x4984, 0x7AA8, 0x9B2B, 0x930B, 0x8AEA, 0x82AA, 0x82AA, 0x82AA, 0x82CA,
    0x82CB, 0x82CB, 0x8B0B, 0x8B0C, 0x8B2C, 0x8B0C, 0x8B0C, 0x8B0C, 0x8B0C, 0x828B, 0x8208, 0x8228,
    0x8228, 0x81E8, 0x81E8, 0x8A08, 0x3290, 0x222F, 0x19CC, 0x0948, 0x08E5, 0x0906, 0x0948, 0x0948,
    0x0906, 0x08C5, 0x08A4, 0x0083, 0x0083, 0x0083, 0x08E4, 0x0947, 0x1189, 0x1148, 0x0841, 0x10A2,
    0x0020, 0x0861, 0x0905, 0x0905, 0x0906, 0x0948, 0x0968, 0x0905, 0x00A3, 0x00A3, 0x08A4, 0x08E4,
    0x0925, 0x0904, 0x08C3, 0x08C3, 0x0904, 0x1105, 0x0905, 0x0905, 0x1125, 0x1145, 0x1146, 0x1947,
    0x1948, 0x21CB, 0x2A4E, 0x2A8E, 0x328F, 0x32B0, 0x32D0, 0x32B0, 0x32B0, 0x32B0, 0x1947, 0x0862,
    0x0841, 0x1081, 0x18C3, 0x2924, 0x3986, 0x2905, 0x18A3, 0x1082, 0x1882, 0x1861, 0x8286, 0xDC4B,
    0xD40A, 0xDC4B, 0xDC6B, 0xDC8C, 0xDCAC, 0xDCAC, 0xDC8C, 0xDC8C, 0xDC6C, 0xDC6B, 0xDC6B, 0xDC6B,
    0xDC4A, 0xD44B, 0xD42B, 0xD42A, 0xD42A, 0xD42A, 0xCC09, 0xCBE9, 0xCBC9, 0xCBC9, 0xC3A8, 0xC387,
    0xC3A7, 0xC387, 0xBB67, 0xCBC9, 0xD409, 0xD409, 0xD429, 0xDC4A, 0xDC6A, 0xDC6B, 0xDC6B, 0xD44A,
    0xD42A, 0xC3EA, 0xC3CA, 0x7246, 0x1041, 0x1061, 0x1061, 0x0841, 0x1061, 0x1082, 0x0841, 0x0841,
    0x0841, 0x1061, 0x1061, 0x0841, 0x61A4, 0xC3EA, 0xCC0B, 0xCC2B, 0xCC2B, 0xCC0A, 0xAB47, 0xD44B,
    0xD42A, 0xD40A, 0xCBEA, 0xC3A9, 0xCBC9, 0xCBE9, 0xD42A, 0xD40A, 0xD40A, 0xD3EA, 0xC3A8, 0xC388,
    0xC368, 0xBB47, 0xBB27, 0xBB47, 0xBB67, 0xC3A8, 0xCBE9, 0xD3EA, 0xCBC9, 0xCBC9, 0xD40A, 0xCBE9,
    0xBB67, 0xAAE6, 0xB2E6, 0xB327, 0xB347, 0xBB67, 0xBB88, 0xBB68, 0xBB68, 0xBB68, 0xBB88, 0xBB88,
    0xBB88, 0xBB88, 0xBB67, 0xAAE6, 0x9244, 0x79C3, 0x71A2, 0x71A2, 0x79E3, 0x81E3, 0x79E3, 0x71A2,
    0x6142, 0x6142, 0x7182, 0x7182, 0x7182, 0x6141, 0x5941, 0x38C0, 0x38C0, 0x5121, 0x6141, 0x6141,
    0x6961, 0x5101, 0x1840, 0x0000, 0x28C1, 0x9AC5, 0xA2E6, 0xA2E7, 0xB369, 0xCC0B, 0xCC2B, 0xCC2B,
    0xD46B, 0xDCAC, 0xDCCD, 0xE4EE, 0xE4CE, 0xE4CE, 0xDCCD, 0xDCAC, 0xDCAC, 0xDC8C, 0xDCAD, 0xDC8C,
    0xDC8C, 0xDC6B, 0xD429, 0xDC69, 0xF58B, 0xED4B, 0x9223, 0x89E3, 0x8A23, 0x9244, 0x9A64, 0xAAC5,
    0xB327, 0xBB27, 0xBB47, 0xC367, 0xC3A7, 0xC3A7, 0xCB88, 0xCB88, 0xCB68, 0xC367, 0xC366, 0xC386,
    0xCBA6, 0xDC07, 0xEC68, 0xF4E9, 0xFD6A, 0xFDCB, 0xFDCB, 0xFDCA, 0xDC89, 0x41E9, 0x2966, 0x2104,
    0x2126, 0x3A4B, 0x5B2E, 0x62CB, 0x5A68, 0x4A08, 0x4186, 0x3125, 0x3966, 0x422A, 0x4A8C, 0x4A6B,
    0x528B, 0x528B, 0x5A6C, 0x5A6C, 0x524B, 0x4A2A, 0x526A, 0x72EB, 0x936A, 0x72A8, 0x5A28, 0x6268,
    0x6248, 0x41A5, 0x2103, 0x2103, 0x3144, 0x3145, 0x2104, 0x10C4, 0x20C3, 0x28C2, 0x1881, 0x1061,
    0x20C3, 0x3123, 0x4143, 0x5182, 0x59A2, 0x4962, 0x3902, 0x30E1, 0x30E2, 0x30E2, 0x3102, 0x4984,
    0x7A88, 0x9B2B, 0x930B, 0x8AEA, 0x82A9, 0x7A89, 0x82AA, 0x82CA, 0x82CB, 0x82CB, 0x82EB, 0x8B0C,
    0x8B0C, 0x8B0C, 0x8B0C, 0x8B0C, 0x8AEC, 0x826A, 0x8208, 0x8ACB, 0x8ACB, 0x81C7, 0x81C7, 0x8A8A,
    0x2A6F, 0x1A0D, 0x11AB, 0x0948, 0x08E6, 0x0927, 0x0968, 0x0927, 0x08C4, 0x0084, 0x0883, 0x0083,
    0x0083, 0x00A3, 0x0925, 0x118A, 0x222D, 0x0884, 0x1062, 0x0841, 0x0820, 0x10C3, 0x0905, 0x0905,
    0x0906, 0x0927, 0x0926, 0x00C4, 0x0083, 0x0063, 0x0083, 0x08C4, 0x08E4, 0x08C4, 0x08A3, 0x08C3,
    0x0904, 0x1105, 0x10E5, 0x08E4, 0x0904, 0x1146, 0x1988, 0x1948, 0x1948, 0x21CB, 0x2A6F, 0x328F,
    0x32AF, 0x32D0, 0x32D1, 0x32D1, 0x2AB0, 0x4311, 0x8B6E, 0x1082, 0x0862, 0x0861, 0x1082, 0x18E3,
    0x3166, 0x3166, 0x20E4, 0x18A3, 0x1082, 0x1881, 0x28A1, 0xBBCA, 0xDC6C, 0xDC4B, 0xDC6C, 0xDC8C,
    0xDC8C, 0xDCAC, 0xDC8C, 0xDC6C, 0xDC6C, 0xDC6B, 0xDC6B, 0xD44A, 0xD44A, 0xD42B, 0xD42A, 0xD42A,
    0xD42A, 0xCC09, 0xCBE9, 0xCBC9, 0xCBA9, 0xC3A8, 0xBB67, 0xBB46, 0xBB67, 0xB326, 0xBB47, 0xD3E9,
    0xD3E9, 0xD3E8, 0xDC4A, 0xDC6A, 0xDC8B, 0xDC8B, 0xDC6B, 0xD44A, 0xD42A, 0xC3CA, 0xB389, 0x3903,
    0x1062, 0x1061, 0x1061, 0x0841, 0x1082, 0x1062, 0x0841, 0x0841, 0x0841, 0x1061, 0x1082, 0x1061,
    0x8266, 0xCC2B, 0xCC2B, 0xCC2B, 0xD42B, 0xCC0A, 0xBB88, 0xD44B, 0xD44B, 0xD42B, 0xD40A, 0xCBE9,
    0xC3C9, 0xCBC9, 0xCBE9, 0xCBE9, 0xCBEA, 0xCBE9, 0xCBC9, 0xCBC9, 0xC388, 0xC388, 0xC368, 0xBB47,
    0xBB47, 0xC3A8, 0xCBC9, 0xD40A, 0xD40A, 0xCBE9, 0xD42A, 0xD40A, 0xBB67, 0xAAE6, 0xB307, 0xBB48,
    0xBB88, 0xBBA8, 0xC3A9, 0xBB88, 0xBB88, 0xC388, 0xC3A9, 0xC3A8, 0xC388, 0xBB88, 0xBB67, 0xAAC6,
    0x9224, 0x79C3, 0x79C3, 0x8203, 0x8A24, 0x8203, 0x71C2, 0x6962, 0x6962, 0x71A2, 0x71A2, 0x7182,
    0x6982, 0x5121, 0x38C1, 0x40E1, 0x5121, 0x6962, 0x6141, 0x6961, 0x6141, 0x40E0, 0x0820, 0x0820,
    0x0000, 0x5983, 0xAAE7, 0x9AC7, 0xAB28, 0xC3EA, 0xCC2B, 0xCC2B, 0xCC4B, 0xD48C, 0xDCCD, 0xE4EE,
    0xE4CE, 0xE4CE, 0xE4CE, 0xDCCD, 0xDCAC, 0xDC8C, 0xDC8C, 0xDC8C, 0xDC8C, 0xDC6C, 0xDC4A, 0xD409,
    0xE4A9, 0xFDEC, 0xDCA9, 0x8A03, 0x9224, 0x9244, 0x9A84, 0xAB06, 0xBB47, 0xBB47, 0xBB47, 0xC387,
    0xC3A7, 0xCBA8, 0xCBA8, 0xCB88, 0xCB88, 0xC367, 0xC366, 0xC386, 0xCBA6, 0xD3C7, 0xE427, 0xECA8,
    0xF529, 0xFD8A, 0xFDCB, 0xF5AA, 0xFD49, 0x72A9, 0x2947, 0x2905, 0x2146, 0x3A4B, 0x530D, 0x62CB,
    0x5A89, 0x5229, 0x41A7, 0x3966, 0x39A8, 0x4A2A, 0x524A, 0x524A, 0x526A, 0x5A6B, 0x5A6B, 0x5A6C,
    0x524B, 0x524A, 0x524A, 0x7B0B, 0xABCA, 0x8309, 0x5A48, 0x6288, 0x6268, 0x41A5, 0x2103, 0x2103,
    0x2944, 0x3145, 0x2104, 0x18C4, 0x20E3, 0x30E3, 0x1882, 0x1082, 0x28E3, 0x3943, 0x4143, 0x5162,
    0x5182, 0x4962, 0x3902, 0x30E2, 0x30E2, 0x30E1, 0x3102, 0x4184, 0x7A88, 0x930A, 0x930A, 0x8ACA,
    0x8289, 0x8289, 0x82A9, 0x82AA, 0x82CA, 0x82CA, 0x82EB, 0x82EB, 0x8B0C, 0x8B0C, 0x8B0C, 0x8B0C,
    0x82EC, 0x826A, 0x8229, 0x82CB, 0x8B0C, 0x826A, 0x8A6A, 0x930C, 0x1A0C, 0x19EC, 0x0989, 0x0928,
    0x08E6, 0x08E6, 0x0906, 0x00C5, 0x0083, 0x0884, 0x0884, 0x0884, 0x08C4, 0x0105, 0x0946, 0x19EC,
    0x198A, 0x0841, 0x1083, 0x0000, 0x0861, 0x0905, 0x0905, 0x0905, 0x0906, 0x0906, 0x08E4, 0x00A3,
    0x0062, 0x0062, 0x0063, 0x0883, 0x08A4, 0x08A3, 0x08A3, 0x08C3, 0x1104, 0x1126, 0x1126, 0x1105,
    0x0925, 0x1188, 0x21CA, 0x21AA, 0x21AB, 0x2A2E, 0x32B0, 0x3AF1, 0x32F1, 0x3B11, 0x3AF1, 0x3AF1,
    0x2AB0, 0x7371, 0xBBCD, 0x59C5, 0x0062, 0x1082, 0x1062, 0x18C3, 0x2904, 0x3987, 0x3145, 0x18C3,
    0x1082, 0x1061, 0x1061, 0x5984, 0xDC6C, 0xDC6C, 0xDC8C, 0xDC8C, 0xDC8C, 0xDC8C, 0xDC6C, 0xDC6C,
    0xDC6B, 0xDC6B, 0xDC4B, 0xDC6B, 0xD42A, 0xD42B, 0xD40A, 0xD40A, 0xCC09, 0xCC09, 0xCBE9, 0xC3A9,
    0xC388, 0xC388, 0xBB47, 0xB306, 0xBB46, 0xAAC5, 0xBB47, 0xD3E9, 0xCBA8, 0xD3E9, 0xDC4A, 0xDC6A,
    0xDC8B, 0xDC8B, 0xDC6B, 0xD44B, 0xCC0A, 0xCBEA, 0x8287, 0x1062, 0x1882, 0x1062, 0x0841, 0x1061,
    0x1082, 0x0841, 0x0841, 0x0841, 0x0841, 0x1061, 0x1062, 0x2081, 0xA307, 0xCC2B, 0xCC2B, 0xCC2B,
    0xD44B, 0xCBEA, 0xBB88, 0xDC4B, 0xD44B, 0xD42B, 0xD40A, 0xCC0A, 0xCBC9, 0xCBC9, 0xC3A8, 0xBB68,
    0xCBE9, 0xCBEA, 0xCBEA, 0xCBE9, 0xCBA9, 0xC388, 0xC388, 0xC368, 0xC388, 0xCBA8, 0xCBA8, 0xCBA8,
    0xD40A, 0xD40A, 0xD42A, 0xD409, 0xBB47, 0xAAC6, 0xB307, 0xBB89, 0xC3A9, 0xC3C9, 0xC3C9, 0xC3C9,
    0xC3A9, 0xC3A9, 0xC3A9, 0xC388, 0xC3A8, 0xC3A8, 0xB327, 0xA285, 0x8A04, 0x81E3, 0x8A24, 0x9244,
    0x8A24, 0x79C3, 0x71A2, 0x71A2, 0x79C3, 0x71A2, 0x7182, 0x6962, 0x48E1, 0x40C1, 0x40C1, 0x5941,
    0x7182, 0x6982, 0x6141, 0x6141, 0x6141, 0x38C1, 0x0000, 0x0800, 0x0820, 0x0800, 0x8245, 0xA2E7,
    0xA307, 0xBBAA, 0xCC2B, 0xCC2B, 0xCC2A, 0xD46B, 0xDCAD, 0xE4CE, 0xE4CE, 0xE4EE, 0xE4EE, 0xDCCD,
    0xDCCC, 0xDC8B, 0xDC8C, 0xDC8C, 0xDC8C, 0xDC8C, 0xDC6B, 0xD429, 0xD429, 0xED0A, 0xFDEC, 0xCC08,
    0x91E3, 0x9A64, 0xA2C5, 0xB326, 0xBB47, 0xBB47, 0xC367, 0xC388, 0xC3A8, 0xCBA8, 0xCBA8, 0xCB88,
    0xCB88, 0xCB87, 0xC387, 0xC386, 0xC386, 0xCBA7, 0xDC07, 0xEC88, 0xF509, 0xFD6A, 0xFDCA, 0xF5AA,
    0xFD69, 0xB3A9, 0x3188, 0x3146, 0x3167, 0x3A0A, 0x426B, 0x4A4A, 0x4A29, 0x41E9, 0x39A8, 0x3988,
    0x39A8, 0x39C9, 0x31C8, 0x39C8, 0x39C8, 0x39C8, 0x41C9, 0x41C9, 0x39A8, 0x39A8, 0x41A7, 0x82C9,
    0xAB89, 0x82C8, 0x51E6, 0x5207, 0x5206, 0x3964, 0x2903, 0x2923, 0x2944, 0x2925, 0x2104, 0x18C4,
    0x20E4, 0x3124, 0x20C2, 0x1882, 0x3103, 0x4143, 0x4143, 0x4962, 0x5182, 0x4962, 0x3902, 0x30E2,
    0x28C1, 0x28C1, 0x28E2, 0x4984, 0x7A88, 0x930A, 0x92EA, 0x8AA9, 0x8289, 0x7A89, 0x7A89, 0x7AA9,
    0x82AA, 0x82CA, 0x82CA, 0x82CB, 0x82CB, 0x82EC, 0x82EC, 0x8B0C, 0x8B0C, 0x82AB, 0x8229, 0x826A,
    0x8B0C, 0x8AEC, 0x8B0C, 0x932D, 0x1A0C, 0x19EC, 0x118A, 0x0908, 0x08C5, 0x00A5, 0x00C4, 0x00A3,
    0x00A4, 0x08C5, 0x08C5, 0x08E6, 0x0948, 0x1189, 0x11A9, 0x222D, 0x0883, 0x1062, 0x0842, 0x0820,
    0x1947, 0x11AB, 0x1168, 0x1127, 0x1127, 0x1106, 0x10E4, 0x10A3, 0x0882, 0x1082, 0x1083, 0x18A3,
    0x18C3, 0x20C3, 0x20C2, 0x18E3, 0x1904, 0x2125, 0x2946, 0x2168, 0x1968, 0x19A9, 0x21CB, 0x29EC,
    0x31EC, 0x3A6F, 0x3B11, 0x3B51, 0x3B31, 0x3B11, 0x3B12, 0x32F1, 0x4AF1, 0xA3D1, 0xAB6A, 0xAB49,
    0x20E3, 0x0883, 0x1062, 0x1082, 0x18C3, 0x3145, 0x39A7, 0x2104, 0x18A2, 0x1062, 0x1061, 0x1840,
    0x9308, 0xECCD, 0xDC6C, 0xDC8B, 0xDC8C, 0xDC8B, 0xDC6B, 0xDC6B, 0xDC6B, 0xDC4B, 0xD44B, 0xD44B,
    0xD42A, 0xD42B, 0xD40A, 0xCC09, 0xCBE9, 0xCBE9, 0xCBC9, 0xC388, 0xBB68, 0xBB47, 0xAB06, 0xAAE5,
    0xB326, 0x9A85, 0xC388, 0xCBC8, 0xC388, 0xD409, 0xDC6A, 0xDC8B, 0xDC8B, 0xDC8B, 0xDC6B, 0xD44A,
    0xC3EA, 0xBBAA, 0x3923, 0x1062, 0x1882, 0x1062, 0x0841, 0x1082, 0x0861, 0x0841, 0x1041, 0x0841,
    0x0841, 0x1061, 0x1062, 0x38C2, 0xB369, 0xCC2B, 0xCC2B, 0xD42B, 0xD44B, 0xC3EA, 0xBB88, 0xD44B,
    0xD44B, 0xD44B, 0xD40A, 0xCBEA, 0xCBC9, 0xC3A8, 0xC388, 0xC388, 0xCBC9, 0xCBEA, 0xD40A, 0xCC0A,
    0xCBE9, 0xCBA9, 0xCBA9, 0xCBA9, 0xCBA8, 0xCBA8, 0xCBA8, 0xCB88, 0xCBA8, 0xD40A, 0xD42A, 0xCBE9,
    0xBB47, 0xAAC5, 0xB2E6, 0xBB88, 0xC3C9, 0xC3E9, 0xCBE9, 0xCBE9, 0xC3C9, 0xC3A9, 0xC3A8, 0xC3A9,
    0xC3C9, 0xC388, 0xAAE6, 0x9A64, 0x9244, 0x9265, 0x9244, 0x9224, 0x8A24, 0x8A23, 0x8203, 0x81E3,
    0x79C3, 0x71A2, 0x6162, 0x40E1, 0x40C1, 0x5101, 0x6142, 0x71A2, 0x79C3, 0x6162, 0x6162, 0x6162,
    0x6982, 0x30A0, 0x0000, 0x0800, 0x0820, 0x0000, 0x20A1, 0xA2C6, 0xA2C7, 0xBB89, 0xCC0B, 0xCC0B,
    0xCC2A, 0xD44B, 0xDC8C, 0xDCAD, 0xE4CE, 0xE4EE, 0xE4EE, 0xE4ED, 0xDCCD, 0xDCAC, 0xDC8C, 0xDC8C,
    0xDC8C, 0xDC8C, 0xDC6B, 0xDC4A, 0xD429, 0xDC69, 0xF56B, 0xFDAC, 0xBB66, 0x9A43, 0xB306, 0xB326,
    0xBB27, 0xBB47, 0xC388, 0xCBA8, 0xC3A8, 0xC3A8, 0xCBC8, 0xCBA8, 0xCB88, 0xCB88, 0xCB87, 0xC3A6,
    0xC386, 0xCBA7, 0xDBE7, 0xE447, 0xF4C8, 0xF529, 0xFD8A, 0xFDAA, 0xFD69, 0xE468, 0x4186, 0x2926,
    0x2926, 0x2966, 0x2187, 0x2167, 0x2146, 0x2147, 0x1926, 0x1906, 0x1906, 0x1905, 0x1905, 0x10E4,
    0x18E4, 0x18E4, 0x18E5, 0x18E5, 0x18C4, 0x18C3, 0x28E3, 0x7224, 0x9B05, 0x61E4, 0x3103, 0x3923,
    0x3943, 0x2902, 0x20E2, 0x2903, 0x2903, 0x2104, 0x18E3, 0x18C3, 0x20E3, 0x3124, 0x20C2, 0x20A2,
    0x30E3, 0x3103, 0x3922, 0x4942, 0x4962, 0x4142, 0x3102, 0x28C2, 0x28C1, 0x28A1, 0x28E1, 0x4984,
    0x82A8, 0x930A, 0x92EA, 0x82A9, 0x7A89, 0x7A89, 0x7A89, 0x7AA9, 0x7AA9, 0x82AA, 0x82AA, 0x7AAA,
    0x82CB, 0x82EB, 0x82EC, 0x8B0C, 0x8B0D, 0x8AEC, 0x7A4A, 0x7A09, 0x8AAB, 0x8B2D, 0x932D, 0x930C,
    0x224E, 0x1A0D, 0x116A, 0x0908, 0x08C5, 0x08C4, 0x00A4, 0x00A3, 0x00A4, 0x08E6, 0x0907, 0x0928,
    0x118A, 0x19CB, 0x19EC, 0x19AA, 0x0841, 0x1083, 0x0000, 0x10A3, 0x224F, 0x224E, 0x21CC, 0x196A,
    0x2128, 0x2106, 0x2105, 0x2104, 0x2103, 0x2903, 0x3103, 0x3103, 0x3103, 0x3103, 0x3102, 0x3102,
    0x3923, 0x4123, 0x51A7, 0x51EA, 0x31AA, 0x1989, 0x29AA, 0x31CB, 0x41EC, 0x428F, 0x3B11, 0x3B31,
    0x3B10, 0x3B11, 0x3B11, 0x32F1, 0x8392, 0xAB8E, 0xAB49, 0xBB89, 0x8287, 0x0883, 0x1082, 0x1061,
    0x18A3, 0x2104, 0x39A7, 0x39A6, 0x20E3, 0x1082, 0x1062, 0x1861, 0x38E2, 0xCC4B, 0xE4AC, 0xDC8C,
    0xDCAC, 0xDC6B, 0xDC6B, 0xDC4B, 0xDC4B, 0xD44B, 0xD44A, 0xD44A, 0xD42A, 0xD40A, 0xD40A, 0xCC09,
    0xCC09, 0xCBE9, 0xC3A8, 0xC388, 0xBB47, 0xB327, 0xA2C5, 0xAAE5, 0xA2C5, 0x9A64, 0xCBA8, 0xC367,
    0xCBA8, 0xDC4A, 0xDC8B, 0xDCAB, 0xDCAB, 0xDC8C, 0xD44B, 0xCC0A, 0xCBEA, 0x8287, 0x1062, 0x1082,
    0x1082, 0x0841, 0x1082, 0x18A2, 0x0841, 0x0841, 0x0861, 0x0841, 0x1061, 0x1061, 0x0841, 0x5143,
    0xC3CA, 0xCC2B, 0xCC2A, 0xD42B, 0xD44B, 0xCC0A, 0xBB88, 0xD44B, 0xD42B, 0xD42A, 0xD40A, 0xCBC9,
    0xBB88, 0xC3A9, 0xCBC9, 0xCBC9, 0xC3A9, 0xCBEA, 0xCC0A, 0xCC0A, 0xCBE9, 0xCBC9, 0xCBC9, 0xCBC9,
    0xD3E9, 0xD3E9, 0xCBC9, 0xCBA9, 0xCB88, 0xCBC9, 0xD40A, 0xCBE9, 0xBB47, 0xAAC5, 0xAAE6, 0xBB68,
    0xC3C9, 0xCC0A, 0xCC0A, 0xCC0A, 0xCBE9, 0xC3A9, 0xC3C9, 0xCBE9, 0xCBC9, 0xB326, 0xA2A5, 0x9A85,
    0x9A85, 0x9A85, 0x9A65, 0x9A65, 0x9A65, 0x9A64, 0x9A64, 0x8A24, 0x8A24, 0x71A2, 0x4901, 0x5101,
    0x5942, 0x6962, 0x71A2, 0x71A3, 0x6982, 0x6142, 0x6982, 0x71A2, 0x6982, 0x2880, 0x0000, 0x0820,
    0x0820, 0x0820, 0x0000, 0x5183, 0xA2E7, 0xAB28, 0xC3CA, 0xCC0A, 0xCC2B, 0xCC4B, 0xD46C, 0xDCAD,
    0xE4CE, 0xE4CE, 0xE4EE, 0xE4EE, 0xE4CD, 0xDCCD, 0xDCAD, 0xDC8C, 0xDC8C, 0xDCAC, 0xDC8B, 0xDC6A,
    0xD44A, 0xD429, 0xECA9, 0xF58C, 0xF5AC, 0xB366, 0xB306, 0xBB67, 0xBB27, 0xC368, 0xCB88, 0xCBA8,
    0xCBA8, 0xCBC8, 0xCBA8, 0xCBA8, 0xCBA8, 0xCBA8, 0xCBA7, 0xCBA7, 0xC3A6, 0xCBA7, 0xD3C7, 0xE408,
    0xEC88, 0xF4E8, 0xF569, 0xFD8A, 0xF549, 0xFD08, 0x6A26, 0x18E5, 0x2104, 0x10E4, 0x10E4, 0x10E3,
    0x08C3, 0x08A4, 0x08A3, 0x0883, 0x0883, 0x0882, 0x0862, 0x0882, 0x0882, 0x0862, 0x0862, 0x0862,
    0x0862, 0x1062, 0x1081, 0x4142, 0x61C3, 0x3922, 0x20A1, 0x2081, 0x20A1, 0x20A1, 0x20C1, 0x20C2,
    0x20E2, 0x20C2, 0x18A2, 0x18A2, 0x20C2, 0x2902, 0x20A2, 0x20A1, 0x28C2, 0x28C2, 0x3102, 0x4962,
    0x4962, 0x4142, 0x30E1, 0x30C1, 0x28C1, 0x20A1, 0x28E1, 0x4984, 0x7A88, 0x930A, 0x930A, 0x82A9,
    0x7A88, 0x7A89, 0x7A89, 0x7A89, 0x7AA9, 0x82AA, 0x7AAA, 0x82AA, 0x82CB, 0x82EC, 0x82EC, 0x8B0D,
    0x8B2D, 0x8B2D, 0x82CB, 0x7A29, 0x8249, 0x8AEC, 0x930C, 0x8A69, 0x2A90, 0x1A0E, 0x114A, 0x08E7,
    0x08A5, 0x08C5, 0x00C4, 0x00A4, 0x0084, 0x08C5, 0x08C6, 0x08E6, 0x1169, 0x118A, 0x220C, 0x08C4,
    0x1062, 0x0842, 0x0800, 0x198A, 0x2270, 0x2A4F, 0x21CC, 0x2169, 0x2928, 0x2926, 0x2926, 0x3145,
    0x3944, 0x4144, 0x4144, 0x4123, 0x3903, 0x3923, 0x3922, 0x4142, 0x4943, 0x5143, 0x6A08, 0x624B,
    0x39CA, 0x2147, 0x2966, 0x3987, 0x49EA, 0x4A6E, 0x3AAF, 0x328F, 0x2A6E, 0x326F, 0x2A8F, 0x4AF1,
    0xA3D1, 0xAB4B, 0xB349, 0xB369, 0xC3CA, 0x51A5, 0x0863, 0x1061, 0x1082, 0x18C3, 0x2925, 0x41E7,
    0x3145, 0x18C3, 0x1082, 0x1082, 0x2061, 0x7205, 0xE4CD, 0xD46B, 0xDC8B, 0xDC6B, 0xDC6B, 0xDC4B,
    0xDC4B, 0xD44B, 0xD42A, 0xD42A, 0xD42A, 0xD40A, 0xD40A, 0xCBE9, 0xCBE9, 0xCBC9, 0xC3A8, 0xBB68,
    0xB327, 0xAB06, 0x9A85, 0x9AA5, 0x9244, 0xA2C5, 0xC367, 0xBB47, 0xD409, 0xDC4A, 0xDC8B, 0xDC8B,
    0xDC8B, 0xDC6B, 0xD42A, 0xCBEA, 0xBBA9, 0x3923, 0x0861, 0x1082, 0x1082, 0x1061, 0x18A3, 0x1082,
    0x0841, 0x0841, 0x1061, 0x1061, 0x1061, 0x1882, 0x1041, 0x7A05, 0xCC2B, 0xCC2B, 0xCC2A, 0xD42A,
    0xD44B, 0xCC0A, 0xBB88, 0xD42B, 0xD42A, 0xD40A, 0xCBC9, 0xCBC9, 0xC3A9, 0xCC0A, 0xCC0A, 0xCBCA,
    0xC388, 0xCBCA, 0xCC0A, 0xCC0A, 0xCBE9, 0xCBE9, 0xD3EA, 0xD3EA, 0xD40A, 0xD42A, 0xD40A, 0xCBC9,
    0xCBA8, 0xC388, 0xCBA8, 0xCBE9, 0xBB67, 0xAAE6, 0xB307, 0xBB88, 0xCBEA, 0xCC2B, 0xD44B, 0xCC2A,
    0xCBC9, 0xC3A9, 0xCBE9, 0xCBE9, 0xC388, 0xB2E6, 0xA2C5, 0xA2C5, 0xAAC6, 0xAAC6, 0xAAA5, 0xA2A5,
    0xA2A5, 0xA285, 0x9265, 0x9244, 0x79E3, 0x5942, 0x6142, 0x6962, 0x71A3, 0x79C3, 0x79A3, 0x7182,
    0x6982, 0x71A3, 0x71A3, 0x71A3, 0x6982, 0x2060, 0x0000, 0x0820, 0x0820, 0x0000, 0x0000, 0x0820,
    0x8A66, 0xA307, 0xBB89, 0xC40A, 0xCC2A, 0xCC2A, 0xD46B, 0xDC8C, 0xDCAD, 0xE4CE, 0xE4EE, 0xE4EE,
    0xE4ED, 0xE4ED, 0xDCAD, 0xDC8C, 0xDC8C, 0xDC8C, 0xDCAC, 0xDC8B, 0xDC6A, 0xD42A, 0xDC49, 0xED0A,
    0xFDCC, 0xED6B, 0xBB66, 0xBB47, 0xBB47, 0xC367, 0xCB88, 0xCBA8, 0xCBC8, 0xCBC8, 0xCBC8, 0xCBA8,
    0xCBA8, 0xCBC8, 0xCBA8, 0xC3A7, 0xC3A7, 0xCBA7, 0xD3C8, 0xDC08, 0xE468, 0xECC8, 0xF528, 0xFD89,
    0xF549, 0xFD28, 0xAB26, 0x1905, 0x2126, 0x18E4, 0x10C3, 0x10A3, 0x08A2, 0x0883, 0x0883, 0x0863,
    0x0862, 0x0862, 0x0862, 0x0861, 0x0882, 0x10C4, 0x10E5, 0x10C4, 0x0862, 0x0861, 0x1061, 0x18A1,
    0x3102, 0x28C1, 0x20A1, 0x1881, 0x1881, 0x1881, 0x1881, 0x18A1, 0x20A1, 0x1881, 0x1061, 0x1061,
    0x20C2, 0x20C2, 0x1881, 0x1061, 0x1881, 0x20A2, 0x3102, 0x4942, 0x4962, 0x4122, 0x30E2, 0x28C1,
    0x28C1, 0x28A1, 0x28E2, 0x4984, 0x7A88, 0x9309, 0x92EA, 0x8AA9, 0x7A68, 0x7A88, 0x7A89, 0x7AA9,
    0x82A9, 0x82AA, 0x82AA, 0x82AA, 0x7AAB, 0x82CB, 0x82EC, 0x8B0C, 0x8B2D, 0x932D, 0x8B2D, 0x82AB,
    0x8249, 0x826A, 0x8A49, 0x81E8, 0x2AB2, 0x1A0F, 0x094A, 0x08E7, 0x08A5, 0x08C5, 0x08C5, 0x00A4,
    0x0083, 0x08A4, 0x08A5, 0x08C5, 0x0927, 0x118A, 0x11AA, 0x0821, 0x1082, 0x0000, 0x1062, 0x220E,
    0x222F, 0x21ED, 0x218A, 0x2148, 0x2928, 0x2926, 0x3146, 0x3945, 0x3964, 0x4164, 0x4944, 0x4123,
    0x3103, 0x3102, 0x3102, 0x4122, 0x4123, 0x4923, 0x61A4, 0x59C7, 0x3187, 0x1924, 0x2944, 0x4186,
    0x5A0A, 0x4A6D, 0x324E, 0x21EB, 0x19A9, 0x21AA, 0x21CB, 0x8B92, 0xAB8E, 0xAB29, 0xB369, 0xBB89,
    0xC3C9, 0xB389, 0x20C3, 0x0861, 0x1062, 0x18A3, 0x18C3, 0x3186, 0x41C7, 0x2104, 0x18A3, 0x1082,
    0x1882, 0x2881, 0xAB48, 0xE4AC, 0xD44A, 0xD44B, 0xDC6B, 0xDC4B, 0xDC4B, 0xD42A, 0xD42A, 0xD42A,
    0xD42A, 0xD40A, 0xCBEA, 0xCBE9, 0xCBE9, 0xC3C8, 0xC388, 0xBB67, 0xB327, 0xA2C6, 0x8A24, 0x8A24,
    0x8203, 0xAB06, 0xAAE6, 0xC388, 0xD42A, 0xDC4A, 0xDC8B, 0xDC8B, 0xDC8B, 0xDC6B, 0xCC0A, 0xCBEA,
    0x8287, 0x1041, 0x1082, 0x1082, 0x1061, 0x18A2, 0x18C3, 0x0841, 0x0841, 0x0841, 0x1041, 0x1061,
    0x1061, 0x1062, 0x2061, 0x9AC7, 0xCC2B, 0xCC2B, 0xD42B, 0xD42A, 0xD42B, 0xD42B, 0xBB68, 0xD40A,
    0xD40A, 0xCBE9, 0xCBE9, 0xCBE9, 0xCBE9, 0xD40A, 0xD40A, 0xCBEA, 0xC3A9, 0xCBC9, 0xCC0A, 0xCBE9,
    0xCBE9, 0xD40A, 0xD40A, 0xD40A, 0xD42B, 0xD44B, 0xD42B, 0xD3EA, 0xCBA8, 0xC367, 0xC368, 0xC3A8,
    0xC368, 0xB2E6, 0xB307, 0xBB68, 0xC3C9, 0xCC4B, 0xD44B, 0xCBE9, 0xC3A9, 0xCBC9, 0xCBEA, 0xCBC9,
    0xBB47, 0xB326, 0xB326, 0xB326, 0xB327, 0xB307, 0xB2E6, 0xAAE6, 0xAAE6, 0xA2A5, 0x9A65, 0x79E3,
    0x6982, 0x81E3, 0x79C3, 0x81E3, 0x81E3, 0x81E3, 0x79C3, 0x79C3, 0x79C3, 0x79C3, 0x79C3, 0x71A3,
    0x6142, 0x1040, 0x0000, 0x0800, 0x0000, 0x0000, 0x0820, 0x0000, 0x4102, 0xA2E7, 0xB368, 0xC3EA,
    0xC40A, 0xCC2A, 0xD44B, 0xDC8C, 0xDCAD, 0xE4CE, 0xE4EE, 0xE50E, 0xE50E, 0xE4EE, 0xE4CD, 0xDCAC,
    0xDC8C, 0xDC8C, 0xDC8C, 0xDC8B, 0xDC6B, 0xD42A, 0xD42A, 0xE469, 0xF52B, 0xFE0D, 0xE50A, 0xB306,
    0xBB47, 0xC368, 0xC388, 0xCBA8, 0xCBA8, 0xCBC8, 0xCBC8, 0xCBC9, 0xCBA9, 0xCBC9, 0xCBC8, 0xCBA7,
    0xCBA7, 0xCBA7, 0xCBA7, 0xDBE8, 0xE428, 0xEC88, 0xF508, 0xFD49, 0xF549, 0xFD08, 0xDC07, 0x3166,
    0x2988, 0x2146, 0x18E4, 0x10C3, 0x10C3, 0x08A3, 0x08A3, 0x0883, 0x08A4, 0x08A4, 0x08A3, 0x08A3,
    0x1105, 0x29A8, 0x420A, 0x2988, 0x1083, 0x0861, 0x1082, 0x28C2, 0x3922, 0x3102, 0x20A1, 0x20A1,
    0x20A1, 0x20A1, 0x1881, 0x1881, 0x1881, 0x1061, 0x0840, 0x1061, 0x18A1, 0x20C1, 0x1061, 0x0840,
    0x1041, 0x1881, 0x3102, 0x4142, 0x4142, 0x3922, 0x30E2, 0x28C1, 0x28C1, 0x28A1, 0x28E2, 0x49A4,
    0x7A88, 0x9309, 0x92E9, 0x82A9, 0x7A68, 0x7A88, 0x7AA9, 0x82A9, 0x7AA9, 0x82AA, 0x82AA, 0x82AA,
    0x7AAA, 0x82CB, 0x82EC, 0x8B0C, 0x8B0C, 0x932D, 0x932D, 0x8B2C, 0x82AB, 0x7A08, 0x79A7, 0x8229,
    0x2AB2, 0x1A2F, 0x094A, 0x08E7, 0x08C5, 0x08C5, 0x08C5, 0x00A4, 0x0083, 0x0884, 0x08A4, 0x08C5,
    0x0927, 0x11CB, 0x08E5, 0x1041, 0x0841, 0x0000, 0x1907, 0x1A0F, 0x222E, 0x21ED, 0x21AA, 0x2169,
    0x2928, 0x2926, 0x3146, 0x3145, 0x3944, 0x3944, 0x4144, 0x3903, 0x28E2, 0x28E2, 0x3102, 0x3902,
    0x3902, 0x38E2, 0x4923, 0x3923, 0x2104, 0x1903, 0x3144, 0x49A6, 0x626A, 0x52AE, 0x324D, 0x19CA,
    0x1968, 0x0927, 0x5AAE, 0xABD1, 0xAB4A, 0xB369, 0xBB89, 0xC3A9, 0xBBA9, 0xCC0A, 0x7A67, 0x0842,
    0x1061, 0x1062, 0x18A2, 0x2104, 0x39A6, 0x3186, 0x20E4, 0x18A3, 0x1882, 0x1881, 0x4122, 0xD42B,
    0xDC6B, 0xD44B, 0xDC4B, 0xDC2B, 0xDC2B, 0xD42A, 0xD42A, 0xD42A, 0xD40A, 0xCBEA, 0xCBEA, 0xCBC9,
    0xC3C9, 0xC3A8, 0xBB88, 0xBB47, 0xAB06, 0xA2A5, 0x79E3, 0x6982, 0x8A24, 0xA2C5, 0xAAE6, 0xCBC9,
    0xD40A, 0xDC4A, 0xDC6B, 0xDC6B, 0xDC6B, 0xD44A, 0xCBEA, 0xB369, 0x3103, 0x0841, 0x1082, 0x1062,
    0x0841, 0x20E3, 0x18A3, 0x0861, 0x0861, 0x1061, 0x0841, 0x1061, 0x1082, 0x1062, 0x30C1, 0xB368,
    0xD44B, 0xD42A, 0xD42B, 0xD44B, 0xD42A, 0xD44B, 0xBB88, 0xCBC9, 0xCBEA, 0xCBC9, 0xCBE9, 0xCBE9,
    0xCBE9, 0xCBE9, 0xCBE9, 0xCBEA, 0xCBEA, 0xCBC9, 0xCBEA, 0xCC0A, 0xCC0A, 0xD40A, 0xD42B, 0xD42B,
    0xDC4B, 0xDC4B, 0xD44B, 0xD409, 0xCBA9, 0xC368, 0xC367, 0xC3A9, 0xC388, 0xB327, 0xBB47, 0xBB68,
    0xC3A9, 0xCC0A, 0xCC0A, 0xCBC9, 0xCBC9, 0xCBE9, 0xCBC9, 0xCBA8, 0xC388, 0xC367, 0xBB67, 0xBB67,
    0xBB47, 0xBB27, 0xBB47, 0xB327, 0xB306, 0xA2C5, 0x8A24, 0x6982, 0x9265, 0x9244, 0x8A04, 0x8203,
    0x8A24, 0x8204, 0x81E3, 0x79E3, 0x81E3, 0x79E3, 0x79C3, 0x71A3, 0x5922, 0x0820, 0x0000, 0x0800,
    0x0000, 0x0000, 0x0800, 0x0000, 0x0820, 0x8245, 0xAB48, 0xBBCA, 0xC3EA, 0xCC0A, 0xD42B, 0xDC6C,
    0xDCAD, 0xE4CD, 0xE4EE, 0xE50E, 0xE4EE, 0xE4EE, 0xE4CD, 0xE4AD, 0xDC8C, 0xDC8C, 0xDC8C, 0xDC8C,
    0xDC8B, 0xDC4B, 0xD42A, 0xD429, 0xE489, 0xF56B, 0xFDED, 0xD469, 0xBB07, 0xC388, 0xC388, 0xCBA8,
    0xCBA8, 0xCBC8, 0xCBC8, 0xCBC8, 0xCBC9, 0xCBC9, 0xCBC8, 0xCBC8, 0xCBA7, 0xCB87, 0xCBA7, 0xD3C8,
    0xDC08, 0xEC67, 0xF4C8, 0xF528, 0xF549, 0xF508, 0xFCC7, 0x5A06, 0x2189, 0x2987, 0x1904, 0x18E4,
    0x10E4, 0x10C4, 0x10C4, 0x08A4, 0x08A4, 0x08A4, 0x08C4, 0x08E4, 0x1126, 0x29A8, 0x4A2B, 0x31A9,
    0x10A4, 0x1062, 0x18A2, 0x3102, 0x5162, 0x3922, 0x28C2, 0x28A2, 0x20A1, 0x20A1, 0x20A1, 0x18A1,
    0x1881, 0x1061, 0x0840, 0x0840, 0x1881, 0x20A1, 0x1061, 0x0840, 0x0840, 0x1881, 0x30E2, 0x4122,
    0x4142, 0x3922, 0x30E2, 0x28C1, 0x28A1, 0x28A1, 0x28E2, 0x4984, 0x7A88, 0x9309, 0x8AE9, 0x82A9,
    0x7A88, 0x7A88, 0x7AA9, 0x7AA9, 0x7AA9, 0x82AA, 0x82AA, 0x7AAA, 0x82CB, 0x82CB, 0x82EC, 0x8B0C,
    0x8B0D, 0x932D, 0x932D, 0x932D, 0x8B0D, 0x826A, 0x7A29, 0x82AB, 0x2A71, 0x1A0F, 0x094A, 0x08E7,
    0x08C5, 0x08C5, 0x08C5, 0x00A4, 0x0063, 0x0063, 0x0884, 0x00A4, 0x08E6, 0x11AA, 0x0862, 0x1082,
    0x0000, 0x0841, 0x116A, 0x19EE, 0x222F, 0x21ED, 0x21AB, 0x2169, 0x2928, 0x2926, 0x3146, 0x3145,
    0x3145, 0x4144, 0x4144, 0x3103, 0x28E2, 0x30E2, 0x3902, 0x3902, 0x38E2, 0x38E2, 0x4103, 0x2903,
    0x18E3, 0x2103, 0x3144, 0x51A6, 0x5A4A, 0x428E, 0x2A2D, 0x21CA, 0x1147, 0x29CA, 0x9BF3, 0xA36D,
    0xAB49, 0xBB89, 0xC3A9, 0xC3C9, 0xC3EA, 0xCBE9, 0xCC0A, 0x3924, 0x0841, 0x1061, 0x1082, 0x18C3,
    0x3165, 0x41C7, 0x2925, 0x18A3, 0x1082, 0x1082, 0x1861, 0x7225, 0xDC8C, 0xD44B, 0xD42B, 0xD42B,
    0xD42A, 0xD42A, 0xD42A, 0xD42A, 0xD40A, 0xCBEA, 0xCBEA, 0xCBC9, 0xC3C9, 0xC388, 0xBB67, 0xB327,
    0xAAE6, 0x9A85, 0x71A3, 0x5121, 0x8A24, 0x9264, 0xC367, 0xCBC9, 0xD40A, 0xDC4A, 0xDC6B, 0xDC6A,
    0xDC6A, 0xD42A, 0xCBEA, 0x7A46, 0x0841, 0x1062, 0x1082, 0x0841, 0x18C3, 0x3145, 0x1082, 0x0841,
    0x1061, 0x1061, 0x0841, 0x1061, 0x1882, 0x0862, 0x5163, 0xC3CA, 0xD44B, 0xD42B, 0xD42A, 0xD42B,
    0xD42A, 0xD44B, 0xC3C9, 0xC388, 0xCBC9, 0xCBC9, 0xCBE9, 0xD3EA, 0xD40A, 0xCBE9, 0xCBE9, 0xCBEA,
    0xCBCA, 0xCBEA, 0xCBEA, 0xD40A, 0xD40A, 0xD42A, 0xD44B, 0xD42B, 0xDC4B, 0xDC6C, 0xD42B, 0xD40A,
    0xCBA8, 0xC368, 0xC347, 0xC3A8, 0xC3A8, 0xBB47, 0xBB47, 0xBB68, 0xC3C9, 0xCBE9, 0xCBE9, 0xC3C9,
    0xCBE9, 0xCBE9, 0xCBA9, 0xCBA9, 0xCBA9, 0xC3A8, 0xC3A8, 0xC388, 0xBB47, 0xBB48, 0xBB68, 0xBB48,
    0xAAE6, 0xA2A5, 0x6982, 0x9264, 0xA2A5, 0x9A85, 0x8A24, 0x8A24, 0x8A24, 0x8204, 0x8204, 0x8204,
    0x8204, 0x79E3, 0x79C3, 0x71C3, 0x5122, 0x0800, 0x0000, 0x0800, 0x0000, 0x0000, 0x0820, 0x0820,
    0x0000, 0x4122, 0xAB07, 0xBB89, 0xC3EA, 0xCC0A, 0xCC2B, 0xD44C, 0xDC8C, 0xDCCD, 0xE4EE, 0xE4EE,
    0xE4EE, 0xE4EE, 0xE4EE, 0xE4CD, 0xDCAD, 0xDCAC, 0xDC8C, 0xDC8C, 0xDC8B, 0xDC6B, 0xD44A, 0xD42A,
    0xDC29, 0xECC9, 0xF58C, 0xFDED, 0xD46A, 0xBB47, 0xC388, 0xC3A8, 0xCBA8, 0xCBC8, 0xCBC8, 0xCBC8,
    0xCBC9, 0xCBC9, 0xCBC8, 0xCBC8, 0xCBA7, 0xCBA7, 0xCB87, 0xD3C7, 0xDC08, 0xE447, 0xECC7, 0xF4E8,
    0xF528, 0xF529, 0xFD08, 0x9AE6, 0x1906, 0x2125, 0x18E3, 0x18E3, 0x10C3, 0x10A3, 0x08A3, 0x0883,
    0x0863, 0x0883, 0x0883, 0x08C4, 0x0906, 0x1147, 0x1968, 0x1906, 0x0883, 0x1062, 0x18A2, 0x30E2,
    0x4122, 0x30E2, 0x20A1, 0x20A1, 0x20A1, 0x20A1, 0x20A1, 0x18A1, 0x1881, 0x1061, 0x0840, 0x1040,
    0x1060, 0x1881, 0x1061, 0x1040, 0x1041, 0x1081, 0x30E2, 0x3922, 0x3942, 0x3902, 0x30C2, 0x28C1,
    0x28C1, 0x28C1, 0x30E2, 0x49A4, 0x7A88, 0x9309, 0x8AE9, 0x82A9, 0x7A88, 0x7A88, 0x7AA9, 0x7AA9,
    0x7AAA, 0x7AAA, 0x82AA, 0x7AAA, 0x82CB, 0x82EB, 0x82EC, 0x8B0C, 0x8B0D, 0x8B2D, 0x932D, 0x932D,
    0x932D, 0x8B0D, 0x8B0C, 0x932D, 0x220F, 0x11CD, 0x0949, 0x0907, 0x08C5, 0x08E6, 0x08E5, 0x00A4,
    0x0063, 0x0863, 0x0883, 0x0083, 0x08E5, 0x0905, 0x1061, 0x0862, 0x0000, 0x10A4, 0x116A, 0x19CC,
    0x220E, 0x21ED, 0x21AB, 0x2169, 0x2948, 0x2926, 0x3146, 0x3145, 0x3944, 0x4144, 0x4144, 0x3903,
    0x30E2, 0x30E2, 0x3902, 0x4102, 0x4102, 0x4923, 0x4943, 0x3103, 0x2103, 0x2903, 0x4144, 0x4985,
    0x49C8, 0x31EA, 0x21AA, 0x1988, 0x1147, 0x7B70, 0xABD0, 0xAB4A, 0xB369, 0xBBAA, 0xC3C9, 0xCBEA,
    0xCC0A, 0xCC0A, 0xDC4B, 0xA349, 0x1041, 0x0821, 0x0821, 0x0862, 0x18C3, 0x3186, 0x3986, 0x20C4,
    0x1882, 0x1062, 0x1882, 0x30C1, 0xA348, 0xDC6B, 0xD42A, 0xD42B, 0xD42A, 0xD40A, 0xD40A, 0xD40A,
    0xCC0A, 0xCBEA, 0xCBE9, 0xC3C9, 0xC388, 0xBB88, 0xBB47, 0xB327, 0xA2C6, 0x9A64, 0x6962, 0x40C1,
    0x71A2, 0xA2C5, 0xC388, 0xCBC9, 0xD40A, 0xDC4A, 0xDC4A, 0xDC4A, 0xD44A, 0xCC0A, 0xAB69, 0x20C2,
    0x1061, 0x1062, 0x0861, 0x0841, 0x3145, 0x3966, 0x18A3, 0x1061, 0x1061, 0x0841, 0x1061, 0x1061,
    0x1082, 0x1041, 0x71E4, 0xCC0B, 0xD42B, 0xD44B, 0xD44B, 0xD42A, 0xD42A, 0xD42A, 0xD40A, 0xC388,
    0xCBA9, 0xCBC9, 0xCBE9, 0xD40A, 0xCBE9, 0xCBE9, 0xCBEA, 0xCBC9, 0xCBC9, 0xD40A, 0xD40A, 0xD42B,
    0xD42A, 0xD42B, 0xD42B, 0xDC4B, 0xDC4B, 0xDC4B, 0xD40A, 0xD3E9, 0xCBC9, 0xC388, 0xC347, 0xC388,
    0xC3A8, 0xBB68, 0xBB47, 0xC388, 0xCBC9, 0xCBC9, 0xCBC9, 0xCBE9, 0xCBE9, 0xCBC9, 0xCBE9, 0xD3EA,
    0xCBE9, 0xCBC9, 0xCBA8, 0xC3A8, 0xC368, 0xC368, 0xC368, 0xB307, 0xA2C6, 0x79E3, 0x8203, 0xA2A5,
    0xAAC6, 0xA285, 0x8A04, 0x8A24, 0x8A24, 0x8203, 0x8204, 0x8204, 0x81E4, 0x79C3, 0x71C3, 0x71C3,
    0x4902, 0x0000, 0x0800, 0x0000, 0x0000, 0x0000, 0x0800, 0x0020, 0x0000, 0x0820, 0x9286, 0xB388,
    0xBBC9, 0xC40A, 0xCC2B, 0xD44B, 0xDC6C, 0xDCAD, 0xE4CD, 0xE4EE, 0xE4EE, 0xE4EE, 0xE4EE, 0xE4CD,
    0xDCAD, 0xDCAC, 0xDCAC, 0xDCAC, 0xDC8C, 0xDC6B, 0xDC6B, 0xD42A, 0xD409, 0xDC49, 0xED0A, 0xF5CC,
    0xFE0D, 0xCC29, 0xC347, 0xC3A8, 0xC3A7, 0xC3A7, 0xCBC8, 0xCBC8, 0xCBC8, 0xCBC9, 0xCBC8, 0xCBC8,
    0xC3A7, 0xC387, 0xCB87, 0xD3A7, 0xDBE7, 0xDC27, 0xEC87, 0xF4E8, 0xF508, 0xF508, 0xFCE8, 0xC3A6,
    0x20E4, 0x18C3, 0x18C3, 0x18C3, 0x10C3, 0x10A3, 0x0883, 0x0862, 0x0862, 0x0883, 0x0882, 0x08A4,
    0x0906, 0x1147, 0x1127, 0x10E5, 0x0862, 0x0862, 0x1882, 0x3902, 0x4922, 0x30E2, 0x20A1, 0x20A1,
    0x20A1, 0x20C1, 0x20C1, 0x18A1, 0x1081, 0x1061, 0x1040, 0x1060, 0x1061, 0x1881, 0x1061, 0x1061,
    0x1061, 0x1061, 0x28E1, 0x3922, 0x3922, 0x3902, 0x30C2, 0x28C1, 0x28C1, 0x30E1, 0x3922, 0x51A4,
    0x7A88, 0x8AE9, 0x8AC9, 0x8288, 0x7A88, 0x7A88, 0x7AA9, 0x82AA, 0x7AAA, 0x82AA, 0x82AA, 0x82CA,
    0x82CB, 0x8AEC, 0x8B0C, 0x8B0D, 0x8B2D, 0x8B2D, 0x8B0D, 0x8B2D, 0x932D, 0x932D, 0x934D, 0x9B4D,
    0x11AB, 0x118B, 0x0949, 0x0907, 0x08E6, 0x08E6, 0x08E5, 0x00A4, 0x0063, 0x0883, 0x08A4, 0x00A4,
    0x0926, 0x0862, 0x1082, 0x0020, 0x0820, 0x10E6, 0x0949, 0x118A, 0x19CC, 0x21CC, 0x218A, 0x2169,
    0x2948, 0x3126, 0x3146, 0x3945, 0x3944, 0x4144, 0x4124, 0x3903, 0x30E2, 0x3902, 0x4122, 0x4922,
    0x4902, 0x5123, 0x5163, 0x3124, 0x2103, 0x3123, 0x4964, 0x4144, 0x3945, 0x2925, 0x2126, 0x10E5,
    0x528C, 0xB411, 0xAB4B, 0xB36B, 0xBB6A, 0xBB89, 0xBB89, 0xC3C9, 0xCBEA, 0xC3EB, 0xBBCB, 0xC3CB,
    0x8A67, 0x79E6, 0x8226, 0x7A25, 0x59A4, 0x2904, 0x39A7, 0x3966, 0x18A3, 0x1882, 0x1082, 0x20A1,
    0x5163, 0xCC0A, 0xD40A, 0xD40A, 0xD40A, 0xD409, 0xD409, 0xD40A, 0xD40A, 0xCBE9, 0xCBC9, 0xC3A9,
    0xBB68, 0xBB67, 0xB347, 0xAB06, 0xA2C5, 0x9244, 0x6142, 0x2040, 0x71C3, 0xB327, 0xC388, 0xCBC9,
    0xD40A, 0xD42A, 0xD42A, 0xD44A, 0xCC09, 0xCBEA, 0x61E5, 0x0021, 0x1061, 0x1062, 0x0821, 0x1082,
    0x2904, 0x18C3, 0x18C3, 0x20C3, 0x1062, 0x0841, 0x1061, 0x1061, 0x1082, 0x1861, 0x9286, 0xD44B,
    0xD44B, 0xD44B, 0xD46B, 0xD44B, 0xD42A, 0xCC0A, 0xCBEA, 0xC388, 0xC368, 0xCBC9, 0xCBC9, 0xCBE9,
    0xCC0A, 0xCBEA, 0xCBEA, 0xCBA9, 0xCBC9, 0xD3EA, 0xD42A, 0xD42B, 0xD44B, 0xD42B, 0xDC4B, 0xDC6C,
    0xDC6C, 0xD42B, 0xD40A, 0xD40A, 0xCBC9, 0xC388, 0xC388, 0xC368, 0xC3A8, 0xC3A9, 0xC388, 0xC388,
    0xC3C9, 0xCBC9, 0xCBE9, 0xCBEA, 0xCBE9, 0xCBC9, 0xD3EA, 0xD40A, 0xD40A, 0xD3E9, 0xCBC8, 0xC3A8,
    0xC388, 0xC368, 0xBB27, 0xAAE6, 0x9A85, 0x69A2, 0x9A85, 0xAAE6, 0xAAC6, 0x9A65, 0x8A04, 0x8204,
    0x8A24, 0x8A04, 0x8204, 0x81E4, 0x79E3, 0x79C3, 0x71C3, 0x7A04, 0x38E2, 0x0000, 0x0820, 0x0000,
    0x0000, 0x0000, 0x0000, 0x0000, 0x0800, 0x0000, 0x5983, 0xBB68, 0xBB89, 0xC3EA, 0xCC2A, 0xD44B,
    0xD46C, 0xDC8C, 0xDCCD, 0xE4CD, 0xE4CE, 0xE4EE, 0xE4EE, 0xE4CD, 0xE4CD, 0xDCAC, 0xDCAC, 0xDC8C,
    0xDC8C, 0xDC8C, 0xDC6B, 0xD44A, 0xD42A, 0xD409, 0xE469, 0xF54B, 0xFDED, 0xF5CD, 0xC3A7, 0xC367,
    0xC387, 0xC387, 0xCBA8, 0xCBA8, 0xCBA8, 0xCBA8, 0xCBA8, 0xCBA8, 0xC3A7, 0xC387, 0xCB87, 0xCB87,
    0xD3C7, 0xDC27, 0xE467, 0xF4C8, 0xF508, 0xF508, 0xF4E7, 0xE447, 0x4164, 0x18C4, 0x18E4, 0x18E4,
    0x10E4, 0x10C3, 0x0883, 0x0862, 0x0862, 0x0862, 0x0862, 0x08A3, 0x1106, 0x1127, 0x1127, 0x10C4,
    0x0862, 0x0862, 0x18A2, 0x4942, 0x5982, 0x3902, 0x20A1, 0x20A1, 0x20A1, 0x20C1, 0x20C1, 0x18A1,
    0x1061, 0x1041, 0x1040, 0x1061, 0x28C1, 0x30E2, 0x28C1, 0x2081, 0x1061, 0x1861, 0x28E1, 0x3922,
    0x3922, 0x38E2, 0x30C1, 0x28C1, 0x28C1, 0x30E1, 0x4142, 0x51C4, 0x7A88, 0x8AC9, 0x7A88, 0x7A67,
    0x7A67, 0x7A88, 0x7AA9, 0x82A9, 0x7AAA, 0x82AA, 0x82AA, 0x82CB, 0x8AEC, 0x8B0C, 0x8B0C, 0x932C,
    0x932D, 0x8B2D, 0x8B0D, 0x8B2D, 0x932D, 0x934D, 0x9B6D, 0x9B6D, 0x0968, 0x0969, 0x0949, 0x0907,
    0x08E6, 0x0907, 0x08E6, 0x08A4, 0x0063, 0x0083, 0x08A4, 0x08C5, 0x0906, 0x0841, 0x1082, 0x0000,
    0x1062, 0x08E6, 0x0907, 0x1169, 0x19AA, 0x21AB, 0x218A, 0x2169, 0x2948, 0x3126, 0x3146, 0x3945,
    0x3944, 0x4144, 0x4123, 0x38E2, 0x38E2, 0x4102, 0x4922, 0x4923, 0x4922, 0x5143, 0x5163, 0x3923,
    0x2923, 0x4163, 0x5184, 0x4144, 0x2904, 0x2905, 0x18C4, 0x3187, 0xA3F2, 0xABCF, 0xC3ED, 0xCBCB,
    0xCBAA, 0xC389, 0xB36A, 0xAB6B, 0xAB8B, 0xB3AB, 0xBBAB, 0xBB8A, 0xCB8A, 0xD3CA, 0xE40A, 0xE42A,
    0xE3E9, 0xBB47, 0x61E6, 0x3987, 0x2905, 0x18A3, 0x1082, 0x1882, 0x28A1, 0x8245, 0xDC2B, 0xCBEA,
    0xD40A, 0xD3E9, 0xD409, 0xD409, 0xCBE9, 0xCBE9, 0xC3A9, 0xC388, 0xBB68, 0xBB47, 0xB327, 0xAAE6,
    0x9AA5, 0x9244, 0x5102, 0x2060, 0x9A85, 0xB327, 0xBB68, 0xCBC9, 0xD40A, 0xD40A, 0xD42A, 0xD40A,
    0xCBE9, 0xA308, 0x1862, 0x1061, 0x1061, 0x0841, 0x0821, 0x1082, 0x18C3, 0x18A2, 0x1882, 0x20C3,
    0x1082, 0x0841, 0x1062, 0x1082, 0x1062, 0x30A2, 0xB348, 0xD44B, 0xD44B, 0xD44B, 0xD44B, 0xD42A,
    0xCC0A, 0xCBEA, 0xCBEA, 0xCBEA, 0xC388, 0xC388, 0xCBE9, 0xCC0A, 0xD40A, 0xCC0A, 0xCBE9, 0xCBA9,
    0xCBC9, 0xD40A, 0xD42B, 0xD42A, 0xD42B, 0xD42A, 0xDC4B, 0xDC4C, 0xDC4C, 0xD42B, 0xD40A, 0xD40A,
    0xCBE9, 0xCBC9, 0xCBA9, 0xC388, 0xC388, 0xCBA9, 0xCBC9, 0xC3A9, 0xCBC9, 0xCBEA, 0xD40A, 0xD3EA,
    0xCBE9, 0xD3EA, 0xD40A, 0xDC4B, 0xD42A, 0xD409, 0xCBC8, 0xC388, 0xC388, 0xBB27, 0xB327, 0xB307,
    0x81E4, 0x79E3, 0xAAE6, 0xB327, 0xA285, 0x8A24, 0x8A04, 0x8A24, 0x8A24, 0x8A04, 0x8203, 0x81E3,
    0x79E3, 0x81E3, 0x81E4, 0x8205, 0x30C1, 0x0000, 0x0820, 0x0000, 0x0000, 0x0000, 0x0000, 0x0000,
    0x0000, 0x0000, 0x1881, 0xA307, 0xB368, 0xC3C9, 0xCC0A, 0xCC2B, 0xD44B, 0xDC6C, 0xDCAD, 0xDCCD,
    0xE4EE, 0xE4EE, 0xE50E, 0xE4EE, 0xE4ED, 0xDCAC, 0xDCAC, 0xDCAD, 0xDC8C, 0xDC8C, 0xDC8C, 0xDC6B,
    0xD44A, 0xD429, 0xDC49, 0xECA9, 0xF56B, 0xFE0E, 0xED6B, 0xC347, 0xC367, 0xC3A8, 0xC3A8, 0xCBA8,
    0xCBA8, 0xCB88, 0xC388, 0xC387, 0xC387, 0xC387, 0xC387, 0xCB87, 0xD3A7, 0xDC07, 0xEC67, 0xECC8,
    0xF4E8, 0xF4E8, 0xECC7, 0xFCA7, 0x7225, 0x18E5, 0x2105, 0x1905, 0x1105, 0x10E4, 0x08A3, 0x0862,
    0x0862, 0x0862, 0x0841, 0x0883, 0x08E5, 0x1126, 0x1106, 0x08A4, 0x0862, 0x0862, 0x18A2, 0x4122,
    0x5982, 0x3902, 0x20A1, 0x20A1, 0x20A1, 0x20C1, 0x20C1, 0x1881, 0x1040, 0x0841, 0x0840, 0x1060,
    0x20A1, 0x3902, 0x4942, 0x4963, 0x28E2, 0x1881, 0x28C1, 0x3902, 0x3902, 0x30E2, 0x28C1, 0x28C1,
    0x28C1, 0x28E1, 0x3102, 0x4984, 0x7A88, 0x8AE9, 0x7A87, 0x6A46, 0x7267, 0x7A88, 0x7AA9, 0x7AA9,
    0x82AA, 0x82AA, 0x82CA, 0x82CB, 0x8B0C, 0x8B0C, 0x8B0C, 0x8B0C, 0x932D, 0x934D, 0x932D, 0x932D,
    0x934D, 0x9B4D, 0x9B6D, 0x9B6D, 0x0948, 0x0969, 0x0948, 0x0907, 0x08E6, 0x0907, 0x0907, 0x08A4,
    0x0063, 0x0083, 0x0083, 0x0906, 0x08A4, 0x1082, 0x0841, 0x0820, 0x0883, 0x08A5, 0x08E6, 0x0928,
    0x118A, 0x21AB, 0x218A, 0x2168, 0x2147, 0x3126, 0x3146, 0x3945, 0x3944, 0x4144, 0x4123, 0x38E2,
    0x38E2, 0x4102, 0x5142, 0x5143, 0x5143, 0x5963, 0x5963, 0x3923, 0x4143, 0x59A3, 0x5184, 0x3924,
    0x2904, 0x2104, 0x18E5, 0x7B4F, 0xABF0, 0xCC2D, 0xDC4B, 0xDC2C, 0xD40B, 0xC3CB, 0xB38B, 0xB3CC,
    0xBBEB, 0xC3EB, 0xCBEB, 0xCBCB, 0xD40B, 0xDC4B, 0xE46B, 0xE44B, 0xDC09, 0xE429, 0xE409, 0x8A87,
    0x3166, 0x20E4, 0x18A2, 0x1882, 0x18A2, 0x30C1, 0xB368, 0xCC0A, 0xCBE9, 0xD40A, 0xCC09, 0xCC09,
    0xCBE9, 0xCBC9, 0xC3A9, 0xBB68, 0xBB68, 0xB347, 0xAB06, 0xA2C6, 0x9A85, 0x8204, 0x38C1, 0x40E1,
    0xA2A5, 0xAB27, 0xBB67, 0xC3A9, 0xD40A, 0xD40A, 0xD42A, 0xC3E9, 0xC3A9, 0x4143, 0x0821, 0x1061,
    0x1062, 0x0841, 0x1061, 0x1082, 0x18A2, 0x1882, 0x18A3, 0x1882, 0x18C3, 0x1082, 0x1062, 0x1882,
    0x1062, 0x4922, 0xC3CA, 0xD44B, 0xD46B, 0xD46B, 0xD44B, 0xD42A, 0xD42A, 0xD42A, 0xD40A, 0xCBE9,
    0xCBC9, 0xBB67, 0xCBC9, 0xCBE9, 0xCBE9, 0xCBE9, 0xCBE9, 0xCBC9, 0xCBEA, 0xD40A, 0xD42A, 0xD44B,
    0xD42B, 0xD44B, 0xD42B, 0xDC4B, 0xDC4B, 0xD42B, 0xD42B, 0xD40A, 0xD3E9, 0xCBE9, 0xCBC9, 0xCBA9,
    0xCBA9, 0xCBC9, 0xCBC9, 0xCBE9, 0xCBE9, 0xCBE9, 0xD40A, 0xD40A, 0xD40A, 0xD3EA, 0xD42B, 0xDC4B,
    0xD44B, 0xCC09, 0xCBC8, 0xCBC8, 0xBB48, 0xB307, 0xBB68, 0xA2C6, 0x6162, 0x9264, 0xBB47, 0xB2E6,
    0x9A65, 0x9224, 0x9244, 0x9A65, 0x9264, 0x8A24, 0x8A24, 0x8A04, 0x8A24, 0x8A24, 0x8A24, 0x8A25,
    0x28A1, 0x0000, 0x0820, 0x0000, 0x0000, 0x0800, 0x0000, 0x0000, 0x0000, 0x0820, 0x0000, 0x71E5,
    0xB368, 0xBBA9, 0xC3EA, 0xCC2B, 0xD44B, 0xDC6C, 0xDCAD, 0xDCAD, 0xE4CE, 0xE4EE, 0xE50F, 0xE50F,
    0xE4EE, 0xE4CD, 0xE4CD, 0xDCAD, 0xDCAD, 0xDC8C, 0xDC8C, 0xDC8B, 0xDC6B, 0xD44A, 0xD429, 0xDC49,
    0xF4EA, 0xF5AC, 0xFE2E, 0xE4EA, 0xBB46, 0xC387, 0xC388, 0xC388, 0xCBA8, 0xC388, 0xC388, 0xC387,
    0xC387, 0xC387, 0xC387, 0xCB87, 0xD3C8, 0xDBE8, 0xE447, 0xECA8, 0xF4C7, 0xF4E8, 0xECE8, 0xFCC7,
    0x9AE6, 0x18E5, 0x2105, 0x1905, 0x1105, 0x10E4, 0x08A3, 0x1083, 0x1083, 0x10A3, 0x10A3, 0x08C5,
    0x1126, 0x1147, 0x1906, 0x10A4, 0x0862, 0x0862, 0x18A2, 0x30E2, 0x3922, 0x30E2, 0x20A1, 0x20A1,
    0x20A1, 0x20C1, 0x20C1, 0x1881, 0x1040, 0x1061, 0x1061, 0x1060, 0x1060, 0x1881, 0x30E2, 0x4142,
    0x30E2, 0x2081, 0x28C1, 0x3101, 0x3902, 0x30E2, 0x28C1, 0x28C2, 0x20C1, 0x20C1, 0x28E2, 0x4164,
    0x7A67, 0x8AE9, 0x7A87, 0x7246, 0x7267, 0x7A88, 0x7AA9, 0x82C9, 0x82CA, 0x8ACA, 0x8AEB, 0x8AEB,
    0x930C, 0x8B0C, 0x8B0C, 0x932D, 0x932D, 0x934D, 0x9B4D, 0x9B6D, 0x9B8D, 0xA38D, 0xA38D, 0xA38D,
    0x098A, 0x098A, 0x0969, 0x0927, 0x0907, 0x0907, 0x0907, 0x08A4, 0x0063, 0x0083, 0x0083, 0x08E6,
    0x0862, 0x1082, 0x0000, 0x0841, 0x0884, 0x0884, 0x08C5, 0x0928, 0x116A, 0x198B, 0x218A, 0x1968,
    0x2127, 0x2926, 0x3146, 0x3945, 0x3924, 0x3924, 0x3903, 0x38E2, 0x3902, 0x4102, 0x5142, 0x5943,
    0x5143, 0x5963, 0x5963, 0x4143, 0x4963, 0x61A3, 0x5184, 0x3104, 0x2904, 0x18C3, 0x5A6C, 0xA3D0,
    0xC3CB, 0xDC4B, 0xD42B, 0xD42C, 0xCBEB, 0xBBAB, 0xBBCB, 0xC3EB, 0xC3EB, 0xCC0B, 0xC3CA, 0xD3EB,
    0xE48C, 0xECAD, 0xECCD, 0xECAC, 0xE44A, 0xDC09, 0xE409, 0xEC29, 0x92C7, 0x2925, 0x20C3, 0x1882,
    0x1882, 0x2081, 0x59A4, 0xC3C9, 0xCBC9, 0xD40A, 0xCBE9, 0xCBE9, 0xC3C9, 0xC3A9, 0xC388, 0xBB48,
    0xB327, 0xAB27, 0xA2C6, 0x9A85, 0x8A44, 0x79C3, 0x3081, 0x5122, 0x9AA5, 0xAB06, 0xB347, 0xC3A9,
    0xCBC9, 0xCBEA, 0xCBEA, 0xC3C9, 0x8266, 0x0841, 0x1061, 0x1062, 0x0841, 0x0861, 0x0861, 0x1082,
    0x18A3, 0x18A2, 0x18A2, 0x1082, 0x18C3, 0x18C3, 0x1082, 0x1882, 0x1061, 0x61A3, 0xD42B, 0xD46C,
    0xD46B, 0xD46B, 0xD44B, 0xD44B, 0xD42A, 0xD40A, 0xD40A, 0xCC0A, 0xCBE9, 0xC3A8, 0xBB68, 0xCBC9,
    0xCBC9, 0xCBC9, 0xCBC9, 0xCBEA, 0xD40A, 0xD40A, 0xD42B, 0xD42B, 0xD44B, 0xD42A, 0xD44B, 0xD42B,
    0xD42B, 0xD42B, 0xD42A, 0xD40A, 0xD3E9, 0xCBE9, 0xCBE9, 0xCBC9, 0xCBE9, 0xCBEA, 0xCBE9, 0xCBE9,
    0xCBE9, 0xCBE9, 0xCBEA, 0xD3EA, 0xD40A, 0xD40A, 0xD40A, 0xDC4B, 0xD44B, 0xD409, 0xCBE9, 0xCBA8,
    0xBB48, 0xC389, 0xBB68, 0x9265, 0x6982, 0xB306, 0xBB27, 0xA2A5, 0x9A44, 0xA285, 0xAAC6, 0xA2C5,
    0xA2A5, 0x9A65, 0x9265, 0x9265, 0x9265, 0x9A85, 0x9A85, 0x8A65, 0x1881, 0x0820, 0x0820, 0x0000,
    0x0800, 0x0820, 0x0000, 0x0000, 0x0000, 0x0820, 0x0000, 0x30C2, 0xAB27, 0xB388, 0xC3CA, 0xCC0A,
    0xD42B, 0xD44B, 0xDC6C, 0xDCAD, 0xDCAD, 0xE4CD, 0xE4EE, 0xE4EE, 0xE4EE, 0xE4ED, 0xE4CD, 0xDCAD,
    0xDCAD, 0xDCAD, 0xDC8C, 0xDC8B, 0xDC6B, 0xDC6A, 0xDC4A, 0xDC29, 0xE469, 0xF50A, 0xF5AB, 0xFE2D,
    0xDC89, 0xBB47, 0xC388, 0xC388, 0xC388, 0xC387, 0xC387, 0xC387, 0xC387, 0xC387, 0xC387, 0xCB87,
    0xCBA7, 0xDBE7, 0xE447, 0xECA7, 0xF4E7, 0xF508, 0xF4E8, 0xF4C7, 0xCBC6, 0x2905, 0x1905, 0x1905,
    0x10E4, 0x10C4, 0x0883, 0x10A4, 0x10E6, 0x1927, 0x1127, 0x1969, 0x19AA, 0x2189, 0x2967, 0x18C4,
    0x0862, 0x1082, 0x18A2, 0x3102, 0x3902, 0x28C1, 0x20A1, 0x1881, 0x20A1, 0x20C1, 0x20C1, 0x1881,
    0x1061, 0x1061, 0x1881, 0x18A1, 0x1881, 0x1060, 0x1061, 0x1881, 0x1881, 0x1881, 0x28C1, 0x3102,
    0x3902, 0x30E2, 0x28C1, 0x28E2, 0x20C1, 0x20C1, 0x28E2, 0x4164, 0x7A67, 0x8AE8, 0x82A8, 0x8288,
    0x7AA8, 0x82C9, 0x82E9, 0x8AEA, 0x8AEA, 0x8AEB, 0x932B, 0x932C, 0x932C, 0x934C, 0x9B4D, 0x9B4D,
    0x9B4D, 0x9B4D, 0x9B6D, 0xA38E, 0xA3CE, 0xABCD, 0xABCD, 0xABCE, 0x0969, 0x0969, 0x0969, 0x0948,
    0x0927, 0x0928, 0x0907, 0x08A5, 0x0883, 0x0083, 0x08C4, 0x08A4, 0x1061, 0x0861, 0x0000, 0x0862,
    0x0884, 0x0884, 0x08C5, 0x0928, 0x1169, 0x196A, 0x1969, 0x1948, 0x2127, 0x2905, 0x3125, 0x3124,
    0x2903, 0x28E3, 0x30E3, 0x30E2, 0x38E2, 0x4102, 0x5122, 0x5942, 0x5942, 0x5963, 0x5163, 0x4143,
    0x4963, 0x59A3, 0x4943, 0x3104, 0x20C3, 0x3987, 0x9BF2, 0xA34B, 0xCBEA, 0xD40B, 0xD40B, 0xCBEB,
    0xC3CB, 0xBBCB, 0xC3EB, 0xCBEB, 0xCC0B, 0xCC0B, 0xD3EB, 0xE44C, 0xECAD, 0xECEE, 0xED0E, 0xE46A,
    0xE44A, 0xE44A, 0xDC2A, 0xE42A, 0xEC4A, 0x92A6, 0x18C3, 0x18C3, 0x1882, 0x1882, 0x28A1, 0x9AA6,
    0xDC2A, 0xCBC9, 0xCBC9, 0xC3C9, 0xC3A9, 0xBB88, 0xBB68, 0xB348, 0xAB07, 0xAAE6, 0xA2A5, 0x9264,
    0x8224, 0x69A3, 0x1820, 0x5122, 0x9A85, 0xAAE6, 0xB347, 0xC388, 0xCBC9, 0xCBEA, 0xC3A9, 0xAB28,
    0x20C2, 0x0861, 0x1082, 0x1061, 0x0841, 0x0841, 0x0861, 0x1082, 0x18A3, 0x18A3, 0x1882, 0x1082,
    0x18A3, 0x18C3, 0x18A2, 0x20C3, 0x1082, 0x8225, 0xD46C, 0xD46C, 0xD46C, 0xD46B, 0xD46B, 0xD44B,
    0xD42A, 0xD40A, 0xD40A, 0xCBEA, 0xCBE9, 0xCBC9, 0xC388, 0xBB47, 0xC3A9, 0xCBC9, 0xCBC9, 0xCBEA,
    0xCC0A, 0xD40A, 0xD42A, 0xD42A, 0xD44B, 0xD42B, 0xD42B, 0xD42B, 0xD42A, 0xD40A, 0xD40A, 0xD40A,
    0xD409, 0xD3E9, 0xCBE9, 0xD3EA, 0xD3EA, 0xD40A, 0xCBEA, 0xCC0A, 0xCBE9, 0xD40A, 0xD3EA, 0xD3EA,
    0xD40A, 0xD3EA, 0xD40A, 0xD42A, 0xD42A, 0xD409, 0xCBC8, 0xC388, 0xC368, 0xC389, 0xC388, 0x8A24,
    0x8A23, 0xBB67, 0xB306, 0xA285, 0xAAA6, 0xB327, 0xB306, 0xAAE6, 0xAAE6, 0xAAE6, 0xAAC6, 0xAAC6,
    0xAAE6, 0xA2C6, 0xAB07, 0x8A66, 0x1041, 0x0840, 0x0820, 0x0000, 0x0800, 0x0820, 0x0000, 0x0000,
    0x0000, 0x0800, 0x0820, 0x0820, 0x8245, 0xB368, 0xBBA9, 0xCBEA, 0xCC0A, 0xD42B, 0xDC6C, 0xDC8C,
    0xDCAD, 0xDCCD, 0xE4CE, 0xE4EE, 0xE4EE, 0xE4EE, 0xE4CD, 0xE4AD, 0xE4AD, 0xDCAD, 0xDC8C, 0xDCAC,
    0xDC8B, 0xDC6B, 0xDC4B, 0xDC2A, 0xDC29, 0xE489, 0xF52A, 0xFDCC, 0xFDEC, 0xD408, 0xBB27, 0xC368,
    0xC367, 0xC367, 0xC367, 0xC387, 0xC387, 0xC367, 0xC387, 0xCB87, 0xCBA7, 0xD3C7, 0xE427, 0xECA7,
    0xF4E8, 0xF528, 0xF508, 0xF4A7, 0xE447, 0x4185, 0x1905, 0x1905, 0x10E4, 0x10C4, 0x10A4, 0x10C5,
    0x1107, 0x1127, 0x1148, 0x21EB, 0x220C, 0x29CA, 0x2988, 0x2105, 0x10C3, 0x18C3, 0x28E2, 0x4962,
    0x5162, 0x28E1, 0x1881, 0x1881, 0x20A1, 0x20C1, 0x28C1, 0x1881, 0x1061, 0x1881, 0x20A1, 0x28E2,
    0x28C1, 0x18A1, 0x1061, 0x1061, 0x1861, 0x1881, 0x20C1, 0x30E2, 0x3102, 0x30E2, 0x30E2, 0x28E2,
    0x20C1, 0x20C1, 0x28E2, 0x4184, 0x7267, 0x8AC8, 0x8AA8, 0x8AC9, 0x8AC9, 0x7AA8, 0x7AA8, 0x82C9,
    0x82EA, 0x8AEA, 0x8B0B, 0x932B, 0x932C, 0x934C, 0x9B4C, 0x934C, 0x9B4C, 0x9B4D, 0x9B6D, 0xA3AE,
    0xA3AE, 0xA3AD, 0xA3AD, 0xA3AD, 0x1169, 0x118A, 0x11AA, 0x0989, 0x0949, 0x0949, 0x0907, 0x08C5,
    0x08C5, 0x00C4, 0x0927, 0x0883, 0x1082, 0x0020, 0x0840, 0x0883, 0x0083, 0x0083, 0x08C5, 0x0907,
    0x0928, 0x1128, 0x1127, 0x1107, 0x1906, 0x20E5, 0x20E4, 0x20C3, 0x18C2, 0x18A2, 0x18A2, 0x20C2,
    0x28C2, 0x28C2, 0x38E2, 0x4902, 0x4922, 0x4923, 0x4943, 0x4123, 0x4143, 0x4943, 0x4123, 0x3103,
    0x2904, 0x8370, 0xA38E, 0xAB4A, 0xCBEA, 0xD40B, 0xD42B, 0xCBEB, 0xC3CB, 0xC3CB, 0xC3EB, 0xCC0B,
    0xCC0B, 0xD40B, 0xDC4C, 0xECCE, 0xED30, 0xED30, 0xECCC, 0xE46A, 0xE48B, 0xE46B, 0xE44B, 0xE44B,
    0xDC2A, 0xEC69, 0x8245, 0x10A3, 0x18A2, 0x1061, 0x20A1, 0x4922, 0xC3A9, 0xCBC9, 0xC3A8, 0xC3A9,
    0xBB89, 0xBB68, 0xBB48, 0xB307, 0xAAE6, 0xA2A6, 0x9285, 0x8A44, 0x8204, 0x5122, 0x1000, 0x5122,
    0x9285, 0xA2C6, 0xB327, 0xBB68, 0xC3A9, 0xBBA9, 0xC3A9, 0x4963, 0x0841, 0x1061, 0x1061, 0x0841,
    0x0841, 0x0841, 0x0861, 0x1082, 0x18A3, 0x18A3, 0x1882, 0x1882, 0x18A2, 0x1882, 0x18A3, 0x2925,
    0x28C3, 0x9AA6, 0xD46C, 0xD46C, 0xD48C, 0xD48C, 0xD46B, 0xD42A, 0xD42A, 0xD40A, 0xCC0A, 0xCBE9,
    0xCBE9, 0xCBE9, 0xCBC9, 0xC388, 0xC388, 0xC3A8, 0xCBC9, 0xCBE9, 0xCBE9, 0xCC0A, 0xD42A, 0xD42A,
    0xD42A, 0xD42A, 0xD42B, 0xD42A, 0xD42A, 0xD40A, 0xD42A, 0xD40A, 0xD3E9, 0xD40A, 0xD40A, 0xD40A,
    0xD40A, 0xD40A, 0xD40A, 0xCC0A, 0xD40A, 0xD40A, 0xD40A, 0xD40A, 0xD40A, 0xD40A, 0xD3EA, 0xD40A,
    0xCBE9, 0xCBE9, 0xCBC9, 0xC388, 0xC3A9, 0xC389, 0xC3A9, 0x8204, 0x9AA5, 0xC367, 0xAAC5, 0xA285,
    0xBB27, 0xC368, 0xBB48, 0xBB47, 0xB347, 0xB347, 0xB327, 0xB327, 0xB348, 0xAB27, 0xBB88, 0x7A25,
    0x0820, 0x1040, 0x0820, 0x0000, 0x0820, 0x0820, 0x0020, 0x0000, 0x0000, 0x0000, 0x0820, 0x0000,
    0x5163, 0xAB47, 0xBB88, 0xC3EA, 0xCC0A, 0xCC0A, 0xD44B, 0xDC8C, 0xDC8C, 0xDCAD, 0xE4CD, 0xE4EE,
    0xE4EE, 0xE4EE, 0xE4EE, 0xE4CD, 0xE4AD, 0xDCAD, 0xDCAC, 0xDCAC, 0xDC8B, 0xDC8B, 0xDC6B, 0xDC4B,
    0xD42A, 0xDC49, 0xECA9, 0xF56B, 0xFE0C, 0xF5AC, 0xCBA8, 0xC347, 0xC368, 0xC367, 0xC367, 0xC367,
    0xC387, 0xC387, 0xC387, 0xCB87, 0xD3C7, 0xDBE7, 0xE427, 0xEC87, 0xF4E8, 0xF508, 0xFD29, 0xF4C8,
    0xFCA7, 0x7A46, 0x18E5, 0x1925, 0x1905, 0x1906, 0x1106, 0x1907, 0x1928, 0x1106, 0x1127, 0x220C,
    0x2A4D, 0x29CA, 0x2967, 0x2105, 0x20E4, 0x3103, 0x3923, 0x61C3, 0x7203, 0x3922, 0x20A1, 0x1881,
    0x20A1, 0x28C1, 0x20C1, 0x1881, 0x1061, 0x1881, 0x28C2, 0x3102, 0x3102, 0x28C2, 0x1881, 0x1881,
    0x1881, 0x1881, 0x28C1, 0x3902, 0x3102, 0x30E2, 0x28E2, 0x28C2, 0x20A1, 0x20C2, 0x28E2, 0x4164,
    0x61E6, 0x6A06, 0x6207, 0x6A27, 0x6A27, 0x59E6, 0x51C5, 0x6207, 0x6A48, 0x6A28, 0x6A28, 0x7249,
    0x7269, 0x7A8A, 0x7AAA, 0x7AAA, 0x7A8A, 0x7A8A, 0x82CB, 0x8AEB, 0x7AAA, 0x6A6A, 0x7289, 0xA34A,
    0x19CC, 0x21EC, 0x19EC, 0x19CB, 0x19AB, 0x118B, 0x1149, 0x1927, 0x1926, 0x1947, 0x1127, 0x0861,
    0x1062, 0x0000, 0x1083, 0x1107, 0x0907, 0x0907, 0x0927, 0x1128, 0x0928, 0x0927, 0x1107, 0x1106,
    0x10E5, 0x18C4, 0x18C3, 0x18A3, 0x18A2, 0x1082, 0x1082, 0x1882, 0x18A2, 0x18A2, 0x20A2, 0x28C2,
    0x30E3, 0x3903, 0x3903, 0x3103, 0x3903, 0x3923, 0x4124, 0x30E3, 0x6AAD, 0xA3AF, 0xA30A, 0xB3CC,
    0xD40B, 0xD44C, 0xDC4C, 0xCBEA, 0xC3AA, 0xC3AA, 0xC3CA, 0xCBEA, 0xCBEA, 0xCBEA, 0xDC4B, 0xECAD,
    0xED50, 0xED2F, 0xEC8B, 0xEC8C, 0xECAC, 0xE48C, 0xE48C, 0xE48D, 0xE44B, 0xE44A, 0xEC69, 0x6A05,
    0x1082, 0x1882, 0x1882, 0x30A1, 0x7A25, 0xCBE9, 0xBB89, 0xBBA9, 0xBB68, 0xB348, 0xB327, 0xAB07,
    0xA2C6, 0x9AA6, 0x9265, 0x8224, 0x79E3, 0x38A1, 0x1020, 0x4901, 0x8A45, 0x9AC6, 0xAB07, 0xB348,
    0xB368, 0xBB89, 0x8266, 0x0841, 0x1061, 0x1061, 0x0841, 0x0841, 0x1062, 0x1062, 0x0861, 0x1882,
    0x18C3, 0x1882, 0x1082, 0x18A2, 0x1882, 0x1882, 0x18A2, 0x2925, 0x38E3, 0xAB07, 0xD46C, 0xD46C,
    0xD46C, 0xD46B, 0xD44B, 0xD42A, 0xD42B, 0xD40A, 0xCBEA, 0xD409, 0xCC09, 0xCBE9, 0xCBC9, 0xCBC9,
    0xCBC9, 0xC388, 0xC3C9, 0xCBC9, 0xCBE9, 0xD40A, 0xD40A, 0xD40A, 0xD42A, 0xD42A, 0xD40A, 0xD42A,
    0xD40A, 0xD42B, 0xD42A, 0xD40A, 0xD40A, 0xD40A, 0xD40A, 0xD40A, 0xD40A, 0xD40A, 0xD42A, 0xD40A,
    0xD40A, 0xD40A, 0xD40A, 0xD42A, 0xD40A, 0xD40A, 0xD40A, 0xD40A, 0xCBE9, 0xCBE9, 0xCBE9, 0xC3A9,
    0xC3A9, 0xC3A9, 0xC3A9, 0x8204, 0xAAE6, 0xBB47, 0xA284, 0xB2E6, 0xC368, 0xC388, 0xC388, 0xC388,
    0xBB68, 0xBB68, 0xC388, 0xBB89, 0xBB89, 0xBB89, 0xC3A9, 0x61C5, 0x0841, 0x1040, 0x0820, 0x0020,
    0x0820, 0x0820, 0x0020, 0x0000, 0x0000, 0x0800, 0x0820, 0x0020, 0x4902, 0x9AC6, 0xB368, 0xBBC9,
    0xC3EA, 0xCC0A, 0xD44B, 0xD46C, 0xDC8C, 0xDCAD, 0xDCCD, 0xE4CD, 0xE4ED, 0xE4EE, 0xE4CD, 0xE4CD,
    0xE4AD, 0xE4CD, 0xDCAC, 0xDCAC, 0xDCAC, 0xDC8B, 0xDC6B, 0xDC6B, 0xD42A, 0xD429, 0xDC69, 0xECE9,
    0xF5CC, 0xFE0D, 0xF56B, 0xC388, 0xC347, 0xC367, 0xC347, 0xC367, 0xC367, 0xC367, 0xC387, 0xCB87,
    0xCBA7, 0xDBE7, 0xE427, 0xECA7, 0xF508, 0xF508, 0xFD49, 0xF509, 0xFCA7, 0xAB26, 0x2105, 0x2125,
    0x1926, 0x1906, 0x1105, 0x1106, 0x10E6, 0x10C5, 0x1127, 0x21EC, 0x220D, 0x29A9, 0x2147, 0x18E4,
    0x20E3, 0x3103, 0x3943, 0x61C3, 0x7203, 0x4122, 0x20A1, 0x2081, 0x20A1, 0x28C1, 0x20A1, 0x1881,
    0x1881, 0x20A1, 0x20C1, 0x28C1, 0x28C1, 0x20A1, 0x1881, 0x1881, 0x1881, 0x1881, 0x30E2, 0x4122,
    0x30E2, 0x20A1, 0x1881, 0x1881, 0x1061, 0x1081, 0x18A1, 0x20C2, 0x3103, 0x30E3, 0x28C3, 0x28E3,
    0x3103, 0x28E3, 0x28E2, 0x3923, 0x4144, 0x3923, 0x3924, 0x4964, 0x51A5, 0x51A5, 0x59C6, 0x59E6,
    0x51C6, 0x51A6, 0x69E6, 0x61E7, 0x3945, 0x2904, 0x3945, 0x7A66, 0x29CC, 0x29EC, 0x29EC, 0x29CC,
    0x21AC, 0x19AC, 0x218B, 0x2969, 0x2968, 0x29C9, 0x08A4, 0x1082, 0x0841, 0x0820, 0x2106, 0x216A,
    0x218A, 0x218A, 0x218A, 0x216A, 0x2169, 0x2148, 0x2127, 0x2106, 0x2106, 0x20E5, 0x20E4, 0x20E4,
    0x20C4, 0x18A3, 0x18A3, 0x18A3, 0x18A3, 0x18A3, 0x18A3, 0x20A3, 0x20C3, 0x28E3, 0x30E3, 0x30E3,
    0x3103, 0x3924, 0x30E2, 0x51E9, 0xA3D1, 0xA32B, 0xAB8C, 0xCC2C, 0xD44B, 0xDC6C, 0xE4AD, 0xCBEA,
    0xC3A9, 0xC3A9, 0xC3A9, 0xC3C9, 0xCBCA, 0xCBCA, 0xDC0A, 0xEC6C, 0xECAD, 0xECAC, 0xECAC, 0xECCC,
    0xE4AC, 0xE4AC, 0xE4AD, 0xE4AD, 0xE48D, 0xE46B, 0xE46A, 0xE469, 0x61C4, 0x1062, 0x1882, 0x20A2,
    0x40E1, 0xAB27, 0xC3A9, 0xB368, 0xB368, 0xB328, 0xAB07, 0xAAC6, 0xA2A6, 0x9265, 0x8224, 0x79E3,
    0x5962, 0x2060, 0x2040, 0x40E1, 0x8A24, 0x9AA6, 0xA2E6, 0xAB27, 0xB348, 0xA2E7, 0x2082, 0x0841,
    0x1061, 0x0841, 0x0841, 0x0841, 0x0861, 0x0861, 0x1062, 0x20C3, 0x18A3, 0x1082, 0x1882, 0x1882,
    0x1082, 0x1882, 0x20E3, 0x20E4, 0x4923, 0xBB69, 0xD46C, 0xD46C, 0xD46B, 0xD46B, 0xD44B, 0xD42A,
    0xD42A, 0xD40A, 0xD40A, 0xCC09, 0xCC09, 0xCBE9, 0xCBC9, 0xCBC9, 0xC3A9, 0xC3A8, 0xC3A8, 0xC3A9,
    0xCBC9, 0xCBE9, 0xD40A, 0xD40A, 0xD40A, 0xD40A, 0xD40A, 0xD40A, 0xD42A, 0xD40A, 0xD40A, 0xD40A,
    0xCC09, 0xD40A, 0xD40A, 0xD40A, 0xD40A, 0xD42A, 0xD42A, 0xD42A, 0xD42A, 0xD42A, 0xD40A, 0xD42A,
    0xD42A, 0xD40A, 0xD40A, 0xD40A, 0xCBE9, 0xCBE9, 0xCBC9, 0xCBC9, 0xCBA9, 0xC3A9, 0xC3A9, 0x8224,
    0xAAE6, 0xB306, 0xA264, 0xBB48, 0xCBA9, 0xC3A9, 0xC3A9, 0xC3A8, 0xC3A8, 0xC3A8, 0xC388, 0xC3A9,
    0xC3A9, 0xBB89, 0xBB89, 0x4963, 0x0841, 0x1040, 0x0840, 0x0820, 0x0820, 0x0820, 0x0020, 0x0020,
    0x0000, 0x0820, 0x0820, 0x0020, 0x40E1, 0x8A44, 0xAB28, 0xBB89, 0xC3C9, 0xCBEA, 0xCC0A, 0xD44B,
    0xDC6C, 0xDC8C, 0xDCAD, 0xE4CD, 0xE4CD, 0xE4CD, 0xE4CE, 0xE4CE, 0xE4CD, 0xE4AD, 0xE4CD, 0xDCAC,
    0xDCAC, 0xDC8B, 0xDC6B, 0xDC6B, 0xDC2A, 0xD42A, 0xDC49, 0xE4A9, 0xF54A, 0xF5CC, 0xFDCC, 0xED2A,
    0xC367, 0xC367, 0xC347, 0xC347, 0xC367, 0xC367, 0xC367, 0xCB87, 0xCBA7, 0xDBE7, 0xE427, 0xEC87,
    0xF4E8, 0xF528, 0xFD49, 0xF529, 0xF4E8, 0xD3E6, 0x3125, 0x2105, 0x18E4, 0x10C3, 0x10A3, 0x1083,
    0x0883, 0x08A3, 0x1106, 0x1989, 0x21A9, 0x3188, 0x3167, 0x2105, 0x20C3, 0x28E2, 0x3102, 0x4143,
    0x5162, 0x3902, 0x28C1, 0x28C1, 0x28C1, 0x28C1, 0x20A1, 0x1881, 0x1881, 0x20A1, 0x20A1, 0x18A1,
    0x1881, 0x1861, 0x1861, 0x1061, 0x1061, 0x1061, 0x28E2, 0x3102, 0x20A1, 0x1061, 0x1041, 0x0841,
    0x0841, 0x1061, 0x1081, 0x1881, 0x20A2, 0x1881, 0x1061, 0x1061, 0x20A2, 0x28C2, 0x28C2, 0x30E2,
    0x38E2, 0x30E2, 0x28E2, 0x3923, 0x4964, 0x4984, 0x59C4, 0x61E5, 0x51A4, 0x4164, 0x5984, 0x4944,
    0x20C3, 0x10C3, 0x20E3, 0x3124, 0x2168, 0x2989, 0x2989, 0x2169, 0x2149, 0x196A, 0x2169, 0x3168,
    0x3987, 0x2167, 0x0041, 0x1082, 0x0000, 0x1061, 0x2947, 0x3168, 0x31AA, 0x31AA, 0x31AA, 0x3189,
    0x3168, 0x3148, 0x3147, 0x3126, 0x3105, 0x3105, 0x3105, 0x3105, 0x3105, 0x3104, 0x28E4, 0x28E4,
    0x28E4, 0x28E4, 0x28E4, 0x28E4, 0x28E4, 0x3104, 0x3104, 0x3103, 0x3103, 0x28C2, 0x3945, 0x8B4F,
    0xA34C, 0xB38B, 0xCC0C, 0xD42B, 0xD44B, 0xDC8C, 0xE4CE, 0xDC4B, 0xCB88, 0xCB89, 0xC388, 0xC389,
    0xC389, 0xC389, 0xD3C9, 0xE42A, 0xEC6B, 0xEC8B, 0xECAC, 0xE4AC, 0xE4AC, 0xE4CD, 0xE4CE, 0xE4CE,
    0xE4CE, 0xE4AD, 0xDC6B, 0xE46A, 0xE449, 0x59A4, 0x0862, 0x18A2, 0x28A2, 0x6183, 0xBB88, 0xB348,
    0xB327, 0xAB07, 0xAAE7, 0xA2A6, 0xA2C6, 0xAB07, 0xB348, 0xAB07, 0x79E4, 0x2860, 0x2040, 0x40C1,
    0x7A04, 0x9286, 0xA2E6, 0xA2E7, 0xAB07, 0x3903, 0x0021, 0x0841, 0x0841, 0x0841, 0x0841, 0x0841,
    0x0861, 0x0861, 0x1082, 0x18A3, 0x1082, 0x1882, 0x1883, 0x18A3, 0x1082, 0x18A3, 0x20E3, 0x1082,
    0x5963, 0xBBA9, 0xCC4B, 0xD44B, 0xD44B, 0xD46B, 0xD46B, 0xD44A, 0xD40A, 0xD40A, 0xD40A, 0xD40A,
    0xCC09, 0xCBE9, 0xCBE9, 0xCBC9, 0xC3C9, 0xC3A9, 0xC3A9, 0xC3A8, 0xC3A9, 0xCBC9, 0xCBE9, 0xD40A,
    0xD40A, 0xD40A, 0xD3EA, 0xD40A, 0xD40A, 0xD40A, 0xD40A, 0xD42A, 0xD40A, 0xD42A, 0xD42A, 0xD42A,
    0xD42B, 0xD42B, 0xD42B, 0xD42A, 0xD42A, 0xD42A, 0xD42A, 0xD42A, 0xD40A, 0xD40A, 0xD40A, 0xD40A,
    0xCC09, 0xCBE9, 0xCBC9, 0xCBC9, 0xCBA9, 0xC3A9, 0xC3A9, 0x8A24, 0xAAE6, 0xAAC5, 0xA285, 0xC368,
    0xCBC9, 0xCBC9, 0xCBC9, 0xC3C8, 0xC3C9, 0xC3C9, 0xC3A8, 0xC3A9, 0xC3A9, 0xC3A9, 0xB368, 0x30E3,
    0x1061, 0x1040, 0x0840, 0x0840, 0x0840, 0x0820, 0x0000, 0x0820, 0x0020, 0x0820, 0x0840, 0x0020,
    0x40E1, 0x8203, 0x9AC6, 0xB368, 0xBBA9, 0xC3EA, 0xCC0A, 0xD42B, 0xD44B, 0xDC8C, 0xDCAC, 0xDCCD,
    0xE4CE, 0xE4EE, 0xE4CE, 0xE4CE, 0xE4CE, 0xE4CD, 0xE4CD, 0xE4AC, 0xDCAC, 0xDCAC, 0xDC8C, 0xDC6B,
    0xDC4B, 0xDC4A, 0xDC29, 0xDC49, 0xECA9, 0xF56B, 0xF5AC, 0xFDCC, 0xE4EA, 0xC347, 0xBB47, 0xBB46,
    0xC367, 0xC367, 0xC367, 0xCB87, 0xCB87, 0xD3C7, 0xE407, 0xE467, 0xF4C7, 0xF528, 0xFD69, 0xFD4A,
    0xF509, 0xF4A7, 0x59C5, 0x18E5, 0x18E4, 0x10C3, 0x10A3, 0x0882, 0x0883, 0x10A3, 0x10E5, 0x1947,
    0x2988, 0x49E9, 0x49C8, 0x2905, 0x20C2, 0x20C2, 0x28C2, 0x3102, 0x3922, 0x3902, 0x30E1, 0x28C1,
    0x28C1, 0x28C1, 0x20A1, 0x1061, 0x1861, 0x1881, 0x18A1, 0x18A1, 0x1881, 0x2081, 0x2081, 0x1881,
    0x1861, 0x2081, 0x30E2, 0x30E1, 0x28A1, 0x2081, 0x20A2, 0x20A2, 0x1881, 0x28C2, 0x20C1, 0x1881,
    0x20A1, 0x28C2, 0x2081, 0x20A1, 0x28C2, 0x30E2, 0x30E2, 0x3923, 0x4123, 0x4123, 0x4143, 0x4964,
    0x59A4, 0x59C4, 0x61E5, 0x61E5, 0x51A5, 0x4984, 0x5184, 0x3923, 0x20C3, 0x20E4, 0x2924, 0x3964,
    0x2126, 0x2146, 0x2146, 0x2126, 0x1906, 0x1907, 0x2127, 0x2946, 0x3987, 0x10E5, 0x0841, 0x0841,
    0x0000, 0x18C4, 0x2926, 0x3146, 0x3168, 0x3167, 0x3147, 0x3147, 0x3126, 0x3126, 0x3125, 0x3105,
    0x3104, 0x30E4, 0x3104, 0x3104, 0x3904, 0x3904, 0x3103, 0x30E3, 0x30E3, 0x28E3, 0x30E3, 0x30E3,
    0x3103, 0x3903, 0x3923, 0x3923, 0x3103, 0x7248, 0xBB8B, 0xCBCB, 0xC3CA, 0xCBEA, 0xD40A, 0xD44B,
    0xDC6C, 0xDC8C, 0xDC8D, 0xE48D, 0xCB89, 0xC348, 0xC368, 0xC348, 0xC348, 0xC347, 0xC347, 0xD389,
    0xE40A, 0xE46B, 0xEC8C, 0xE4AC, 0xE4CD, 0xECCE, 0xECEE, 0xECEF, 0xECEE, 0xE4CD, 0xE4AC, 0xDC4A,
    0xE44A, 0xE3E8, 0x5963, 0x0841, 0x20C2, 0x38E1, 0x9286, 0xBB68, 0xAB07, 0xAB08, 0xB329, 0xBB6A,
    0xCBCA, 0xD40A, 0xDC2B, 0xDC4B, 0xDC2A, 0xB327, 0x40E1, 0x30A1, 0x71E4, 0x9286, 0x9AC6, 0xA2E7,
    0x61A4, 0x0821, 0x0841, 0x0841, 0x0841, 0x0841, 0x0841, 0x0841, 0x1062, 0x1062, 0x1082, 0x1082,
    0x1082, 0x18A3, 0x1882, 0x18A3, 0x1082, 0x20E3, 0x20C3, 0x1882, 0x69A4, 0xC3CA, 0xD44B, 0xD44B,
    0xD46B, 0xD46B, 0xD46B, 0xD44B, 0xD42A, 0xD40A, 0xD40A, 0xD40A, 0xCC09, 0xCC09, 0xCBE9, 0xCBE9,
    0xC3C9, 0xC3A9, 0xC3A9, 0xC3A9, 0xCBC9, 0xCBC9, 0xCBE9, 0xCC09, 0xD40A, 0xD40A, 0xD3EA, 0xD40A,
    0xD40A, 0xD40A, 0xD42A, 0xD42A, 0xD42A, 0xD42A, 0xD42A, 0xD42A, 0xD42B, 0xD42B, 0xD42B, 0xD42A,
    0xD42A, 0xD42A, 0xD42A, 0xD42A, 0xD40A, 0xD40A, 0xD40A, 0xD40A, 0xCBE9, 0xCBE9, 0xCBE9, 0xCBC9,
    0xCBC9, 0xCBA9, 0xCBC9, 0x9285, 0xA2A5, 0xA2A5, 0xAAE6, 0xC368, 0xCBC9, 0xCBC9, 0xCBC9, 0xCBC9,
    0xC3C9, 0xC3C9, 0xCBC9, 0xC3C9, 0xC3A9, 0xC3A9, 0xA307, 0x2082, 0x1061, 0x0840, 0x0840, 0x0840,
    0x1041, 0x0820, 0x0000, 0x0820, 0x0820, 0x0820, 0x0840, 0x0020, 0x38C1, 0x8203, 0x9285, 0xAB27,
    0xB389, 0xC3C9, 0xCBEA, 0xCC0A, 0xD44B, 0xDC8C, 0xDC8C, 0xDCAD, 0xE4CE, 0xE4CD, 0xE4EE, 0xE4EE,
    0xE4CE, 0xE4CE, 0xE4CD, 0xE4CC, 0xDCCC, 0xDCAC, 0xDC8C, 0xDC6C, 0xDC6B, 0xDC4B, 0xDC4A, 0xD429,
    0xDC69, 0xECEA, 0xF58B, 0xF5AC, 0xFDED, 0xDCA9, 0xBB26, 0xC367, 0xC367, 0xC367, 0xC387, 0xCB87,
    0xCB87, 0xD3A7, 0xDC07, 0xE467, 0xECC7, 0xF508, 0xFD49, 0xFD8A, 0xF54A, 0xFCE8, 0x9AE6, 0x2105,
    0x2125, 0x1905, 0x18C5, 0x10A4, 0x10A4, 0x10A4, 0x10E5, 0x1947, 0x39C8, 0x5A29, 0x51E8, 0x3124,
    0x20C2, 0x28E2, 0x3102, 0x4122, 0x5162, 0x5162, 0x3922, 0x30E1, 0x30E1, 0x28C1, 0x1881, 0x1040,
    0x1060, 0x20A1, 0x28E2, 0x3922, 0x4982, 0x61C2, 0x69E2, 0x61C2, 0x61A2, 0x61C1, 0x6A01, 0x6A01,
    0x69E1, 0x69C2, 0x69C2, 0x71E2, 0x71E1, 0x7A01, 0x7201, 0x69E1, 0x7A21, 0x8A41, 0x9281, 0x9281,
    0x8A61, 0x8A61, 0x8A61, 0x8242, 0x69E2, 0x4963, 0x4943, 0x5164, 0x5184, 0x5184, 0x5184, 0x51A5,
    0x59A4, 0x61C4, 0x71E5, 0x5164, 0x3104, 0x3124, 0x4164, 0x59E5, 0x2105, 0x2106, 0x2126, 0x2106,
    0x18E6, 0x1907, 0x1907, 0x2926, 0x2967, 0x0862, 0x1061, 0x0000, 0x1041, 0x2105, 0x2906, 0x3126,
    0x3147, 0x3146, 0x3146, 0x3127, 0x3126, 0x3105, 0x3105, 0x3104, 0x3104, 0x30E3, 0x30E3, 0x30E3,
    0x30E3, 0x3103, 0x3103, 0x30E3, 0x30E3, 0x30E3, 0x30E3, 0x30E3, 0x3103, 0x3923, 0x3923, 0x3103,
    0x82EC, 0xE46D, 0xE42A, 0xE42A, 0xDC2A, 0xD40A, 0xD40A, 0xD42B, 0xD44B, 0xDC6C, 0xDC8C, 0xDC8C,
    0xD40A, 0xBAE7, 0xBB07, 0xC347, 0xC327, 0xC327, 0xC307, 0xC307, 0xD368, 0xDC0A, 0xE46B, 0xE4AC,
    0xECEE, 0xECEE, 0xECEF, 0xED0F, 0xED0F, 0xECEE, 0xE4CD, 0xE48C, 0xDC2A, 0xE429, 0xDBE8, 0x5963,
    0x0841, 0x30E2, 0x5163, 0xAB28, 0xAB49, 0xAB09, 0xC36A, 0xD3EB, 0xD40B, 0xD3EA, 0xD3E9, 0xD3EA,
    0xD3EA, 0xDC2A, 0xC367, 0x40E1, 0x61A4, 0x8A65, 0x9286, 0x7205, 0x1041, 0x0841, 0x0841, 0x0820,
    0x0841, 0x0841, 0x0841, 0x1061, 0x1062, 0x1062, 0x1062, 0x1082, 0x1082, 0x1082, 0x18A3, 0x18C3,
    0x1082, 0x2904, 0x18A3, 0x1882, 0x7A05, 0xC3EB, 0xD44B, 0xD46B, 0xD46B, 0xD46B, 0xD46B, 0xD44B,
    0xD44B, 0xD42B, 0xD42A, 0xD40A, 0xD42A, 0xCC0A, 0xCBE9, 0xCBE9, 0xCBC9, 0xCBC9, 0xC3A9, 0xC3A8,
    0xC3C8, 0xC3C9, 0xCBE9, 0xCBE9, 0xCC09, 0xCBE9, 0xD40A, 0xD3EA, 0xD40A, 0xD40A, 0xD40A, 0xD42A,
    0xD42A, 0xD42A, 0xD42A, 0xD42B, 0xD44B, 0xD42B, 0xD44B, 0xD44B, 0xD42A, 0xD42A, 0xD42B, 0xD42B,
    0xD40A, 0xD40A, 0xD40A, 0xD409, 0xCBE9, 0xCBE9, 0xCBE9, 0xCBC9, 0xCBC9, 0xCBC9, 0xCBE9, 0xA307,
    0x9264, 0xA2A5, 0xBB47, 0xC388, 0xC389, 0xC3A9, 0xCBC9, 0xCBE9, 0xCBC9, 0xCBC9, 0xCBC9, 0xC3C9,
    0xC3A9, 0xC3C9, 0x8A86, 0x1061, 0x1061, 0x0840, 0x0840, 0x0840, 0x1041, 0x0840, 0x0000, 0x0820,
    0x0820, 0x0820, 0x0840, 0x0020, 0x28A1, 0x8A24, 0x8A45, 0xA2E7, 0xB348, 0xBBA9, 0xC3EA, 0xCC0A,
    0xD44B, 0xDC6B, 0xDC6B, 0xDC8C, 0xDCCD, 0xE4CE, 0xE4CE, 0xE4EE, 0xE4CD, 0xE4EE, 0xE4CD, 0xE4CD,
    0xDCCD, 0xDCAC, 0xDCAC, 0xDCAC, 0xDC8C, 0xDC6B, 0xDC4A, 0xDC4A, 0xD449, 0xDC69, 0xECEA, 0xF58C,
    0xFDCD, 0xFDAC, 0xD448, 0xBB26, 0xC387, 0xC366, 0xCB87, 0xCB87, 0xCB87, 0xCB87, 0xDBE7, 0xE447,
    0xECA7, 0xF4E8, 0xF549, 0xFD6A, 0xFD6A, 0xFD08, 0xDC06, 0x3966, 0x2147, 0x2147, 0x2127, 0x1906,
    0x18E6, 0x18E6, 0x10E6, 0x1926, 0x3187, 0x49C7, 0x4186, 0x3124, 0x3103, 0x4123, 0x4943, 0x5983,
    0x7203, 0x69E3, 0x4942, 0x3902, 0x38E1, 0x28C1, 0x1861, 0x0840, 0x1061, 0x20C2, 0x3102, 0x4983,
    0x7263, 0x82C3, 0x8AE3, 0x8AC2, 0x8AC2, 0x8AC1, 0x8AC1, 0x8AC1, 0x8AA1, 0x92A1, 0x9281, 0x9AA1,
    0x9AC1, 0x9AC0, 0xA2C1, 0xA2E1, 0xB301, 0xC361, 0xD3C0, 0xD3C0, 0xD3A0, 0xD3A1, 0xCB80, 0xC361,
    0x9AA1, 0x5162, 0x30E2, 0x30E3, 0x30C2, 0x28E3, 0x30E3, 0x3103, 0x4144, 0x69A4, 0x7A05, 0x5964,
    0x4104, 0x3903, 0x4123, 0x5984, 0x18C4, 0x18E5, 0x18E5, 0x18E5, 0x18C5, 0x18E6, 0x18C5, 0x20E5,
    0x10E5, 0x0841, 0x0841, 0x0000, 0x1882, 0x20E5, 0x20C4, 0x20E4, 0x28E4, 0x2904, 0x28E4, 0x28E5,
    0x28E5, 0x28E4, 0x28E4, 0x28E4, 0x28E3, 0x28E3, 0x28C3, 0x30E3, 0x30E3, 0x30E3, 0x28E3, 0x28E3,
    0x28C3, 0x28C3, 0x30E3, 0x30E3, 0x30E3, 0x3903, 0x30E3, 0x59C7, 0xD42D, 0xE44B, 0xE4CD, 0xECAD,
    0xE46B, 0xE44B, 0xDC2A, 0xDC4B, 0xD42B, 0xD44B, 0xDC4B, 0xDC6B, 0xDC4B, 0xCB89, 0xAA65, 0xA245,
    0xB2C6, 0xBAE6, 0xBAE6, 0xC2E6, 0xBAC6, 0xCB68, 0xDC09, 0xE48B, 0xE4AD, 0xECCE, 0xECEF, 0xECEF,
    0xECEE, 0xECEE, 0xECED, 0xE4AC, 0xE46B, 0xDC2A, 0xE42A, 0xE409, 0x69C3, 0x1041, 0x38E2, 0x61C4,
    0x8A67, 0xA2A7, 0xCBAA, 0xDC0B, 0xDC0B, 0xDC2A, 0xD40A, 0xD3E9, 0xD3E9, 0xD3E9, 0xEC4A, 0x9285,
    0x5943, 0x8245, 0x7A25, 0x1881, 0x0020, 0x0841, 0x0820, 0x0821, 0x0841, 0x0841, 0x0841, 0x1061,
    0x1062, 0x1062, 0x1062, 0x1082, 0x1082, 0x1082, 0x18A3, 0x20E4, 0x18A3, 0x20E3, 0x18C3, 0x20A2,
    0x8A86, 0xCC2B, 0xCC2B, 0xD44B, 0xD44B, 0xD46B, 0xD46B, 0xD44B, 0xD44B, 0xD42B, 0xD42A, 0xD42A,
    0xD42A, 0xCC0A, 0xCC0A, 0xCBE9, 0xCBC9, 0xCBC9, 0xCBC9, 0xC3A8, 0xC3C8, 0xCBC8, 0xCBC9, 0xCBE9,
    0xCBE9, 0xCBE9, 0xD3EA, 0xD3EA, 0xD40A, 0xD40A, 0xD40A, 0xD42A, 0xD42A, 0xD42A, 0xD42B, 0xD42B,
    0xDC4B, 0xDC4B, 0xDC6B, 0xD44B, 0xD44B, 0xD42A, 0xD42A, 0xD42A, 0xD42A, 0xD40A, 0xD40A, 0xCBE9,
    0xCBE9, 0xCBE9, 0xCBE9, 0xCBC9, 0xCBC9, 0xCBC9, 0xCBE9, 0xBB88, 0x81E3, 0x9A84, 0xBB68, 0xCBA9,
    0xC3A9, 0xCBA9, 0xCBC9, 0xC3C8, 0xCBE9, 0xCBE9, 0xCBC9, 0xCBC9, 0xC3A9, 0xC3A9, 0x69E5, 0x0841,
    0x1061, 0x0840, 0x0840, 0x0841, 0x1041, 0x0841, 0x0000, 0x0820, 0x0820, 0x0820, 0x0840, 0x0820,
    0x2881, 0x8224, 0x8A44, 0x9285, 0xAB28, 0xBB89, 0xC3CA, 0xCBEA, 0xD42A, 0xD44B, 0xDC6B, 0xDC8C,
    0xDCAD, 0xE4CD, 0xE4CE, 0xE4CE, 0xE4EE, 0xE4EE, 0xE4CD, 0xE4CD, 0xDCCD, 0xDCCD, 0xDCAC, 0xDCAC,
    0xE48C, 0xE48C, 0xDC6B, 0xDC4A, 0xD429, 0xD429, 0xE469, 0xED0A, 0xF58C, 0xF5AC, 0xF56A, 0xCBE7,
    0xC346, 0xC366, 0xC366, 0xCB87, 0xCB87, 0xD387, 0xD3C7, 0xDC27, 0xE467, 0xECC7, 0xF509, 0xFD6A,
    0xFD6A, 0xF529, 0xFCC7, 0x6A05, 0x18E5, 0x2105, 0x1906, 0x18E6, 0x18E5, 0x10C4, 0x10A4, 0x10C4,
    0x18E4, 0x20E4, 0x20E4, 0x3103, 0x4123, 0x4963, 0x5183, 0x59A3, 0x61C3, 0x59A3, 0x4122, 0x30E1,
    0x28C1, 0x2081, 0x1040, 0x0820, 0x1040, 0x20A1, 0x20E2, 0x3982, 0x6A63, 0x7AE3, 0x7AE3, 0x7AE3,
    0x7AC2, 0x7AC2, 0x7AA1, 0x7A81, 0x8281, 0x8261, 0x8261, 0x8A61, 0x8261, 0x8260, 0x8260, 0x8A60,
    0x9280, 0xB300, 0xCBA0, 0xCBA0, 0xCB80, 0xCB80, 0xCB80, 0xBB20, 0x9260, 0x4101, 0x1061, 0x1041,
    0x1041, 0x1061, 0x1081, 0x1062, 0x1882, 0x28C2, 0x30E2, 0x28C2, 0x20A2, 0x28A2, 0x28C2, 0x28C2,
    0x1105, 0x1105, 0x1105, 0x08C5, 0x10C5, 0x08A4, 0x0883, 0x10E5, 0x0883, 0x1041, 0x0020, 0x0820,
    0x1083, 0x1084, 0x1083, 0x1083, 0x1083, 0x1082, 0x1083, 0x1083, 0x18A3, 0x1083, 0x18A3, 0x18A3,
    0x18A3, 0x18A3, 0x1883, 0x18A3, 0x18A3, 0x20A3, 0x20A3, 0x20A3, 0x20A3, 0x20A3, 0x20A3, 0x20A3,
    0x20A3, 0x28C3, 0x20A2, 0x92A8, 0xDBEA, 0xDC2A, 0xECAD, 0xECEE, 0xECEE, 0xECCD, 0xE48C, 0xDC4B,
    0xDC2A, 0xD40A, 0xD40A, 0xD40A, 0xD40A, 0xD40A, 0xCB89, 0xAA86, 0x91E4, 0x89A3, 0x91C3, 0xAA45,
    0xAA45, 0xA225, 0xCB27, 0xD3E9, 0xDC6B, 0xE4AC, 0xECCE, 0xECEE, 0xECEF, 0xED0E, 0xECEE, 0xE4AC,
    0xE46B, 0xE46B, 0xE42B, 0xE44A, 0xEC29, 0x71E4, 0x2081, 0x4102, 0x5963, 0xB2E8, 0xD3CA, 0xDBEB,
    0xDBEA, 0xD3C9, 0xD3A9, 0xCBC9, 0xCBC9, 0xD3E9, 0xE44A, 0xC387, 0x6183, 0x7A25, 0x30E2, 0x0000,
    0x0841, 0x0821, 0x0821, 0x0841, 0x0841, 0x0841, 0x0841, 0x1061, 0x0861, 0x0861, 0x1082, 0x1082,
    0x1082, 0x1082, 0x1882, 0x20E4, 0x18A3, 0x20C3, 0x20E4, 0x20A2, 0x9AE8, 0xCC2C, 0xCC0B, 0xD44B,
    0xD44B, 0xD46B, 0xD46B, 0xD44B, 0xD44B, 0xD42B, 0xD42A, 0xD42A, 0xD42A, 0xD409, 0xD40A, 0xCBE9,
    0xCBE9, 0xCBC9, 0xCBC9, 0xCBC8, 0xCBA8, 0xCBC8, 0xCBC8, 0xCBC8, 0xCBE9, 0xCBE9, 0xCBE9, 0xD40A,
    0xD40A, 0xD409, 0xD40A, 0xD42A, 0xD42A, 0xD42A, 0xD42B, 0xD42B, 0xD42B, 0xDC4B, 0xDC6B, 0xD44B,
    0xD44B, 0xD44A, 0xD42B, 0xD42A, 0xD40A, 0xD40A, 0xD409, 0xCC09, 0xCBE9, 0xCBE9, 0xCBE9, 0xCBE9,
    0xCBE9, 0xCBC9, 0xCBC9, 0xCBE9, 0x9A85, 0x81C2, 0xBB67, 0xCBC9, 0xCBC9, 0xCBC9, 0xCBC9, 0xCBC9,
    0xCBE9, 0xCBE9, 0xCBE9, 0xC3C9, 0xBBA9, 0xBBA9, 0x4964, 0x0841, 0x1061, 0x0840, 0x0820, 0x0841,
    0x1041, 0x0841, 0x0000, 0x0820, 0x0820, 0x0820, 0x0840, 0x0821, 0x2061, 0x8204, 0x9265, 0x8A45,
    0xA2E7, 0xB368, 0xC3C9, 0xCBEA, 0xD40A, 0xD42B, 0xD44B, 0xDC6B, 0xDC8C, 0xDCAD, 0xE4CD, 0xE4CD,
    0xE4EE, 0xE4EE, 0xE4CD, 0xE4CD, 0xDCCD, 0xDCCD, 0xDCAD, 0xDCAD, 0xE48C, 0xDC8C, 0xDC8B, 0xDC6A,
    0xDC4A, 0xDC29, 0xDC49, 0xE489, 0xF50A, 0xF5AC, 0xF5AC, 0xF54A, 0xCBC6, 0xC346, 0xCB67, 0xCB67,
    0xCB87, 0xD387, 0xD3C7, 0xDC07, 0xE447, 0xECA7, 0xF4E8, 0xFD4A, 0xFD8B, 0xFD6A, 0xFD28, 0xC3A6,
    0x1882, 0x1082, 0x1082, 0x1082, 0x1082, 0x0862, 0x0841, 0x0861, 0x0861, 0x0861, 0x0861, 0x1882,
    0x28C2, 0x30C1, 0x30E1, 0x3901, 0x3902, 0x3901, 0x28C1, 0x1881, 0x1060, 0x1040, 0x0840, 0x0820,
    0x1041, 0x1881, 0x18C1, 0x2122, 0x4A23, 0x6283, 0x6A83, 0x6A83, 0x6A82, 0x6A82, 0x6A82, 0x7261,
    0x7A41, 0x7A41, 0x7A41, 0x7A41, 0x7A20, 0x7220, 0x7220, 0x7A20, 0x8260, 0xA2E0, 0xCB60, 0xCB80,
    0xCB80, 0xCB60, 0xC360, 0xBB00, 0x8A20, 0x38E1, 0x0840, 0x0820, 0x0840, 0x0840, 0x1061, 0x1082,
    0x1082, 0x1061, 0x0841, 0x1041, 0x1861, 0x2081, 0x20A1, 0x28C1, 0x1147, 0x1147, 0x1126, 0x0905,
    0x08C5, 0x08A4, 0x0063, 0x08C5, 0x0841, 0x0861, 0x0000, 0x0841, 0x0063, 0x0083, 0x0062, 0x0862,
    0x0862, 0x0862, 0x0862, 0x0862, 0x0862, 0x0862, 0x0862, 0x0862, 0x0862, 0x0862, 0x0862, 0x1082,
    0x1082, 0x1082, 0x1082, 0x1082, 0x0882, 0x1082, 0x1083, 0x18A3, 0x18A3, 0x18A3, 0x20C3, 0xAB29,
    0xD3C9, 0xDBE9, 0xE44B, 0xE46B, 0xECAD, 0xECEE, 0xECEE, 0xE4CD, 0xE48C, 0xDC4B, 0xDC2B, 0xD42A,
    0xD40A, 0xD3C9, 0xD3C9, 0xCBA9, 0xBB27, 0x9A45, 0x7143, 0x58C2, 0x50E2, 0x40A1, 0x7983, 0xCB27,
    0xD3E9, 0xDC4B, 0xE48C, 0xECCE, 0xECEE, 0xECEE, 0xE4CD, 0xE4AC, 0xE48C, 0xE46B, 0xE46C, 0xE42A,
    0xE409, 0xEC29, 0x8224, 0x30E1, 0x38E2, 0xA2A7, 0xD3AA, 0xDBEA, 0xDC0B, 0xDBEA, 0xD3A8, 0xCB67,
    0xCBA8, 0xCBA8, 0xDBE9, 0xCB87, 0x71E4, 0x3903, 0x0000, 0x0820, 0x0820, 0x0820, 0x0841, 0x0821,
    0x0841, 0x0841, 0x0841, 0x1061, 0x1062, 0x1062, 0x1082, 0x1082, 0x1082, 0x1082, 0x18A3, 0x1082,
    0x1082, 0x1882, 0x18C3, 0x3103, 0xA308, 0xC3EB, 0xCC0B, 0xD44B, 0xD46B, 0xD46B, 0xD46B, 0xD44B,
    0xD44B, 0xD42B, 0xD42A, 0xD42A, 0xCC0A, 0xD40A, 0xCBE9, 0xCBE9, 0xCBE9, 0xCBE9, 0xCBC9, 0xCBC8,
    0xCBA8, 0xC3A8, 0xC3A8, 0xCBC8, 0xCBC8, 0xCBE9, 0xD3E9, 0xD40A, 0xD40A, 0xD42A, 0xD42A, 0xD42A,
    0xD42A, 0xD42A, 0xD42B, 0xD42B, 0xDC4B, 0xDC4B, 0xDC6B, 0xDC6B, 0xDC6B, 0xD44B, 0xD42B, 0xD42B,
    0xD40A, 0xD42A, 0xD40A, 0xCC09, 0xCBE9, 0xCBE9, 0xCBE9, 0xCBE9, 0xCBC9, 0xCBE9, 0xCBC9, 0xCBE9,
    0xC388, 0x81E2, 0x9264, 0xCBC9, 0xCBC9, 0xCBC9, 0xCBC9, 0xC3C8, 0xCBC9, 0xCBC9, 0xCBE9, 0xC3C9,
    0xC3A9, 0xB369, 0x28E3, 0x1041, 0x1041, 0x0840, 0x0820, 0x0841, 0x1061, 0x1041, 0x0820, 0x0840,
    0x0820, 0x0820, 0x0840, 0x0821, 0x1860, 0x8203, 0x9A85, 0x9265, 0x9AA6, 0xB348, 0xBBA9, 0xC3C9,
    0xCC0A, 0xD42A, 0xD44B, 0xDC6B, 0xDC8C, 0xDCAD, 0xE4CD, 0xE4CE, 0xE4CE, 0xE4EE, 0xE4EE, 0xE4EE,
    0xE4CD, 0xDCCD, 0xDCCD, 0xDCAD, 0xDCAC, 0xDC8C, 0xDC8C, 0xDC6B, 0xDC6B, 0xDC6A, 0xDC49, 0xDC69,
    0xECAA, 0xF54B, 0xF5AC, 0xF5AB, 0xF549, 0xCBC7, 0xC367, 0xCB87, 0xCB87, 0xCB87, 0xCBA7, 0xD3E7,
    0xDC27, 0xE467, 0xF4C8, 0xF52A, 0xFD6B, 0xFD8A, 0xF549, 0xFD07, 0x7204, 0x30E3, 0x3104, 0x30E3,
    0x30E3, 0x28C3, 0x28C2, 0x28C2, 0x28E2, 0x28E2, 0x28C2, 0x38E2, 0x4102, 0x4102, 0x4121, 0x5142,
    0x5982, 0x61A2, 0x6182, 0x4101, 0x30C1, 0x30C1, 0x38E1, 0x38E2, 0x38E2, 0x30E1, 0x20C1, 0x2102,
    0x3162, 0x41A3, 0x4183, 0x4182, 0x4182, 0x41A2, 0x49A1, 0x49A1, 0x51A1, 0x61C1, 0x61A1, 0x61C1,
    0x59A0, 0x59A0, 0x61C0, 0x61C0, 0x71E1, 0x8A40, 0xA2A0, 0xAAE0, 0xAAE0, 0xAAE0, 0xAAC0, 0xA2A0,
    0x79E0, 0x30E1, 0x0840, 0x0820, 0x0820, 0x1061, 0x20A2, 0x28C2, 0x20C2, 0x1082, 0x1041, 0x1061,
    0x1861, 0x20A2, 0x28C2, 0x3102, 0x19A9, 0x19A9, 0x1988, 0x1127, 0x08E5, 0x08A4, 0x08A4, 0x08A4,
    0x1041, 0x0821, 0x0820, 0x0862, 0x0083, 0x0884, 0x0063, 0x0062, 0x0862, 0x0062, 0x0062, 0x0062,
    0x0062, 0x0062, 0x0862, 0x0062, 0x0062, 0x0062, 0x0862, 0x0862, 0x0862, 0x0862, 0x0862, 0x0862,
    0x0862, 0x0882, 0x0882, 0x0883, 0x10A3, 0x0882, 0x5A4B, 0xBB6A, 0xCBA8, 0xD3C9, 0xDC2A, 0xE44B,
    0xE44B, 0xE48C, 0xE4CD, 0xE4CD, 0xE4AC, 0xE48C, 0xDC2A, 0xDC2B, 0xDC2B, 0xDC0A, 0xDC0A, 0xD40A,
    0xD40A, 0xD3C9, 0xC348, 0x9A25, 0x60E2, 0x3861, 0x2040, 0x5102, 0xBAE6, 0xDBC9, 0xDC2A, 0xE46C,
    0xE4AD, 0xECCD, 0xE4AC, 0xE4CD, 0xECAC, 0xECAD, 0xE44C, 0xE40A, 0xDBE9, 0xDBE9, 0xEC29, 0x8203,
    0x2081, 0x9225, 0xD369, 0xDBCA, 0xDC0B, 0xDBEA, 0xCB47, 0xC327, 0xC347, 0xCB67, 0xCB68, 0xC326,
    0x38E2, 0x0000, 0x0820, 0x0020, 0x0820, 0x0841, 0x0841, 0x0841, 0x1062, 0x1062, 0x0861, 0x1062,
    0x1062, 0x1062, 0x1082, 0x18A3, 0x1082, 0x1082, 0x18A3, 0x1062, 0x1082, 0x1882, 0x18A3, 0x3923,
    0xB369, 0xC40B, 0xCC2B, 0xD44B, 0xD46B, 0xD46B, 0xD46B, 0xD44B, 0xD44B, 0xD42B, 0xD42A, 0xD42A,
    0xD42A, 0xD409, 0xCBE9, 0xCBE9, 0xCC0A, 0xCBE9, 0xCBC9, 0xCBC8, 0xCBC8, 0xC3A8, 0xC3A8, 0xCBA8,
    0xCBA8, 0xCBC9, 0xCBE9, 0xCBE9, 0xD40A, 0xD40A, 0xD42A, 0xD42A, 0xD42A, 0xD44B, 0xD44B, 0xDC4B,
    0xDC4B, 0xDC6B, 0xDC6B, 0xDC6B, 0xD44B, 0xD44B, 0xD42B, 0xD42A, 0xD42A, 0xD42A, 0xD42A, 0xD40A,
    0xCBE9, 0xCBE9, 0xCBE9, 0xCBC9, 0xCBE9, 0xCBC9, 0xCBC9, 0xCBC9, 0xCBC9, 0xA2C5, 0x8A03, 0xA2C5,
    0xC3A9, 0xCBE9, 0xCBE9, 0xCBC9, 0xCBC9, 0xC3C9, 0xC3A8, 0xC3A9, 0xC3C9, 0x9AE8, 0x1862, 0x1061,
    0x0841, 0x0840, 0x0840, 0x1061, 0x1061, 0x0841, 0x0820, 0x0820, 0x0820, 0x0020, 0x0840, 0x0841,
    0x1040, 0x71E3, 0x9285, 0x9265, 0x9265, 0xAB28, 0xB368, 0xC3C9, 0xCBEA, 0xCC0A, 0xD42A, 0xD44B,
    0xDC8C, 0xDCAC, 0xDCAD, 0xDCCD, 0xE4CD, 0xE4CE, 0xE4EE, 0xE4EE, 0xE4ED, 0xE4CD, 0xDCCD, 0xDCAD,
    0xDCAD, 0xDC8C, 0xDC8C, 0xDC8B, 0xDC8B, 0xDC6A, 0xDC4A, 0xDC4A, 0xDC69, 0xECC9, 0xF56B, 0xF5CC,
    0xF5AA, 0xED29, 0xCB87, 0xCB67, 0xCB67, 0xCB87, 0xCBA7, 0xD3A7, 0xDC07, 0xE447, 0xECA8, 0xF4E9,
    0xFD6A, 0xFDAB, 0xFD6A, 0xFD48, 0xCBC6, 0x5985, 0x61C6, 0x61C6, 0x61C6, 0x61C6, 0x61A5, 0x61C5,
    0x69C5, 0x69C5, 0x69C5, 0x79E4, 0x8204, 0x7A04, 0x8204, 0x9264, 0xA284, 0xAAA4, 0xAAA4, 0x9A63,
    0x9263, 0x9263, 0x9A64, 0x9A64, 0x9243, 0x8223, 0x71E3, 0x61C3, 0x61A3, 0x61A4, 0x5963, 0x5963,
    0x5163, 0x5162, 0x5162, 0x5162, 0x5162, 0x5962, 0x5962, 0x5962, 0x5162, 0x5161, 0x5961, 0x5961,
    0x6161, 0x6981, 0x71A1, 0x71C1, 0x79E1, 0x79E1, 0x79E1, 0x71C1, 0x6181, 0x4921, 0x4102, 0x4922,
    0x4922, 0x5163, 0x5983, 0x4943, 0x3902, 0x28E2, 0x28A2, 0x28A2, 0x28A2, 0x28A2, 0x28C2, 0x3902,
    0x29CA, 0x29CA, 0x21A9, 0x1167, 0x08E5, 0x0884, 0x08C5, 0x0862, 0x1062, 0x0000, 0x0841, 0x0883,
    0x0083, 0x0884, 0x0863, 0x0062, 0x0062, 0x0062, 0x0062, 0x0862, 0x0062, 0x0862, 0x0862, 0x0862,
    0x0862, 0x0862, 0x0862, 0x0862, 0x0862, 0x0862, 0x0863, 0x0883, 0x0883, 0x0883, 0x08A3, 0x10C3,
    0x0882, 0x39A9, 0x9B90, 0xAB08, 0xC368, 0xD3CA, 0xDC2B, 0xDC4B, 0xE46B, 0xE46C, 0xE48C, 0xDC6C,
    0xDC8C, 0xDC6B, 0xDC2A, 0xDC2B, 0xDC2B, 0xDC2B, 0xDC2B, 0xDC4B, 0xDC4B, 0xDC2B, 0xDC0A, 0xD3CA,
    0xC308, 0x9A05, 0x58E2, 0x1000, 0x30A1, 0xB2A6, 0xDBA8, 0xDBCA, 0xE44B, 0xE48C, 0xE4AC, 0xECAC,
    0xECCD, 0xECAC, 0xE44B, 0xE40A, 0xDBEA, 0xD3C9, 0xDBE9, 0xE3E8, 0x5142, 0x5943, 0xD349, 0xDBCA,
    0xE3EB, 0xE40B, 0xDBC9, 0xDC09, 0xD3E9, 0xC327, 0xC327, 0xA285, 0x0000, 0x0820, 0x0820, 0x0820,
    0x0841, 0x0841, 0x0841, 0x0841, 0x0841, 0x0861, 0x1062, 0x1061, 0x1062, 0x1062, 0x1082, 0x18A3,
    0x1082, 0x18A3, 0x1082, 0x1062, 0x1082, 0x1882, 0x18C3, 0x3923, 0xBBAA, 0xCC0B, 0xCC2B, 0xD44B,
    0xD44B, 0xD46B, 0xD46B, 0xD44B, 0xD44B, 0xD44B, 0xD44A, 0xD42A, 0xD42A, 0xD40A, 0xD409, 0xD40A,
    0xD40A, 0xCBEA, 0xCBE9, 0xCBC9, 0xCBC8, 0xCBA8, 0xC3A8, 0xC388, 0xC388, 0xCBA8, 0xCBC9, 0xCBC9,
    0xD3E9, 0xD409, 0xD40A, 0xD42A, 0xD42A, 0xD44B, 0xD44B, 0xDC6B, 0xDC6B, 0xDC6B, 0xD44B, 0xD46B,
    0xD44B, 0xD44B, 0xD44B, 0xD42B, 0xD42A, 0xD42A, 0xD40A, 0xD40A, 0xD40A, 0xCBE9, 0xCBE9, 0xCBE9,
    0xCBC9, 0xCBA8, 0xCBC9, 0xC3A8, 0xCBC9, 0xC388, 0xAAE5, 0x9A64, 0xA2C5, 0xB327, 0xBB88, 0xC3C9,
    0xC3A9, 0xC3A8, 0xBB88, 0xBB88, 0xC3A9, 0x6A05, 0x0841, 0x1061, 0x1041, 0x0840, 0x1061, 0x1061,
    0x1061, 0x1041, 0x0820, 0x0841, 0x0820, 0x0820, 0x0840, 0x0841, 0x0820, 0x6183, 0x9265, 0x9265,
    0x8A44, 0x9AC7, 0xAB48, 0xBBA9, 0xC3C9, 0xCC0A, 0xCC2A, 0xD44B, 0xD46C, 0xDC8C, 0xDCAD, 0xDCAD,
    0xE4CD, 0xE4EE, 0xE4EE, 0xE4EE, 0xE4EE, 0xE4EE, 0xE4EE, 0xDCAD, 0xDCAD, 0xDCAC, 0xDCAC, 0xDC8C,
    0xDC8B, 0xDC6B, 0xDC4A, 0xDC2A, 0xD429, 0xE469, 0xECC9, 0xF54A, 0xF5AB, 0xF58B, 0xECE9, 0xCB87,
    0xCB67, 0xCB67, 0xCB87, 0xCBA6, 0xD3E7, 0xDC07, 0xE467, 0xF4A9, 0xF509, 0xFD6A, 0xFD8A, 0xF529,
    0xF4C7, 0x8246, 0x5186, 0x61C6, 0x61C6, 0x61C6, 0x61C6, 0x61C5, 0x61C5, 0x61C6, 0x61C5, 0x69C5,
    0x71E5, 0x71E4, 0x71E4, 0x7A04, 0x8225, 0x8A25, 0x8225, 0x8224, 0x8244, 0x8A44, 0x9245, 0x9245,
    0x8A44, 0x8224, 0x7A04, 0x79E4, 0x71C4, 0x71A4, 0x71A4, 0x71A4, 0x6984, 0x6984, 0x6983, 0x6183,
    0x6984, 0x69A4, 0x6984, 0x6983, 0x6983, 0x6983, 0x6983, 0x6983, 0x71A3, 0x71A3, 0x71A3, 0x71A3,
    0x79C3, 0x79E3, 0x81E3, 0x81E3, 0x81E3, 0x89E3, 0x8A04, 0x9224, 0x9A24, 0xA264, 0x9A44, 0x8A04,
    0x89E4, 0x81E3, 0x81E4, 0x8A04, 0x8A04, 0x89E4, 0x8A24, 0x9A64, 0x4209, 0x39E9, 0x29C9, 0x1968,
    0x0906, 0x08C5, 0x08C5, 0x1041, 0x0842, 0x0800, 0x0883, 0x0083, 0x0883, 0x08A4, 0x0883, 0x0863,
    0x0862, 0x0062, 0x0863, 0x0883, 0x0863, 0x0883, 0x0883, 0x0883, 0x0883, 0x0883, 0x0883, 0x0883,
    0x0883, 0x0883, 0x0883, 0x08A3, 0x08A3, 0x08A3, 0x10C4, 0x10C3, 0x2106, 0x9370, 0x9AEB, 0xA2E8,
    0xC369, 0xCBCA, 0xD42B, 0xDC4C, 0xDC4C, 0xDC6C, 0xDC6C, 0xDC6B, 0xDC6B, 0xD44B, 0xD42B, 0xDC4B,
    0xDC4B, 0xDC4B, 0xDC4B, 0xE46B, 0xE46B, 0xE46B, 0xE44B, 0xDC4B, 0xDC0A, 0xD3A9, 0xC308, 0x91E4,
    0x3881, 0x2040, 0x9A45, 0xDB88, 0xD3C9, 0xDC2A, 0xE44B, 0xE48B, 0xECAC, 0xE48B, 0xE46B, 0xE42A,
    0xDBEA, 0xD3C9, 0xD3A9, 0xDBE9, 0xCBA7, 0x4902, 0xB2A7, 0xE3CA, 0xE40B, 0xE42B, 0xE42B, 0xE409,
    0xE46B, 0xD3EA, 0xC306, 0x79E4, 0x0000, 0x0820, 0x0820, 0x0861, 0x0841, 0x0841, 0x0841, 0x0841,
    0x0841, 0x0841, 0x1062, 0x1062, 0x1062, 0x1082, 0x1082, 0x1082, 0x1082, 0x18A2, 0x1082, 0x1062,
    0x1882, 0x18A3, 0x18C3, 0x4123, 0xBBCA, 0xCC2B, 0xCC2B, 0xD44B, 0xD46B, 0xD46B, 0xD46B, 0xD46B,
    0xDC4B, 0xD44B, 0xD44B, 0xD42A, 0xD42A, 0xD42A, 0xD40A, 0xD40A, 0xD40A, 0xD3EA, 0xCBC9, 0xCBC9,
    0xCBC8, 0xCBA8, 0xC3A8, 0xC388, 0xC388, 0xC388, 0xCBA8, 0xCBC9, 0xCBE9, 0xD409, 0xD40A, 0xD42A,
    0xD42A, 0xD42A, 0xD42A, 0xDC4B, 0xDC4B, 0xDC6B, 0xDC6B, 0xD46B, 0xD46B, 0xD46B, 0xD44B, 0xD44B,
    0xD42A, 0xD42A, 0xD42A, 0xD40A, 0xCBE9, 0xCBE9, 0xCBE9, 0xCBC9, 0xCBC9, 0xCBC9, 0xCBC9, 0xCBC9,
    0xCBC9, 0xC3A8, 0xBB67, 0xBB47, 0xA2C5, 0xAAE6, 0xBB47, 0xBB68, 0xBB68, 0xBB67, 0xBB68, 0xBB88,
    0xBB89, 0x4144, 0x0841, 0x1061, 0x1041, 0x0841, 0x1061, 0x1061, 0x1061, 0x1061, 0x0840, 0x0841,
    0x0820, 0x0020, 0x0820, 0x0841, 0x0820, 0x5142, 0x8A44, 0x9265, 0x8A44, 0x9265, 0xAB28, 0xB368,
    0xC3C9, 0xCBEA, 0xCC2A, 0xD44B, 0xD46B, 0xDC6C, 0xDCAC, 0xDCAD, 0xE4CD, 0xE4EE, 0xE4EE, 0xE4EE,
    0xE4EE, 0xE4EE, 0xE4EE, 0xE4CD, 0xDCAD, 0xE4AD, 0xE4AC, 0xE4AC, 0xDC8B, 0xDC6B, 0xDC4A, 0xDC4A,
    0xDC2A, 0xDC29, 0xE469, 0xECC9, 0xF54A, 0xF5AB, 0xF56A, 0xECE9, 0xCB87, 0xCB47, 0xCB87, 0xCBA6,
    0xD3C6, 0xDC07, 0xE427, 0xEC68, 0xF4C9, 0xFD4A, 0xFD8A, 0xF569, 0xFD28, 0xD3E7, 0x5186, 0x5186,
    0x4966, 0x4966, 0x4965, 0x4965, 0x4965, 0x4965, 0x4945, 0x4945, 0x4144, 0x4144, 0x4144, 0x4124,
    0x4124, 0x4124, 0x4124, 0x4124, 0x4144, 0x4144, 0x4144, 0x4924, 0x4124, 0x4124, 0x4143, 0x4143,
    0x4123, 0x4124, 0x4124, 0x4924, 0x4923, 0x4123, 0x4123, 0x4123, 0x4123, 0x4923, 0x4923, 0x4923,
    0x4123, 0x4123, 0x4123, 0x4923, 0x4923, 0x4923, 0x4922, 0x4923, 0x5143, 0x5143, 0x5163, 0x5963,
    0x5963, 0x5943, 0x6163, 0x6163, 0x6183, 0x6983, 0x6983, 0x6983, 0x71A3, 0x71A3, 0x71A4, 0x79C4,
    0x81E4, 0x81E4, 0x8204, 0x9244, 0x5207, 0x4A08, 0x39E9, 0x1988, 0x0905, 0x0907, 0x0863, 0x1082,
    0x0000, 0x0841, 0x08A4, 0x0083, 0x0083, 0x0883, 0x0863, 0x0863, 0x0842, 0x0862, 0x08A3, 0x08A4,
    0x08A3, 0x08A3, 0x08A4, 0x0883, 0x0883, 0x08A3, 0x10C3, 0x10C3, 0x10A3, 0x10C3, 0x10C4, 0x10C4,
    0x10C3, 0x10E4, 0x18E4, 0x10C4, 0x72EE, 0xA34D, 0x9AE8, 0xA308, 0xCBCA, 0xD40A, 0xD42B, 0xDC6C,
    0xDC6C, 0xD44C, 0xD44C, 0xD46C, 0xD44B, 0xD44B, 0xD44B, 0xDC4B, 0xDC6C, 0xDC6C, 0xE48C, 0xE48C,
    0xE48C, 0xE48C, 0xE48C, 0xE46C, 0xDC4C, 0xDC0B, 0xD3EA, 0xD389, 0xC2E7, 0x79A4, 0x3881, 0x9204,
    0xD368, 0xD3A9, 0xDC0A, 0xE44A, 0xE46B, 0xE48C, 0xE44B, 0xDC0A, 0xDBEA, 0xD3A9, 0xD347, 0xCB47,
    0xEC29, 0xAAE6, 0x7143, 0xDB69, 0xE3CA, 0xE3EA, 0xEC6C, 0xEC8C, 0xE42A, 0xE46B, 0xCB67, 0x48E2,
    0x0000, 0x0820, 0x0820, 0x0840, 0x0841, 0x1061, 0x1062, 0x1062, 0x1062, 0x1062, 0x1062, 0x1062,
    0x1082, 0x1082, 0x1082, 0x1082, 0x18A3, 0x18A3, 0x1882, 0x1062, 0x1082, 0x20C3, 0x18A3, 0x3903,
    0xBBCA, 0xCC2B, 0xCC4B, 0xD46C, 0xD46C, 0xD46B, 0xD48B, 0xDC6B, 0xD44B, 0xDC4B, 0xD44B, 0xD44A,
    0xD42A, 0xD42A, 0xD40A, 0xD40A, 0xD40A, 0xD3EA, 0xCBC9, 0xCBC9, 0xCBC9, 0xCBC8, 0xC3A8, 0xC388,
    0xC387, 0xC388, 0xC388, 0xCBA8, 0xCBE9, 0xD409, 0xD409, 0xD42A, 0xD42A, 0xD44A, 0xD42A, 0xD44B,
    0xDC4B, 0xDC6B, 0xDC6B, 0xD46B, 0xDC6B, 0xD44B, 0xD44B, 0xD44B, 0xD40A, 0xD40A, 0xCC0A, 0xCC09,
    0xCBE9, 0xCBE9, 0xCBC9, 0xC3C9, 0xCBC9, 0xCBE9, 0xCBE9, 0xCBC9, 0xCBC9, 0xCBC9, 0xC3A8, 0xCBC9,
    0xC3A8, 0xBB68, 0xBB68, 0xBB68, 0xBB47, 0xBB68, 0xBB88, 0xBB88, 0xA328, 0x20C2, 0x1061, 0x1061,
    0x0841, 0x0841, 0x1061, 0x1061, 0x1061, 0x1061, 0x1041, 0x0841, 0x0820, 0x0820, 0x0820, 0x0840,
    0x0820, 0x4922, 0x8A44, 0x8A44, 0x8A24, 0x8A24, 0x9AC7, 0xB348, 0xBB89, 0xC3EA, 0xCC0A, 0xCC2B,
    0xD44B, 0xD46C, 0xDC8C, 0xDCAD, 0xE4CD, 0xE4EE, 0xE4CE, 0xE4EE, 0xE4EE, 0xE50E, 0xE50F, 0xE4CE,
    0xE4CD, 0xE4AC, 0xE4CD, 0xDCAC, 0xDC8B, 0xDC8B, 0xDC6B, 0xDC6B, 0xDC2A, 0xDC29, 0xDC29, 0xE469,
    0xECC9, 0xF56A, 0xF58B, 0xF54A, 0xECEA, 0xCB87, 0xCB87, 0xCBA7, 0xCBA6, 0xD3C7, 0xDC07, 0xE448,
    0xEC88, 0xF4E9, 0xFD6A, 0xFD8A, 0xF528, 0xFCE7, 0x9AC6, 0x5166, 0x5186, 0x4966, 0x4965, 0x4985,
    0x4965, 0x4965, 0x4965, 0x4945, 0x4144, 0x4144, 0x4144, 0x4124, 0x4124, 0x4124, 0x4124, 0x4123,
    0x4123, 0x4123, 0x4124, 0x4124, 0x4124, 0x3923, 0x3923, 0x3923, 0x3903, 0x3903, 0x3903, 0x3903,
    0x3903, 0x3903, 0x3903, 0x30E2, 0x30E3, 0x30E3, 0x30E2, 0x30E2, 0x30E2, 0x30E2, 0x30E2, 0x30E2,
    0x30E2, 0x30C2, 0x28C2, 0x28C2, 0x28C2, 0x28C2, 0x28E2, 0x28E2, 0x30E2, 0x30C2, 0x30C2, 0x30C2,
    0x30C2, 0x30E2, 0x30E2, 0x30E2, 0x30E2, 0x30E2, 0x38E2, 0x38E2, 0x38E2, 0x38E2, 0x38E2, 0x30E2,
    0x5207, 0x5207, 0x39C8, 0x1968, 0x0927, 0x08E6, 0x0841, 0x1062, 0x0000, 0x1082, 0x00A4, 0x0083,
    0x0083, 0x0083, 0x0863, 0x0863, 0x0842, 0x0862, 0x08C4, 0x10E4, 0x08C4, 0x08C4, 0x08C4, 0x08A3,
    0x10A3, 0x10C3, 0x10C4, 0x10E4, 0x10E4, 0x18E4, 0x18C4, 0x18C4, 0x18E4, 0x2104, 0x10C3, 0x62AC,
    0xA3AF, 0x9AE9, 0xAB28, 0xAB4A, 0xD44C, 0xDC6C, 0xDC6C, 0xDC8D, 0xDC8D, 0xDC6C, 0xD44B, 0xD44B,
    0xD46B, 0xD46C, 0xD46C, 0xDC4C, 0xDC6C, 0xDC8C, 0xE48D, 0xE48C, 0xE4AD, 0xE4AD, 0xE4AD, 0xE48C,
    0xE46C, 0xDC2B, 0xDC2A, 0xDC0A, 0xD3E9, 0xDBA9, 0xC307, 0x7963, 0x91E4, 0xCB48, 0xD3A8, 0xDC09,
    0xE44A, 0xE44B, 0xDC0A, 0xDC0A, 0xDBA9, 0xCB27, 0xCB48, 0xCB28, 0xD348, 0xEC2A, 0x81E4, 0xAA26,
    0xE389, 0xE3A9, 0xE40A, 0xECAD, 0xE48C, 0xE42A, 0xD3E9, 0x2061, 0x0000, 0x0841, 0x0841, 0x0841,
    0x0840, 0x0861, 0x1062, 0x1062, 0x1062, 0x1062, 0x1082, 0x1062, 0x1082, 0x1082, 0x1082, 0x1082,
    0x18A3, 0x18A3, 0x1082, 0x1062, 0x1882, 0x20A3, 0x1082, 0x30E2, 0xBBAA, 0xCC4C, 0xD44C, 0xD46C,
    0xD46C, 0xD48C, 0xDC8C, 0xDC6C, 0xDC4C, 0xDC4C, 0xD44B, 0xD44A, 0xD44A, 0xD44A, 0xD40A, 0xD3EA,
    0xD3EA, 0xD3EA, 0xCBC9, 0xCBC9, 0xCBC8, 0xCBC8, 0xC3A8, 0xC388, 0xC388, 0xC367, 0xC388, 0xC3A8,
    0xCBC8, 0xD409, 0xD409, 0xD40A, 0xD44A, 0xD44A, 0xD44B, 0xD44B, 0xDC4B, 0xDC4B, 0xD44B, 0xD44A,
    0xD44B, 0xD44B, 0xD44B, 0xD42A, 0xCC09, 0xCC09, 0xCC09, 0xCBE9, 0xCBE9, 0xCBC9, 0xCBC9, 0xCBE9,
    0xCBC9, 0xCBC9, 0xCBE9, 0xCBC9, 0xCBC9, 0xCBE9, 0xCBC9, 0xC3A8, 0xCBE9, 0xC3A9, 0xBB68, 0xBB68,
    0xBB68, 0xBB68, 0xBB68, 0xBB88, 0x7A46, 0x1061, 0x1881, 0x1061, 0x0841, 0x0841, 0x1061, 0x1061,
    0x1061, 0x1061, 0x1041, 0x1041, 0x0820, 0x0820, 0x0820, 0x0840, 0x0020, 0x38C1, 0x8A24, 0x8A24,
    0x8A24, 0x8A04, 0x9285, 0xAB07, 0xB368, 0xC3A9, 0xCC0A, 0xCC0B, 0xCC2B, 0xD44B, 0xDC6C, 0xDC8C,
    0xDCAD, 0xE4CE, 0xE4EE, 0xE4EE, 0xE4EE, 0xE4EE, 0xE4EE, 0xE4CE, 0xE4AD, 0xDCAC, 0xE4AC, 0xE4AC,
    0xDCAC, 0xDC8C, 0xDC8B, 0xDC6B, 0xDC4A, 0xDC4A, 0xDC29, 0xDC29, 0xE469, 0xECE9, 0xF54A, 0xF56B,
    0xF54A, 0xECEA, 0xCB87, 0xCB87, 0xD3A6, 0xD3A7, 0xDBE7, 0xE428, 0xEC68, 0xF4A9, 0xF509, 0xFD69,
    0xFD49, 0xFD28, 0xE447, 0x61A5, 0x5166, 0x5186, 0x4985, 0x4985, 0x4965, 0x4965, 0x4945, 0x4945,
    0x4944, 0x4144, 0x4144, 0x4124, 0x4124, 0x4124, 0x4124, 0x4124, 0x4123, 0x4123, 0x4124, 0x4124,
    0x4124, 0x4124, 0x4123, 0x4123, 0x4123, 0x4123, 0x4123, 0x4123, 0x4123, 0x3923, 0x3903, 0x3903,
    0x3903, 0x3903, 0x3903, 0x3903, 0x3903, 0x3903, 0x3903, 0x38E3, 0x38E3, 0x30E2, 0x30E2, 0x30E2,
    0x30E2, 0x30E2, 0x3902, 0x3902, 0x3902, 0x38E2, 0x38E2, 0x38E2, 0x38E2, 0x30E2, 0x30E2, 0x30E2,
    0x30E2, 0x38E2, 0x38E2, 0x3902, 0x3902, 0x4102, 0x4102, 0x3902, 0x5A27, 0x5A27, 0x39C8, 0x1967,
    0x1148, 0x0883, 0x1062, 0x0821, 0x0820, 0x08A4, 0x08A4, 0x08A4, 0x0083, 0x0883, 0x0863, 0x0863,
    0x0842, 0x0883, 0x10E5, 0x1925, 0x1105, 0x10E4, 0x10C4, 0x10C4, 0x10C3, 0x18E4, 0x1904, 0x1904,
    0x18E4, 0x10C4, 0x18C4, 0x18E4, 0x2104, 0x18C3, 0x41C8, 0xA3F1, 0x9B2B, 0xAB28, 0xB349, 0xBBED,
    0xDC8D, 0xDC8D, 0xDC8D, 0xE4CE, 0xE4AE, 0xE4AE, 0xDC6C, 0xD42A, 0xD44B, 0xD44B, 0xD44C, 0xDC4C,
    0xDC8C, 0xE4AD, 0xE4AD, 0xE4AD, 0xE4AD, 0xE4CD, 0xECAD, 0xE48D, 0xE48C, 0xE46C, 0xDC2B, 0xDC2A,
    0xE44B, 0xDC2B, 0xE42A, 0xDBC9, 0x9A04, 0xAA24, 0xD368, 0xD388, 0xDC0A, 0xDBEA, 0xDBEA, 0xDBEA,
    0xD368, 0xDBEB, 0xE48D, 0xDC2B, 0xD3A9, 0xDBC9, 0xCB88, 0x7143, 0xCAC7, 0xDB68, 0xDBA9, 0xDBE9,
    0xE42A, 0xE3E9, 0xE3E9, 0x4102, 0x0000, 0x1041, 0x1061, 0x1061, 0x1061, 0x1061, 0x1062, 0x1062,
    0x1062, 0x1062, 0x1082, 0x1082, 0x1082, 0x18A3, 0x18A3, 0x18A3, 0x18A3, 0x18C3, 0x1082, 0x1082,
    0x18A2, 0x1082, 0x1082, 0x28C2, 0xB3CA, 0xCC6D, 0xCC4C, 0xD46C, 0xD46C, 0xD48C, 0xD48C, 0xDC6C,
    0xDC6C, 0xDC6C, 0xDC6B, 0xDC6B, 0xD44A, 0xD44A, 0xD42A, 0xD40A, 0xD3EA, 0xCBC9, 0xCBE9, 0xCBE9,
    0xCBC8, 0xCBC8, 0xC3A8, 0xC388, 0xC367, 0xC367, 0xC367, 0xC388, 0xC3A8, 0xCBE9, 0xCC09, 0xD40A,
    0xD44B, 0xD42A, 0xDC4B, 0xDC4B, 0xD44B, 0xDC6B, 0xD46B, 0xDC6B, 0xD44B, 0xD42A, 0xD42A, 0xD40A,
    0xCC09, 0xCBE9, 0xCBE9, 0xCBC9, 0xCBC9, 0xCBC9, 0xCBC9, 0xCBC9, 0xCBC9, 0xCBC9, 0xCBE9, 0xCBE9,
    0xCBE9, 0xCBE9, 0xCBC9, 0xCBC8, 0xCBC9, 0xCBE9, 0xCBC9, 0xC388, 0xC388, 0xBB68, 0xAB27, 0xAB27,
    0x5184, 0x1041, 0x1061, 0x1061, 0x0820, 0x0841, 0x1061, 0x1061, 0x1061, 0x1061, 0x1041, 0x1041,
    0x0841, 0x0820, 0x0820, 0x0840, 0x0820, 0x2081, 0x8224, 0x8A24, 0x8A04, 0x8204, 0x8A24, 0xA2E7,
    0xAB27, 0xBB89, 0xC3CA, 0xCBEA, 0xCC0B, 0xD44B, 0xD46B, 0xDC8C, 0xDCAD, 0xE4CE, 0xE4CE, 0xE4EE,
    0xDCCD, 0xE4EE, 0xE4EE, 0xE4CE, 0xE4AD, 0xDC8C, 0xE4AC, 0xDCAC, 0xDCAC, 0xDC8C, 0xDC8B, 0xDC6B,
    0xDC6B, 0xDC4A, 0xDC4A, 0xDC29, 0xDC29, 0xE469, 0xECC9, 0xF54A, 0xF54A, 0xF52A, 0xECE9, 0xD3C7,
    0xCB86, 0xD3C7, 0xD3C7, 0xDC08, 0xE448, 0xECA8, 0xF4E8, 0xFD49, 0xFD8A, 0xF508, 0xFD08, 0xA306,
    0x4945, 0x5186, 0x5186, 0x5186, 0x4965, 0x4965, 0x4965, 0x4945, 0x4945, 0x4944, 0x4144, 0x4144,
    0x4144, 0x4144, 0x4144, 0x4144, 0x4124, 0x4124, 0x4124, 0x4124, 0x4124, 0x4123, 0x4123, 0x4123,
    0x4123, 0x4103, 0x4123, 0x4123, 0x3923, 0x3923, 0x3903, 0x3903, 0x3903, 0x4103, 0x4103, 0x4103,
    0x4103, 0x3903, 0x3903, 0x4103, 0x3903, 0x38E3, 0x38E2, 0x38E2, 0x3902, 0x3902, 0x3902, 0x4102,
    0x4102, 0x3902, 0x38E2, 0x38E2, 0x38E2, 0x38E2, 0x38E2, 0x3902, 0x3902, 0x4102, 0x4102, 0x4102,
    0x4102, 0x4102, 0x4102, 0x4122, 0x5A27, 0x5A27, 0x41C8, 0x1968, 0x1126, 0x0841, 0x1062, 0x0000,
    0x1062, 0x08C5, 0x08A4, 0x08A4, 0x0883, 0x0883, 0x0863, 0x0863, 0x0842, 0x0883, 0x1105, 0x1926,
    0x1925, 0x1905, 0x18E4, 0x18C4, 0x18E4, 0x1904, 0x2145, 0x2145, 0x2125, 0x18E4, 0x18E4, 0x2105,
    0x2104, 0x2946, 0x93D1, 0xA36D, 0xAB29, 0xB349, 0xBB8C, 0xCC2C, 0xDC6B, 0xDC8C, 0xDC8D, 0xE4CE,
    0xE4CF, 0xE4CE, 0xE4CE, 0xD42B, 0xCBEA, 0xD42B, 0xD42B, 0xD44C, 0xDC6D, 0xE48D, 0xE4AD, 0xE4CD,
    0xE4AD, 0xE4AD, 0xE4AC, 0xE48C, 0xE48D, 0xE44C, 0xDC2A, 0xE46B, 0xE4AD, 0xE4AD, 0xE46C, 0xE42A,
    0xD389, 0xA204, 0xB265, 0xCB27, 0xCB68, 0xD3A9, 0xDBCA, 0xDBA9, 0xD369, 0xED51, 0xED10, 0xE44C,
    0xDC2B, 0xDBEA, 0xEC2A, 0x79C4, 0x8164, 0xCB07, 0xD347, 0xD367, 0xD367, 0xD347, 0xDB67, 0x6183,
    0x0000, 0x1061, 0x1061, 0x1061, 0x1061, 0x1062, 0x1062, 0x1062, 0x1062, 0x1062, 0x1082, 0x1082,
    0x1082, 0x18A3, 0x20C3, 0x18A3, 0x18C3, 0x18A2, 0x1082, 0x20C3, 0x1082, 0x1062, 0x1082, 0x20A2,
    0xAB8A, 0xCC6C, 0xCC4C, 0xD46C, 0xD46C, 0xD48C, 0xD48C, 0xDC8C, 0xDC8C, 0xDC6C, 0xDC6C, 0xDC6B,
    0xD46B, 0xD46B, 0xD44A, 0xD42A, 0xD40A, 0xD3EA, 0xCBC9, 0xCBE9, 0xCBE9, 0xCBC8, 0xC3A8, 0xC388,
    0xC368, 0xC367, 0xC367, 0xC367, 0xC387, 0xCBC8, 0xCBE9, 0xCC09, 0xD42A, 0xD42B, 0xD42A, 0xD44B,
    0xD44B, 0xD46B, 0xD44B, 0xD44B, 0xD42A, 0xD40A, 0xCC0A, 0xCBE9, 0xCBE9, 0xCBE9, 0xCBE9, 0xCBC9,
    0xCBA8, 0xCBC9, 0xCBC9, 0xCBC8, 0xCBC9, 0xCBC9, 0xCBE9, 0xCBC9, 0xCBE9, 0xCBE9, 0xCBE9, 0xCBE9,
    0xCBE9, 0xCBE9, 0xCBE9, 0xCBE9, 0xCBC9, 0xC3A9, 0xB388, 0xA307, 0x28C2, 0x1061, 0x1061, 0x1061,
    0x0840, 0x0841, 0x1061, 0x1061, 0x1061, 0x1061, 0x0841, 0x1061, 0x0841, 0x0820, 0x0820, 0x0820,
    0x0840, 0x1040, 0x79E3, 0x8A44, 0x8203, 0x81E3, 0x79E3, 0x9AA6, 0xAB07, 0xB368, 0xC3A9, 0xC3EA,
    0xCC0B, 0xD42B, 0xD44B, 0xD46C, 0xDCAD, 0xE4CD, 0xE4CE, 0xE4EE, 0xE4EE, 0xE4EE, 0xE4EE, 0xE4CE,
    0xE4AD, 0xDCAD, 0xDCAC, 0xDCAC, 0xDCAC, 0xDCAC, 0xDC8C, 0xDC8C, 0xDC6B, 0xDC6B, 0xDC4A, 0xDC29,
    0xD429, 0xDC29, 0xE489, 0xF4EA, 0xF54A, 0xF54A, 0xF529, 0xECE9, 0xD3E7, 0xD3A7, 0xD3C7, 0xDBE7,
    0xDC08, 0xEC68, 0xF4C8, 0xF509, 0xFD49, 0xFD29, 0xF508, 0xEC87, 0x69C5, 0x4945, 0x5165, 0x4965,
    0x4965, 0x4965, 0x4945, 0x4945, 0x4944, 0x4964, 0x4144, 0x4945, 0x4945, 0x4944, 0x4944, 0x4944,
    0x4944, 0x4144, 0x4124, 0x4124, 0x4124, 0x4124, 0x4123, 0x4123, 0x4123, 0x4123, 0x4123, 0x4123,
    0x3923, 0x3903, 0x3903, 0x3903, 0x4103, 0x4103, 0x4103, 0x4123, 0x4123, 0x4123, 0x4123, 0x4123,
    0x4123, 0x4103, 0x4103, 0x4103, 0x4102, 0x4102, 0x4102, 0x4122, 0x4122, 0x4102, 0x4102, 0x4102,
    0x4102, 0x4102, 0x4122, 0x4122, 0x4122, 0x4122, 0x4122, 0x4123, 0x4122, 0x4122, 0x4122, 0x4922,
    0x5207, 0x51E7, 0x39A7, 0x1988, 0x08A4, 0x1061, 0x0841, 0x0800, 0x10A4, 0x08C5, 0x08A4, 0x08A4,
    0x08A4, 0x0863, 0x0863, 0x0863, 0x0862, 0x0883, 0x1905, 0x2146, 0x1946, 0x1925, 0x1905, 0x18E4,
    0x18E4, 0x1925, 0x2166, 0x2187, 0x2146, 0x18E4, 0x18E4, 0x2946, 0x1904, 0x732E, 0xA3F0, 0xA329,
    0xB349, 0xBBCC, 0xD42C, 0xDC4B, 0xDC6B, 0xDC6B, 0xDC6C, 0xDCAD, 0xE4CE, 0xE4EE, 0xE50F, 0xE4CE,
    0xCBA9, 0xC388, 0xD40A, 0xD42B, 0xDC4C, 0xDC8D, 0xE4AD, 0xE4CD, 0xE4CD, 0xE4CD, 0xE4AD, 0xE4AD,
    0xE46C, 0xE42B, 0xE44C, 0xE4AD, 0xE4AD, 0xED0E, 0xECCD, 0xDC0A, 0xD3A9, 0xBAE7, 0x8983, 0xB285,
    0xCB27, 0xCB48, 0xDBAA, 0xD369, 0xD38A, 0xE48E, 0xE4AE, 0xE4AE, 0xE44C, 0xDC2B, 0xF4CC, 0x9AE7,
    0x2041, 0x9A04, 0xC2C6, 0xC2E6, 0xCAE6, 0xBA85, 0xCAE6, 0x5122, 0x0001, 0x1061, 0x1061, 0x1061,
    0x1082, 0x1062, 0x1062, 0x1062, 0x1082, 0x1082, 0x1082, 0x1082, 0x18A3, 0x18C3, 0x18A3, 0x18C3,
    0x18A3, 0x18A2, 0x18A3, 0x18C3, 0x1082, 0x1082, 0x1882, 0x1082, 0x9309, 0xCC6D, 0xCC4C, 0xD48D,
    0xD48D, 0xDC8C, 0xDCAC, 0xDCAD, 0xDC8D, 0xDC8D, 0xDC8C, 0xDC6C, 0xDC6B, 0xDC6B, 0xD44B, 0xD42A,
    0xD40A, 0xD40A, 0xD3EA, 0xCBE9, 0xCBC8, 0xCBC8, 0xCBC8, 0xC3A8, 0xC388, 0xC368, 0xC347, 0xBB67,
    0xC387, 0xC3A7, 0xCBC8, 0xCBE9, 0xD40A, 0xD42A, 0xDC4B, 0xD44B, 0xD44B, 0xD46B, 0xD46B, 0xD42A,
    0xD40A, 0xCBE9, 0xCBE9, 0xCBE9, 0xCBC9, 0xCBC8, 0xCBC8, 0xCBC8, 0xCBC9, 0xCBC9, 0xCBC9, 0xCBC9,
    0xCBC8, 0xCBC9, 0xCBE9, 0xCBC9, 0xCBC9, 0xCBE9, 0xCBE9, 0xCBE9, 0xCBE9, 0xCBE9, 0xCBC9, 0xCBE9,
    0xCBE9, 0xBBC9, 0xBBA9, 0x8266, 0x1041, 0x1881, 0x1061, 0x0841, 0x0840, 0x1041, 0x1041, 0x1061,
    0x1061, 0x1061, 0x1041, 0x1061, 0x0841, 0x0820, 0x0820, 0x0840, 0x0840, 0x0820, 0x6183, 0x9244,
    0x81E3, 0x79E3, 0x71A3, 0x8225, 0xA307, 0xB348, 0xBBA9, 0xC3CA, 0xCC0B, 0xCC2B, 0xD44B, 0xD46C,
    0xDCAD, 0xDCAD, 0xE4CE, 0xE4CE, 0xE4EE, 0xE4EE, 0xE4EE, 0xE4CE, 0xE4CE, 0xE4AD, 0xDCAD, 0xDCAC,
    0xDCAC, 0xDCAC, 0xDC8C, 0xDC8C, 0xDC8C, 0xDC6B, 0xDC4A, 0xDC49, 0xDC29, 0xD429, 0xDC49, 0xE489,
    0xF4E9, 0xF56A, 0xF54A, 0xF529, 0xF509, 0xD408, 0xD3A7, 0xD3E7, 0xDBE7, 0xE427, 0xEC88, 0xF4E8,
    0xF529, 0xFD49, 0xF508, 0xFCE8, 0xB346, 0x28A2, 0x3903, 0x30E2, 0x30E3, 0x30E3, 0x30E3, 0x30E3,
    0x30E3, 0x30E3, 0x3103, 0x3903, 0x3903, 0x3903, 0x3903, 0x3923, 0x3923, 0x4123, 0x4103, 0x4103,
    0x4103, 0x4123, 0x3923, 0x4123, 0x3903, 0x4103, 0x4103, 0x4103, 0x4123, 0x4143, 0x4943, 0x4923,
    0x4923, 0x4923, 0x4123, 0x4923, 0x4123, 0x4123, 0x4123, 0x4103, 0x4103, 0x4103, 0x4103, 0x4102,
    0x4102, 0x4102, 0x4102, 0x4102, 0x4102, 0x4102, 0x4102, 0x4102, 0x4102, 0x4102, 0x4102, 0x4102,
    0x4102, 0x4102, 0x4102, 0x4103, 0x4102, 0x4102, 0x4122, 0x4922, 0x4187, 0x3987, 0x3167, 0x1947,
    0x0861, 0x1082, 0x0000, 0x1062, 0x10C5, 0x08A4, 0x08A4, 0x08A4, 0x0883, 0x0883, 0x0862, 0x0863,
    0x0862, 0x0883, 0x1905, 0x2146, 0x1946, 0x1926, 0x1926, 0x1905, 0x1904, 0x1946, 0x2167, 0x2987,
    0x2146, 0x18E4, 0x2105, 0x2104, 0x524B, 0xA3F1, 0xA32A, 0xAB28, 0xBBAC, 0xD44E, 0xE4AD, 0xE4CD,
    0xE4AC, 0xE46B, 0xE46B, 0xDC6C, 0xDC8D, 0xE4AD, 0xE4CD, 0xE4EE, 0xE48C, 0xBB07, 0xBAE7, 0xD3EA,
    0xD42B, 0xD44C, 0xDC6C, 0xDC8C, 0xE4AD, 0xE4CD, 0xE4CE, 0xE4AD, 0xE44C, 0xE44C, 0xECAD, 0xECAE,
    0xECCD, 0xECCD, 0xE44B, 0xDBC9, 0xCB68, 0xC328, 0xA245, 0x6922, 0xAA85, 0xD327, 0xD369, 0xD389,
    0xD349, 0xDBEB, 0xE44D, 0xE4AE, 0xE4AD, 0xE42C, 0xECCD, 0xDCCC, 0x2061, 0x38A1, 0x91E3, 0xAA44,
    0xAA44, 0xAA24, 0x9A24, 0x1861, 0x0841, 0x1061, 0x1061, 0x1062, 0x1082, 0x1062, 0x1062, 0x1062,
    0x1082, 0x1082, 0x1082, 0x1882, 0x1882, 0x18A3, 0x18A3, 0x18C3, 0x1082, 0x18C3, 0x18A3, 0x1082,
    0x1062, 0x1062, 0x18A2, 0x1082, 0x7267, 0xCC6C, 0xCC6C, 0xD48D, 0xDC8D, 0xDC8C, 0xDCAC, 0xDCAD,
    0xDCAD, 0xDCAD, 0xDCAD, 0xDC8C, 0xDC6B, 0xDC6B, 0xDC6B, 0xDC6B, 0xD42B, 0xD40A, 0xD40A, 0xCBE9,
    0xCBE9, 0xCBE9, 0xCBC8, 0xC3A8, 0xC388, 0xC368, 0xC347, 0xBB67, 0xBB47, 0xC387, 0xC3A8, 0xCBE9,
    0xD40A, 0xD40A, 0xD44A, 0xD44B, 0xD44B, 0xD44B, 0xD44A, 0xD42A, 0xD409, 0xCBE9, 0xCBC9, 0xCBC9,
    0xCBC9, 0xCBC8, 0xCBC8, 0xCBC8, 0xCBA8, 0xCBA8, 0xCBA8, 0xCBC8, 0xCBC8, 0xCBE9, 0xCBE9, 0xCBE9,
    0xCBE9, 0xCBE9, 0xCBE9, 0xCBE9, 0xCBE9, 0xCBE9, 0xC3C9, 0xC3A9, 0xC3A9, 0xBBA9, 0xBB89, 0x4964,
    0x0841, 0x1061, 0x1061, 0x0841, 0x0841, 0x0841, 0x1061, 0x1061, 0x1061, 0x1061, 0x1041, 0x1061,
    0x1041, 0x0820, 0x0820, 0x0840, 0x0840, 0x0820, 0x4922, 0x8A44, 0x8204, 0x79C3, 0x6982, 0x71C3,
    0x9AC7, 0xAB28, 0xBB89, 0xBBA9, 0xCBEA, 0xCC2B, 0xD44B, 0xD46B, 0xDC8C, 0xDCAD, 0xE4AD, 0xE4CE,
    0xE4EE, 0xE50E, 0xE4EE, 0xE4EE, 0xE4EE, 0xE4CE, 0xE4CD, 0xDCAC, 0xDC8C, 0xDCAC, 0xDC8C, 0xDC8C,
    0xDC8C, 0xDC6B, 0xDC6B, 0xDC6A, 0xDC4A, 0xDC2A, 0xDC29, 0xDC49, 0xE489, 0xECE9, 0xF52A, 0xF54A,
    0xF529, 0xF529, 0xDC28, 0xD3A7, 0xDBE7, 0xDC07, 0xE447, 0xECA8, 0xF4E8, 0xF529, 0xF529, 0xF4C8,
    0xF4A7, 0x5983, 0x1061, 0x1881, 0x1881, 0x1881, 0x1861, 0x1861, 0x1061, 0x1061, 0x1061, 0x1881,
    0x1881, 0x1861, 0x1861, 0x1881, 0x1881, 0x20A2, 0x20A2, 0x20A2, 0x20A2, 0x28A2, 0x20A2, 0x20A2,
    0x20A2, 0x28A2, 0x28A2, 0x28C2, 0x2081, 0x2881, 0x2881, 0x30C1, 0x38E2, 0x4103, 0x4123, 0x4943,
    0x4963, 0x4963, 0x4963, 0x4963, 0x5184, 0x5184, 0x5184, 0x4984, 0x4963, 0x4963, 0x4963, 0x5183,
    0x4963, 0x4963, 0x4943, 0x4943, 0x4943, 0x4942, 0x4942, 0x4942, 0x4942, 0x4922, 0x4902, 0x4102,
    0x4122, 0x4102, 0x4102, 0x4101, 0x2925, 0x2105, 0x2126, 0x08A4, 0x1061, 0x0861, 0x0800, 0x10A4,
    0x10E6, 0x08A4, 0x08A4, 0x08A4, 0x0883, 0x0863, 0x0862, 0x0863, 0x0862, 0x0883, 0x1105, 0x1946,
    0x1926, 0x1926, 0x2126, 0x2125, 0x1905, 0x1946, 0x2187, 0x2987, 0x2946, 0x18E5, 0x18E4, 0x2967,
    0x93B1, 0xA36C, 0xA308, 0xAB28, 0xC3AC, 0xDC4C, 0xE4CE, 0xED2F, 0xED2F, 0xECEE, 0xECCD, 0xE4AC,
    0xE48C, 0xDC6C, 0xE48C, 0xE48C, 0xE4AC, 0xDC4B, 0xAAA6, 0xA245, 0xCB89, 0xD40A, 0xD42B, 0xD42B,
    0xDC6B, 0xE48C, 0xE48D, 0xE48D, 0xE44C, 0xE46C, 0xECAD, 0xECEE, 0xED0F, 0xE46B, 0xDBEA, 0xCB68,
    0xC328, 0xC348, 0xBB28, 0x81C3, 0x50C1, 0x9A25, 0xDB48, 0xD3AA, 0xD389, 0xD369, 0xDC0B, 0xDC4C,
    0xE4AE, 0xE4AE, 0xE44C, 0xDC2A, 0x38E1, 0x1040, 0x5101, 0x81A3, 0x81A2, 0x7182, 0x2081, 0x0020,
    0x1061, 0x0861, 0x1061, 0x1062, 0x1082, 0x1062, 0x1062, 0x1082, 0x1082, 0x1082, 0x1882, 0x1882,
    0x1082, 0x1082, 0x18A3, 0x18A3, 0x18A3, 0x18A3, 0x18A3, 0x1082, 0x0862, 0x1082, 0x20C3, 0x18C3,
    0x49A5, 0xCC6C, 0xCC4C, 0xD48D, 0xDC8D, 0xDCCD, 0xDCAD, 0xDCAD, 0xDCAD, 0xDCAD, 0xDCAD, 0xDC8C,
    0xDC8C, 0xDC8B, 0xDC6B, 0xDC4B, 0xDC4B, 0xD42B, 0xD40A, 0xD3EA, 0xCBE9, 0xCBC8, 0xCBC8, 0xC3A8,
    0xC388, 0xC368, 0xC347, 0xBB47, 0xBB46, 0xBB67, 0xC387, 0xCBC9, 0xD40A, 0xD40A, 0xD44B, 0xDC4B,
    0xDC6B, 0xD44A, 0xD42A, 0xD409, 0xCBE9, 0xCBC9, 0xCBA9, 0xCBA8, 0xCBC8, 0xCBC8, 0xCBC8, 0xCBC8,
    0xCBC9, 0xCBA9, 0xCBC9, 0xCBC8, 0xCBE9, 0xCBE9, 0xCBE9, 0xCBE9, 0xCBE9, 0xCBE9, 0xCBE9, 0xCBE9,
    0xCBE9, 0xCBE9, 0xCBE9, 0xC3A9, 0xBB89, 0xBB89, 0xA328, 0x2082, 0x1041, 0x1061, 0x1041, 0x0841,
    0x0841, 0x0861, 0x1061, 0x1061, 0x1061, 0x1061, 0x1061, 0x1061, 0x1041, 0x0820, 0x0820, 0x0820,
    0x0820, 0x0020, 0x38C1, 0x8224, 0x8204, 0x71A3, 0x6982, 0x5942, 0x8A65, 0xA307, 0xB368, 0xBBA9,
    0xC3CA, 0xCC0A, 0xCC2B, 0xD44B, 0xD46C, 0xDC8C, 0xDCAD, 0xE4CD, 0xE4EE, 0xE4EE, 0xE4EE, 0xE4EE,
    0xE4EF, 0xE4EE, 0xE4CE, 0xDCCD, 0xDCAC, 0xDCAC, 0xDC8C, 0xDC8C, 0xDC8C, 0xDC6B, 0xDC8B, 0xDC8B,
    0xDC4A, 0xDC4A, 0xDC2A, 0xD409, 0xDC29, 0xE448, 0xECC9, 0xF529, 0xF54A, 0xF529, 0xF52A, 0xE468,
    0xD3A7, 0xDBE7, 0xE427, 0xE467, 0xECA8, 0xF4E9, 0xF509, 0xF4C9, 0xF4A8, 0xCBA6, 0x2081, 0x1061,
    0x1881, 0x1081, 0x1061, 0x1061, 0x0841, 0x0841, 0x0841, 0x0841, 0x0841, 0x0841, 0x0840, 0x0841,
    0x0841, 0x0841, 0x1061, 0x1061, 0x1061, 0x1082, 0x1081, 0x1061, 0x1061, 0x1061, 0x1081, 0x1041,
    0x49A5, 0x8B6A, 0xAC8E, 0xB4AD, 0xBCCE, 0xC510, 0xC510, 0xC50F, 0xC4EF, 0xC4EE, 0xC4EE, 0xC4EF,
    0xC510, 0xC4F0, 0xCCF0, 0xCD10, 0xC510, 0xCD30, 0xCD30, 0xCD30, 0xCD31, 0xCD11, 0xCD11, 0xCD11,
    0xCD11, 0xCD11, 0xCD31, 0xCD31, 0xCD31, 0xD592, 0xDE15, 0xD5B3, 0xCD31, 0xC510, 0xBCEF, 0xBCCF,
    0x18E5, 0x18E4, 0x1126, 0x0862, 0x1082, 0x0000, 0x1041, 0x10E5, 0x10C5, 0x08C4, 0x08C4, 0x08C4,
    0x0883, 0x0862, 0x0862, 0x0863, 0x0863, 0x0883, 0x10E4, 0x1125, 0x1125, 0x2126, 0x2946, 0x2946,
    0x2125, 0x2146, 0x2986, 0x2987, 0x2946, 0x1905, 0x10A3, 0x730E, 0xA3AF, 0xA329, 0xAB28, 0xB348,
    0xC38A, 0xDC2B, 0xE46B, 0xE4AC, 0xECED, 0xED2F, 0xED2F, 0xECEE, 0xE4AD, 0xE48C, 0xE48C, 0xE48C,
    0xDC8B, 0xDC8C, 0xDC6C, 0xBB28, 0x9A45, 0xB2A6, 0xCB68, 0xD3EA, 0xD40A, 0xD42B, 0xDC4B, 0xDC4C,
    0xDC2B, 0xE44B, 0xE46C, 0xECCD, 0xECAC, 0xE40A, 0xDBC9, 0xCB68, 0xC328, 0xC328, 0xC368, 0xB2E7,
    0x7163, 0x2860, 0x79A4, 0xD348, 0xE42B, 0xD389, 0xD389, 0xDC0B, 0xE48D, 0xE4AE, 0xE46D, 0xA2C7,
    0x1861, 0x30E2, 0x4101, 0x3081, 0x1040, 0x0820, 0x0000, 0x0841, 0x0841, 0x1061, 0x1062, 0x1062,
    0x1082, 0x1082, 0x1082, 0x1082, 0x1082, 0x1082, 0x1882, 0x1882, 0x1082, 0x1082, 0x1082, 0x1082,
    0x18C3, 0x18A3, 0x1082, 0x1082, 0x1062, 0x18A3, 0x20E4, 0x20E4, 0x2903, 0xB3EB, 0xD48D, 0xD48D,
    0xDC8D, 0xDCAD, 0xDCCD, 0xDCCD, 0xDCAD, 0xDCAD, 0xDCAD, 0xDCAD, 0xDC8C, 0xDC8B, 0xDC8B, 0xDC6B,
    0xDC4B, 0xDC2B, 0xD40A, 0xD40A, 0xCC09, 0xCBE9, 0xCBC9, 0xC3A8, 0xC388, 0xC368, 0xC347, 0xBB47,
    0xBB46, 0xBB46, 0xC367, 0xCBC8, 0xCBE9, 0xD40A, 0xD42B, 0xD44B, 0xD44A, 0xD44A, 0xD42A, 0xCBE9,
    0xCBC9, 0xCBC9, 0xC3A8, 0xCBA8, 0xC3A8, 0xCBC8, 0xCBC8, 0xCBC8, 0xCBC9, 0xCBC9, 0xCBC9, 0xCBE9,
    0xCBE9, 0xCBE9, 0xCBE9, 0xCBE9, 0xCBE9, 0xCBE9, 0xCBE9, 0xCC09, 0xCC0A, 0xCBE9, 0xCBEA, 0xC3C9,
    0xB388, 0xBBA9, 0x6A05, 0x0841, 0x1061, 0x1061, 0x0841, 0x1061, 0x0841, 0x1041, 0x1061, 0x1061,
    0x1061, 0x1061, 0x1041, 0x1061, 0x1041, 0x0820, 0x0820, 0x0820, 0x0820, 0x0020, 0x2060, 0x71C3,
    0x7A04, 0x71A2, 0x6962, 0x5921, 0x69A3, 0x9AC7, 0xAB48, 0xBB89, 0xC3C9, 0xCC0A, 0xCC2B, 0xCC4B,
    0xD44C, 0xDC6C, 0xDCAD, 0xDCCD, 0xE4EE, 0xE4EE, 0xE4EE, 0xE4EE, 0xE4EF, 0xE4EE, 0xE4CE, 0xE4CD,
    0xDCAC, 0xDCAC, 0xDCAC, 0xDC8C, 0xDC8C, 0xDC8C, 0xDC8B, 0xDC8B, 0xDC8B, 0xDC6A, 0xDC4A, 0xDC2A,
    0xD409, 0xDC29, 0xE489, 0xECC9, 0xF509, 0xF52A, 0xF54A, 0xFD4A, 0xEC89, 0xD3A6, 0xDC07, 0xE447,
    0xEC67, 0xF4C8, 0xF509, 0xF4E9, 0xECA8, 0xFCC7, 0x7A44, 0x1061, 0x1881, 0x1882, 0x1881, 0x1061,
    0x1061, 0x0861, 0x0841, 0x1061, 0x0861, 0x0841, 0x0841, 0x0841, 0x0841, 0x0841, 0x0841, 0x1061,
    0x1082, 0x1082, 0x1082, 0x1082, 0x1061, 0x1882, 0x0841, 0x3104, 0xC490, 0xD532, 0xDDB3, 0xDDB3,
    0xDD92, 0xE592, 0xE593, 0xDD72, 0xDD72, 0xDD71, 0xDD72, 0xD552, 0xD552, 0xDD52, 0xD552, 0xDD52,
    0xD552, 0xDD73, 0xDD72, 0xDD72, 0xDD73, 0xDD73, 0xDD73, 0xDD93, 0xDD93, 0xDD93, 0xDDB3, 0xDDB3,
    0xE5D3, 0xEE35, 0xF697, 0xEE36, 0xEDF4, 0xEE14, 0xEE14, 0xE5F3, 0x1905, 0x1926, 0x08E6, 0x1062,
    0x0862, 0x0000, 0x10A3, 0x10E5, 0x08C5, 0x08A4, 0x08A4, 0x08A4, 0x0883, 0x0862, 0x0862, 0x0863,
    0x0863, 0x0883, 0x08C4, 0x08E4, 0x10E4, 0x1905, 0x2946, 0x3167, 0x2946, 0x2945, 0x2966, 0x2966,
    0x2946, 0x10A3, 0x49E9, 0xA3D1, 0xA34B, 0xAB28, 0xB348, 0xB348, 0xBB69, 0xD40B, 0xDC2B, 0xE46B,
    0xE48B, 0xE4CD, 0xED0E, 0xECEE, 0xE4CE, 0xE48C, 0xDC6C, 0xDC6C, 0xDC6B, 0xDC6B, 0xDC6C, 0xE48C,
    0xD42B, 0xBB08, 0xA245, 0xB286, 0xC348, 0xD3C9, 0xD3CA, 0xD3CA, 0xD3EA, 0xDC0A, 0xE42B, 0xE46B,
    0xE44A, 0xDBE9, 0xD388, 0xCB48, 0xC327, 0xC348, 0xC388, 0xC388, 0xAAA6, 0x6122, 0x0800, 0x5102,
    0xBAE7, 0xE40A, 0xDBEA, 0xDBEA, 0xE46C, 0xECCE, 0xCBCA, 0x38E2, 0x0861, 0x3902, 0x7A23, 0x1860,
    0x0000, 0x0820, 0x0820, 0x0841, 0x0841, 0x1061, 0x1062, 0x1062, 0x1082, 0x1082, 0x1082, 0x1082,
    0x1082, 0x1082, 0x1882, 0x1082, 0x1082, 0x1082, 0x1082, 0x18A3, 0x18A3, 0x18A2, 0x1082, 0x1082,
    0x1082, 0x20C3, 0x20E4, 0x20E4, 0x18A3, 0x7AA7, 0xDCAE, 0xD48D, 0xDCCE, 0xDCAD, 0xDCCD, 0xDCCD,
    0xDCCD, 0xDCCE, 0xDCCE, 0xDC8D, 0xDCAD, 0xDC8C, 0xDC8B, 0xDC6B, 0xDC6B, 0xDC4B, 0xDC2B, 0xD40A,
    0xD40A, 0xCC09, 0xCBE9, 0xCBC8, 0xC3A8, 0xC388, 0xC368, 0xBB47, 0xBB46, 0xBB26, 0xBB46, 0xC3A8,
    0xCBC9, 0xD3EA, 0xD42A, 0xD42A, 0xD44A, 0xD42A, 0xCBE9, 0xCBE9, 0xCBC8, 0xCBA9, 0xCBA9, 0xC3A8,
    0xCBC8, 0xCBC8, 0xCBC8, 0xCBC9, 0xCBC9, 0xCBE9, 0xCBE9, 0xCC09, 0xCBE9, 0xCC09, 0xCC09, 0xCBEA,
    0xCBEA, 0xCC0A, 0xCC09, 0xCC09, 0xCC0A, 0xCBEA, 0xC3EA, 0xC3CA, 0xBBA9, 0xAB48, 0x28C2, 0x1061,
    0x1041, 0x1041, 0x0841, 0x1061, 0x1041, 0x1061, 0x1061, 0x1061, 0x1061, 0x1061, 0x1061, 0x1061,
    0x1041, 0x0820, 0x0820, 0x0820, 0x0820, 0x0820, 0x1040, 0x5942, 0x79E4, 0x6982, 0x6162, 0x5921,
    0x5101, 0x9286, 0xAB08, 0xB389, 0xBBA9, 0xC3EA, 0xCC2B, 0xCC4B, 0xD44B, 0xD46C, 0xDC8D, 0xDCAD,
    0xDCAD, 0xE4EE, 0xE4EE, 0xE4EE, 0xE4EE, 0xE4CE, 0xE4CE, 0xE4CD, 0xDCAC, 0xDCAC, 0xDCAC, 0xDC8C,
    0xE48C, 0xDC8C, 0xDC8C, 0xDCAC, 0xDC8B, 0xDC8B, 0xDC6B, 0xDC2A, 0xDC2A, 0xD409, 0xDC29, 0xE468,
    0xECC9, 0xF509, 0xF52A, 0xF54A, 0xFD2A, 0xECC9, 0xDC07, 0xDC07, 0xEC67, 0xECA8, 0xF4E9, 0xF4E9,
    0xF4C8, 0xECA7, 0xE447, 0x3902, 0x1081, 0x20A2, 0x18A2, 0x1882, 0x1082, 0x1061, 0x1061, 0x1082,
    0x1062, 0x0841, 0x0841, 0x0841, 0x0841, 0x0841, 0x0861, 0x1062, 0x1082, 0x1082, 0x1082, 0x1061,
    0x1061, 0x1882, 0x0841, 0x4985, 0xD46C, 0xBC4D, 0xBC6E, 0xBCB0, 0xC4D1, 0xC4F2, 0xCD32, 0xD553,
    0xD573, 0xD593, 0xD593, 0xDDB4, 0xDDB4, 0xDDB4, 0xDDB4, 0xE5D5, 0xE5F5, 0xE5F5, 0xE5F5, 0xE5F5,
    0xE5F5, 0xEE78, 0xF6D9, 0xEE56, 0xE5F5, 0xE5F4, 0xE5F4, 0xE5F4, 0xE5F4, 0xE5F4, 0xE5B3, 0xE5B3,
    0xE5F4, 0xE5F4, 0xE5F4, 0xE5F3, 0x2946, 0x2168, 0x0842, 0x1082, 0x0020, 0x0840, 0x10C4, 0x10C5,
    0x08A4, 0x08A4, 0x08A4, 0x08A4, 0x0883, 0x0062, 0x0862, 0x0863, 0x0863, 0x0883, 0x0883, 0x08A3,
    0x08A3, 0x10E4, 0x2925, 0x3166, 0x2966, 0x2945, 0x2945, 0x2966, 0x2104, 0x2125, 0x9391, 0x9B4D,
    0xA329, 0xAB48, 0xB348, 0xBB69, 0xB328, 0xCBCA, 0xDC2B, 0xDC6C, 0xDC8C, 0xE4AC, 0xE4CD, 0xE4CD,
    0xE4CE, 0xDC8D, 0xDC4B, 0xDC6C, 0xDC8C, 0xDC8C, 0xDC6C, 0xDC6C, 0xE48D, 0xE48D, 0xD42B, 0xBB28,
    0xAA65, 0xAA65, 0xCB48, 0xD3A9, 0xD389, 0xD3A9, 0xDBE9, 0xDC0A, 0xDC0A, 0xD3A8, 0xCB47, 0xC327,
    0xC348, 0xC389, 0xCBA9, 0xCBEA, 0xC3A9, 0xA286, 0x40C2, 0x0800, 0x2861, 0x6143, 0x9A65, 0x9A45,
    0xA286, 0x9AC7, 0x38E2, 0x1062, 0x18A2, 0x1881, 0x7A24, 0x69E3, 0x0000, 0x0841, 0x0841, 0x0841,
    0x1061, 0x1062, 0x1062, 0x1062, 0x1062, 0x1082, 0x1082, 0x1082, 0x1082, 0x1082, 0x1882, 0x1883,
    0x1883, 0x1082, 0x18A3, 0x18A3, 0x18A3, 0x1082, 0x1082, 0x1082, 0x18C3, 0x2104, 0x18A3, 0x20E4,
    0x20C4, 0x4164, 0xCC6D, 0xD48D, 0xD48D, 0xD48D, 0xDCAD, 0xDCCE, 0xDCCD, 0xDCCE, 0xDCCE, 0xDCCE,
    0xDCAD, 0xDCAD, 0xDCAC, 0xDC8C, 0xDC6C, 0xDC4B, 0xDC4B, 0xD42B, 0xD40A, 0xCC09, 0xCBE9, 0xCBC9,
    0xC3A8, 0xC368, 0xC368, 0xBB47, 0xBB46, 0xBB26, 0xBB26, 0xC367, 0xCBC8, 0xD40A, 0xD42B, 0xD42B,
    0xD42A, 0xCC09, 0xCBC8, 0xC3A8, 0xC3A8, 0xCBA8, 0xCBA9, 0xCBA9, 0xCBC8, 0xCBC8, 0xCBE9, 0xCBE9,
    0xCBE9, 0xCBEA, 0xD40A, 0xD40A, 0xCC09, 0xCC09, 0xCC09, 0xD40A, 0xD40A, 0xD40A, 0xD40A, 0xCC09,
    0xCC0A, 0xCBEA, 0xC3EA, 0xBBCA, 0xC3CA, 0x6A05, 0x0841, 0x1061, 0x1061, 0x0841, 0x1041, 0x1061,
    0x1041, 0x1061, 0x1061, 0x1061, 0x1061, 0x1061, 0x1061, 0x1061, 0x1041, 0x0820, 0x0820, 0x0820,
    0x0820, 0x0820, 0x0820, 0x40E1, 0x71C3, 0x6982, 0x5941, 0x5101, 0x38A0, 0x71E4, 0xAB08, 0xB369,
    0xBBA9, 0xC3EA, 0xCC0A, 0xCC2B, 0xD44B, 0xD46C, 0xDC6C, 0xDC8C, 0xDCAD, 0xDCCD, 0xE4ED, 0xE4EE,
    0xE4EE, 0xE4EE, 0xE4CE, 0xE4EE, 0xE4CD, 0xE4CD, 0xE4CD, 0xDC8C, 0xDC8C, 0xDC8C, 0xDC8C, 0xDC8C,
    0xDC8B, 0xDC8B, 0xDC6B, 0xDC4B, 0xDC2A, 0xD409, 0xD409, 0xDC28, 0xE468, 0xECA9, 0xECE9, 0xF52A,
    0xF54A, 0xF54A, 0xF509, 0xDC27, 0xE406, 0xEC88, 0xF4A8, 0xF4E9, 0xF4E9, 0xECA7, 0xF4C7, 0x9AE5,
    0x1882, 0x20C3, 0x18A2, 0x1882, 0x1082, 0x1061, 0x1082, 0x18A2, 0x1882, 0x1061, 0x0841, 0x0841,
    0x0841, 0x0841, 0x0861, 0x1062, 0x1082, 0x1082, 0x1082, 0x1082, 0x1061, 0x1882, 0x0841, 0x4984,
    0xDC8C, 0xCC6D, 0xC48E, 0xBC8F, 0xBCB0, 0xC4D1, 0xCCF2, 0xCD12, 0xCD32, 0xCD52, 0xD573, 0xD573,
    0xD593, 0xDD94, 0xD594, 0xDD94, 0xDDB4, 0xDDB4, 0xDDD4, 0xDDD4, 0xDDD4, 0xDDF5, 0xE5F6, 0xDDB4,
    0xDD94, 0xDD93, 0xDD93, 0xDD93, 0xDD93, 0xDD93, 0xDD94, 0xDD94, 0xDD94, 0xDD93, 0xDD93, 0xDD93,
    0x31C8, 0x10E6, 0x0841, 0x1062, 0x0000, 0x10A3, 0x08E5, 0x08E5, 0x08C5, 0x08A4, 0x0884, 0x0883,
    0x0083, 0x0062, 0x0862, 0x0863, 0x0883, 0x0883, 0x0883, 0x0883, 0x08A3, 0x10C4, 0x2105, 0x2946,
    0x2945, 0x2944, 0x2945, 0x2945, 0x2104, 0x72EE, 0xA38F, 0xA329, 0xAB48, 0xB369, 0xBB69, 0xBB89,
    0xAB28, 0xC389, 0xD40B, 0xDC4B, 0xDC8C, 0xDCAD, 0xE4AD, 0xDCAD, 0xDCAD, 0xDC8D, 0xDC6C, 0xDC8C,
    0xDC8C, 0xE4AC, 0xE4AD, 0xE4AD, 0xE4AD, 0xE4CE, 0xE4CD, 0xE4CD, 0xDC2B, 0xBB07, 0xA225, 0xA245,
    0xC327, 0xD388, 0xD388, 0xD3A8, 0xD3A8, 0xCB68, 0xC348, 0xC368, 0xC389, 0xC3A9, 0xCBC9, 0xD40A,
    0xCBEA, 0xBB69, 0x81E5, 0x2861, 0x2081, 0x1041, 0x1041, 0x2082, 0x1862, 0x20A3, 0x2104, 0x2904,
    0x20C3, 0x1081, 0x3102, 0x92A5, 0x30E2, 0x0000, 0x0841, 0x1061, 0x1062, 0x1082, 0x1062, 0x1082,
    0x1082, 0x1082, 0x1082, 0x1082, 0x1082, 0x1082, 0x1883, 0x18A3, 0x18A3, 0x18A3, 0x20E4, 0x18A3,
    0x1082, 0x1082, 0x1082, 0x1082, 0x2925, 0x20E4, 0x18A3, 0x20C3, 0x2904, 0x20C3, 0x9329, 0xD48D,
    0xCC6D, 0xD48D, 0xD4AD, 0xDCCD, 0xDCCE, 0xDCEE, 0xDCEE, 0xDCCE, 0xDCAD, 0xDCAD, 0xDCAC, 0xDCAC,
    0xDC8C, 0xDC6B, 0xD42B, 0xD42B, 0xD40A, 0xCC0A, 0xCBE9, 0xCBE9, 0xC3A8, 0xC388, 0xC368, 0xBB47,
    0xBB26, 0xBB26, 0xB306, 0xBB46, 0xCBA8, 0xD3EA, 0xDC4B, 0xD42B, 0xD40A, 0xCBC8, 0xC3A8, 0xC3A8,
    0xC3A8, 0xCBA8, 0xCBA9, 0xCBA9, 0xCBC8, 0xCBC8, 0xCBE9, 0xCBE9, 0xCC0A, 0xD40A, 0xD40A, 0xD40A,
    0xD42A, 0xD42A, 0xD40A, 0xD40A, 0xD40A, 0xD40A, 0xD409, 0xCC09, 0xCC0A, 0xCBEA, 0xC3CA, 0xBBAA,
    0xA329, 0x20A2, 0x1061, 0x1061, 0x1061, 0x0841, 0x1061, 0x1061, 0x0841, 0x1061, 0x1061, 0x1061,
    0x1061, 0x1061, 0x1061, 0x1061, 0x1041, 0x0820, 0x0020, 0x0020, 0x0820, 0x0820, 0x0000, 0x30A1,
    0x6182, 0x6182, 0x5921, 0x4901, 0x3080, 0x5122, 0xA2E8, 0xAB48, 0xBB89, 0xC3CA, 0xCC0A, 0xCC2A,
    0xD44B, 0xD44B, 0xD46C, 0xDC6C, 0xDC8C, 0xDCAD, 0xE4EE, 0xE4EE, 0xE4CE, 0xE4EE, 0xE4EE, 0xE4EE,
    0xE4ED, 0xE4CD, 0xE4CD, 0xE4AC, 0xDC8C, 0xDC8C, 0xDC8C, 0xDC8C, 0xDC8B, 0xDC6B, 0xDC6B, 0xDC4B,
    0xDC2A, 0xDC2A, 0xD409, 0xD408, 0xDC28, 0xDC48, 0xE488, 0xECA9, 0xF50A, 0xF529, 0xF549, 0xF54A,
    0xE467, 0xE407, 0xEC88, 0xF4C8, 0xF4E8, 0xF4C8, 0xECA7, 0xEC66, 0x5183, 0x1082, 0x18A2, 0x1882,
    0x1081, 0x1081, 0x1882, 0x18C2, 0x18A2, 0x1061, 0x0841, 0x0841, 0x0841, 0x0841, 0x0861, 0x0861,
    0x0861, 0x1062, 0x1082, 0x1082, 0x1082, 0x18A2, 0x0862, 0x4984, 0xDC8C, 0xCC6D, 0xC48E, 0xB46F,
    0xC4B0, 0xC4D1, 0xCD12, 0xCD32, 0xCD32, 0xCD52, 0xD573, 0xD573, 0xD593, 0xDD94, 0xDD94, 0xDDB4,
    0xDDB4, 0xDDD4, 0xDDD4, 0xDDD4, 0xDDD4, 0xDDD4, 0xDDD4, 0xDDB4, 0xDDB4, 0xDD93, 0xDD93, 0xDD93,
    0xDD93, 0xDD93, 0xDD93, 0xDD93, 0xDD93, 0xDD93, 0xDD93, 0xDD93, 0x19AA, 0x0862, 0x1082, 0x0000,
    0x0840, 0x10E5, 0x0906, 0x08E6, 0x08E5, 0x08C5, 0x08C4, 0x08A4, 0x0083, 0x0062, 0x0062, 0x0863,
    0x0883, 0x0883, 0x0883, 0x08A3, 0x0883, 0x08A3, 0x18E4, 0x2105, 0x2104, 0x2104, 0x2945, 0x2104,
    0x524A, 0xA3B1, 0xA34B, 0xAB29, 0xB369, 0xBB89, 0xBB89, 0xC3A9, 0xB349, 0xBB69, 0xD42B, 0xDC6C,
    0xDC6C, 0xDC8C, 0xDC8D, 0xDC8D, 0xDC8D, 0xDC8D, 0xDC8D, 0xDC8C, 0xDCAD, 0xE4AD, 0xE4CD, 0xE4CE,
    0xECCE, 0xECEE, 0xE50E, 0xE4CD, 0xE4AC, 0xE48C, 0xD3EA, 0xA266, 0x81A3, 0xBAE6, 0xCB67, 0xCB67,
    0xC347, 0xC348, 0xC368, 0xC388, 0xC389, 0xCBEA, 0xCBEA, 0xD40A, 0xCC0A, 0xC3CA, 0xAB08, 0x5123,
    0x2061, 0x28C2, 0x18A2, 0x20C4, 0x3125, 0x5209, 0x5229, 0x2945, 0x20E3, 0x18A2, 0x1082, 0x3922,
    0x5163, 0x30E2, 0x1061, 0x0861, 0x1082, 0x1082, 0x1082, 0x1082, 0x1082, 0x1082, 0x1082, 0x1082,
    0x1882, 0x1082, 0x1082, 0x18A3, 0x18A3, 0x18C3, 0x20C3, 0x18A3, 0x1082, 0x1082, 0x1082, 0x20C3,
    0x2925, 0x18C3, 0x18A3, 0x18A3, 0x20E3, 0x20E4, 0x4165, 0xCC6D, 0xCC6D, 0xCC8D, 0xD4AD, 0xDCEE,
    0xDCEE, 0xDCEE, 0xDCEE, 0xDCCE, 0xDCCE, 0xDCAD, 0xDC8C, 0xDC8C, 0xDC8C, 0xDC6B, 0xD44B, 0xD42B,
    0xD42A, 0xD40A, 0xCBE9, 0xCBE9, 0xCBC9, 0xC388, 0xC368, 0xBB47, 0xBB27, 0xB306, 0xB305, 0xB306,
    0xC387, 0xD409, 0xD42A, 0xD40A, 0xCBC9, 0xC388, 0xC387, 0xC387, 0xC3A8, 0xCBA8, 0xCBA9, 0xCBC9,
    0xCBC9, 0xCBE9, 0xCBE9, 0xCBE9, 0xCC0A, 0xD40A, 0xD40A, 0xD42A, 0xD42A, 0xD42A, 0xD42A, 0xD42A,
    0xD40A, 0xD42A, 0xD42A, 0xD42A, 0xCC0A, 0xCC0A, 0xC3CA, 0xC3EB, 0x4964, 0x0841, 0x1061, 0x1061,
    0x0841, 0x1061, 0x1061, 0x1061, 0x1061, 0x1061, 0x1061, 0x1061, 0x1061, 0x1061, 0x1061, 0x1061,
    0x1041, 0x0840, 0x0820, 0x0820, 0x0820, 0x0820, 0x0000, 0x2060, 0x5942, 0x6162, 0x5121, 0x40E1,
    0x3080, 0x30A1, 0x8A66, 0xAB28, 0xB369, 0xBBA9, 0xC3EA, 0xCC0A, 0xCC2B, 0xD44B, 0xD44C, 0xDC6C,
    0xDC8C, 0xDCAD, 0xDCCD, 0xDCCD, 0xE4EE, 0xE4EE, 0xE4EE, 0xE4EE, 0xE4EE, 0xE4ED, 0xE4CD, 0xE4AD,
    0xE48C, 0xDC8C, 0xDC6B, 0xDC6B, 0xDC8B, 0xDC6B, 0xDC6B, 0xDC6B, 0xDC4B, 0xDC4B, 0xD42A, 0xD409,
    0xD408, 0xD428, 0xDC28, 0xE448, 0xECA9, 0xF509, 0xF54A, 0xF56A, 0xFD6A, 0xECC9, 0xEC47, 0xEC88,
    0xF4C8, 0xF4E8, 0xECA7, 0xF4A7, 0xC386, 0x1882, 0x18A2, 0x18A2, 0x1882, 0x1882, 0x18A2, 0x20E3,
    0x20C3, 0x1082, 0x0841, 0x0861, 0x1062, 0x1082, 0x1082, 0x1082, 0x1082, 0x1082, 0x1082, 0x1082,
    0x1082, 0x18A2, 0x0862, 0x4984, 0xDC8C, 0xCC6D, 0xC48E, 0xBC8F, 0xC4D1, 0xC4F1, 0xCD12, 0xCD32,
    0xCD52, 0xD553, 0xD573, 0xD593, 0xDD94, 0xDD94, 0xDD94, 0xDDB4, 0xDDB4, 0xDDD4, 0xDDD4, 0xDDD4,
    0xDDD4, 0xDDD4, 0xDDD5, 0xDDB4, 0xDDB4, 0xDDB3, 0xDDB3, 0xDDB3, 0xDD93, 0xDD94, 0xDD94, 0xDD93,
    0xDD93, 0xDD93, 0xDDB3, 0xDD93, 0x0063, 0x1062, 0x0862, 0x0000, 0x1083, 0x08E5, 0x08E5, 0x08C5,
    0x08C5, 0x08C5, 0x10E5, 0x08C5, 0x0883, 0x0062, 0x0862, 0x0863, 0x0863, 0x0883, 0x0883, 0x08A3,
    0x08A3, 0x08A3, 0x10C4, 0x10C4, 0x10C3, 0x10C3, 0x10C3, 0x3187, 0x93B1, 0xA36D, 0xAB29, 0xB349,
    0xBB89, 0xBB89, 0xC3A9, 0xC3C9, 0xBB89, 0xBB8A, 0xD44C, 0xDC8D, 0xDCAD, 0xDC6C, 0xDC6C, 0xDC8D,
    0xDC8D, 0xDC8D, 0xDC8D, 0xDC8D, 0xDCAD, 0xE4AD, 0xE4CD, 0xE4CE, 0xECCE, 0xECEE, 0xECEE, 0xECEE,
    0xE4CD, 0xE48D, 0xE48C, 0xE46B, 0xCB89, 0xB2C6, 0xBAC6, 0xC306, 0xC368, 0xC368, 0xC389, 0xCBA9,
    0xCBEA, 0xCC2B, 0xCC0A, 0xD40A, 0xD40A, 0xC3CA, 0xB349, 0x8A25, 0x30A2, 0x28A2, 0x20A2, 0x18A3,
    0x20E4, 0x3966, 0x524A, 0x41E8, 0x2104, 0x18A2, 0x1061, 0x1061, 0x28C2, 0x59A3, 0x4963, 0x1881,
    0x1061, 0x1062, 0x1082, 0x1082, 0x1082, 0x1082, 0x1082, 0x1082, 0x1082, 0x1082, 0x1082, 0x18A3,
    0x18C3, 0x20E4, 0x20E4, 0x1082, 0x1882, 0x1882, 0x1082, 0x2905, 0x2924, 0x18C3, 0x18C3, 0x1082,
    0x18C3, 0x20E3, 0x1082, 0x82C8, 0xDCAE, 0xCC8D, 0xDCCE, 0xDCEE, 0xDCEF, 0xE50F, 0xDD0F, 0xDCCE,
    0xDCCE, 0xDCAD, 0xDCAD, 0xDC8C, 0xDC6C, 0xDC6B, 0xDC4B, 0xDC4B, 0xD42B, 0xD40A, 0xCC09, 0xCBE9,
    0xCBC8, 0xC3A8, 0xC368, 0xBB47, 0xBB27, 0xB306, 0xB2E5, 0xAAE5, 0xBB67, 0xD409, 0xD44B, 0xD3EA,
    0xC388, 0xC367, 0xC387, 0xC388, 0xC3A8, 0xCBC9, 0xCBC9, 0xCBC9, 0xCBE9, 0xCBE9, 0xCC09, 0xCC09,
    0xD40A, 0xD40A, 0xD40A, 0xD42A, 0xD42A, 0xD44A, 0xD44B, 0xD42A, 0xD42B, 0xD42A, 0xD42A, 0xD42A,
    0xCC0A, 0xC3EA, 0xCC0B, 0x8AC8, 0x0841, 0x1061, 0x1061, 0x1061, 0x0841, 0x1061, 0x1062, 0x1062,
    0x1061, 0x1061, 0x1061, 0x1061, 0x1061, 0x1041, 0x1061, 0x1061, 0x1041, 0x0840, 0x0820, 0x0820,
    0x0820, 0x0820, 0x0000, 0x1040, 0x5121, 0x5962, 0x5101, 0x40C0, 0x30A0, 0x3080, 0x69A4, 0xA307,
    0xAB48, 0xBB89, 0xC3EA, 0xCC0A, 0xCC2B, 0xD44B, 0xD44C, 0xD44C, 0xDC6C, 0xDCAC, 0xDCAC, 0xDCAD,
    0xE4EE, 0xE4EE, 0xE4EE, 0xE4EE, 0xE4EE, 0xE4ED, 0xE4CD, 0xE4CD, 0xE4AC, 0xE48C, 0xDC8C, 0xDC6B,
    0xDC6B, 0xDC8B, 0xDC6B, 0xDC4B, 0xDC4B, 0xDC4A, 0xDC4A, 0xD429, 0xD409, 0xD408, 0xDC29, 0xDC28,
    0xE448, 0xEC88, 0xF509, 0xF529, 0xF54A, 0xFD6A, 0xF509, 0xEC88, 0xECA8, 0xF4E8, 0xF4E8, 0xEC87,
    0xF487, 0x7204, 0x1062, 0x20A2, 0x18A2, 0x18A2, 0x20C2, 0x2903, 0x20E3, 0x1882, 0x1061, 0x0861,
    0x1082, 0x18A2, 0x18A2, 0x18A2, 0x18A2, 0x18A2, 0x18A2, 0x18A2, 0x18A2, 0x20C2, 0x1082, 0x51A4,
    0xDC6C, 0xCC4D, 0xCC8E, 0xC4B0, 0xC4D1, 0xCD11, 0xCD12, 0xD553, 0xD553, 0xD573, 0xD573, 0xD593,
    0xDD94, 0xDDB4, 0xDDB4, 0xDDB4, 0xDDB4, 0xDDD4, 0xDDD4, 0xDDD4, 0xDDD4, 0xDDD4, 0xDDD5, 0xDDB4,
    0xDDB4, 0xDDB4, 0xDDB3, 0xDDB4, 0xDD93, 0xDD94, 0xDD94, 0xDD94, 0xDD93, 0xDD93, 0xDDB3, 0xDDB3,
    0x0821, 0x1083, 0x0000, 0x0821, 0x10E5, 0x0905, 0x08E4, 0x08C4, 0x10E5, 0x10E5, 0x10E5, 0x10C4,
    0x0883, 0x0062, 0x0862, 0x0862, 0x0863, 0x0883, 0x08C3, 0x08C4, 0x08C4, 0x10C4, 0x10C4, 0x10C4,
    0x10A3, 0x08A3, 0x10C3, 0x7B2E, 0xA3AF, 0xA34A, 0xAB29, 0xB369, 0xBB89, 0xC3A9, 0xC3C9, 0xC3C9,
    0xC3CA, 0xC3CB, 0xDC8D, 0xDCAD, 0xE4EE, 0xE4AD, 0xDC4B, 0xD42B, 0xD46C, 0xDC6C, 0xDC8C, 0xDC8C,
    0xDC8C, 0xE48C, 0xE4AC, 0xE4AD, 0xE4CE, 0xE4EE, 0xE4EE, 0xECEE, 0xE4EE, 0xE4CE, 0xE4AD, 0xE46C,
    0xE46C, 0xE44B, 0xD3A9, 0xC306, 0xC2E6, 0xCB68, 0xCBC9, 0xCC0A, 0xCC2B, 0xCC0A, 0xD42A, 0xD40A,
    0xCBEA, 0xC3A9, 0xB348, 0xA2A7, 0x6143, 0x3081, 0x28A2, 0x18A2, 0x18A3, 0x2905, 0x41C7, 0x3166,
    0x18C3, 0x18C3, 0x1882, 0x18A2, 0x18A2, 0x1882, 0x5183, 0x9AC5, 0x5983, 0x20A2, 0x1062, 0x1082,
    0x1062, 0x1082, 0x1082, 0x1082, 0x1082, 0x1082, 0x1882, 0x1882, 0x20E4, 0x2904, 0x20E4, 0x18A3,
    0x1082, 0x1082, 0x18C3, 0x3145, 0x2104, 0x20E4, 0x18C3, 0x1882, 0x1882, 0x18C3, 0x20E3, 0x20E3,
    0xBC0C, 0xDCEF, 0xD4AE, 0xDCCE, 0xDCEE, 0xDD0F, 0xDD0F, 0xDCCE, 0xDCCE, 0xDCAD, 0xDC8D, 0xDC8C,
    0xDC8C, 0xDC6B, 0xDC6B, 0xDC4B, 0xD42B, 0xD40A, 0xCC0A, 0xCBE9, 0xC3C8, 0xC3C8, 0xC388, 0xC347,
    0xBB27, 0xB306, 0xAAC5, 0xA2A4, 0xBB46, 0xCC0A, 0xD44B, 0xCBA9, 0xBB27, 0xC367, 0xC387, 0xC3A8,
    0xC3A8, 0xCBC9, 0xCBC9, 0xCBC9, 0xCBE9, 0xCBE9, 0xCC09, 0xCC09, 0xD40A, 0xD40B, 0xD42B, 0xD44B,
    0xD44B, 0xD46A, 0xD46B, 0xD44B, 0xD42B, 0xD42B, 0xD42A, 0xCC0A, 0xC3EA, 0xC3EA, 0xB38A, 0x20A2,
    0x1061, 0x1061, 0x1061, 0x0841, 0x1061, 0x1062, 0x1062, 0x1061, 0x1061, 0x1061, 0x1061, 0x1061,
    0x1061, 0x1061, 0x1041, 0x1061, 0x1061, 0x0840, 0x0020, 0x0820, 0x0820, 0x0800, 0x0820, 0x0820,
    0x40E1, 0x5942, 0x4901, 0x38A0, 0x38A0, 0x38A1, 0x4902, 0x9AA6, 0xAB48, 0xBB89, 0xC3CA, 0xC3EA,
    0xCC0A, 0xD42B, 0xD42B, 0xD44B, 0xD46C, 0xDC8C, 0xDC8C, 0xDCAD, 0xDCCD, 0xE4CE, 0xE4CE, 0xE4CE,
    0xE4EE, 0xE4CD, 0xE4CD, 0xE4CE, 0xE4AD, 0xE48C, 0xE4AC, 0xDC6B, 0xDC6B, 0xDC8B, 0xDC6B, 0xDC4B,
    0xDC6B, 0xDC6B, 0xDC4A, 0xD42A, 0xD429, 0xD409, 0xD3E9, 0xD409, 0xDC29, 0xDC48, 0xE488, 0xECE9,
    0xF509, 0xF54A, 0xFD6B, 0xF54A, 0xEC88, 0xEC87, 0xF4E8, 0xECC8, 0xEC87, 0xDC06, 0x30C2, 0x18A2,
    0x20A2, 0x20A2, 0x28E3, 0x2903, 0x20E3, 0x1882, 0x1061, 0x0861, 0x1082, 0x18C2, 0x20C3, 0x20C3,
    0x20C3, 0x20C3, 0x20E3, 0x20C3, 0x20A2, 0x28C2, 0x1882, 0x51A4, 0xDC4B, 0xCC4C, 0xCC8E, 0xC4B0,
    0xC4D1, 0xC4F1, 0xCD12, 0xD533, 0xD553, 0xD573, 0xD593, 0xDD94, 0xDDB4, 0xDDB4, 0xDDB4, 0xDDB4,
    0xDDB4, 0xDDD4, 0xDDD4, 0xDDD4, 0xDDD4, 0xDDD4, 0xE5D5, 0xDDB4, 0xDDB4, 0xDDB4, 0xDD93, 0xDD93,
    0xDD93, 0xDD94, 0xDD94, 0xDD94, 0xDD93, 0xDD93, 0xDD93, 0xDD93, 0x18A3, 0x0841, 0x0000, 0x18A3,
    0x2966, 0x2125, 0x1904, 0x1904, 0x1905, 0x18E5, 0x10E4, 0x08C4, 0x0883, 0x0062, 0x0862, 0x0863,
    0x0863, 0x08A3, 0x1104, 0x1124, 0x1104, 0x10E4, 0x10E4, 0x18C4, 0x10C4, 0x0082, 0x524A, 0x9BD0,
    0xA36B, 0xAB49, 0xB349, 0xBB89, 0xC3A9, 0xC3C9, 0xCBE9, 0xCC0A, 0xCBEA, 0xCC2C, 0xDC8D, 0xE4CE,
    0xE4EE, 0xE50F, 0xE4AC, 0xD3EA, 0xCBCA, 0xD42B, 0xD44C, 0xD46C, 0xDC6C, 0xDC8C, 0xE48C, 0xE48C,
    0xE4AE, 0xE4EE, 0xE4EE, 0xE4EE, 0xE4EE, 0xECCE, 0xECCE, 0xE4AD, 0xE48D, 0xE4AD, 0xE4AC, 0xE4AC,
    0xD3C9, 0xB2A6, 0xC347, 0xCBEA, 0xCC0A, 0xCC0A, 0xCC0A, 0xD40A, 0xCBCA, 0xC389, 0xBB69, 0xA2C7,
    0x79C4, 0x40C2, 0x30A2, 0x20A2, 0x18A3, 0x20C3, 0x18C3, 0x2104, 0x3186, 0x2104, 0x18C3, 0x18A3,
    0x18A3, 0x18A2, 0x28C2, 0x7A24, 0x8A64, 0x5983, 0x1062, 0x1082, 0x1882, 0x1082, 0x1882, 0x1082,
    0x1882, 0x1882, 0x1882, 0x1082, 0x2904, 0x3166, 0x2945, 0x20C3, 0x1882, 0x1082, 0x20E4, 0x3145,
    0x2925, 0x20E3, 0x18C3, 0x18A3, 0x1882, 0x18A3, 0x28E4, 0x20E4, 0x4185, 0xD48E, 0xD4AE, 0xD4AE,
    0xDCEE, 0xDCEF, 0xDD0F, 0xE4EF, 0xE4CE, 0xDCCE, 0xDCAD, 0xDC8D, 0xDC8C, 0xDC6B, 0xDC6B, 0xD44B,
    0xD42B, 0xD42A, 0xCC0A, 0xCBE9, 0xC3C8, 0xC3C8, 0xC3A8, 0xC368, 0xBB47, 0xBB06, 0xB2E5, 0xA284,
    0xAB05, 0xCC0A, 0xD42B, 0xBB47, 0xBB27, 0xC367, 0xC388, 0xC3A8, 0xC3A8, 0xCBC9, 0xCBC9, 0xCBCA,
    0xCBEA, 0xCC0A, 0xD429, 0xD42A, 0xD42A, 0xD42B, 0xDC4B, 0xDC4B, 0xDC6B, 0xDC6A, 0xD46B, 0xDC6B,
    0xD44B, 0xD42B, 0xD40A, 0xCC0A, 0xC3EA, 0xC3EA, 0x4144, 0x1041, 0x1061, 0x1061, 0x0861, 0x0861,
    0x1061, 0x1061, 0x1061, 0x1062, 0x1061, 0x1061, 0x1061, 0x1061, 0x1061, 0x1041, 0x1041, 0x1061,
    0x1061, 0x0840, 0x0820, 0x0820, 0x0820, 0x0800, 0x0800, 0x0000, 0x28A1, 0x5941, 0x4901, 0x38A0,
    0x38A1, 0x40C1, 0x38A1, 0x8225, 0xAB28, 0xB389, 0xBBC9, 0xC3EA, 0xCC0A, 0xCC2B, 0xD44B, 0xD44B,
    0xD46C, 0xDC8C, 0xDC8C, 0xDC8C, 0xDCCD, 0xDCCD, 0xE4CE, 0xE4CE, 0xE4EE, 0xE4ED, 0xE4EE, 0xE4CD,
    0xE4CD, 0xE4AD, 0xE4AD, 0xDC8B, 0xDC8B, 0xDC6B, 0xDC4B, 0xDC4B, 0xDC6C, 0xDC6B, 0xDC6B, 0xDC4A,
    0xDC4A, 0xD429, 0xD409, 0xD409, 0xDC09, 0xDC08, 0xDC07, 0xE468, 0xECA8, 0xF4E9, 0xF52A, 0xF56B,
    0xF52A, 0xECC8, 0xECA7, 0xF4E9, 0xECA8, 0xF487, 0xA305, 0x1882, 0x20C2, 0x20A2, 0x28E3, 0x2903,
    0x20C3, 0x1882, 0x1061, 0x0861, 0x1082, 0x18C2, 0x20E3, 0x20E3, 0x20E3, 0x28E3, 0x28E3, 0x28E3,
    0x28E3, 0x28E3, 0x20A2, 0x51A4, 0xDC6B, 0xCC4C, 0xCC8E, 0xC4B0, 0xC4D0, 0xC4F1, 0xCD12, 0xD533,
    0xD553, 0xD573, 0xD593, 0xDD94, 0xD594, 0xD5B4, 0xDDB4, 0xDDB4, 0xDDB4, 0xDDB4, 0xDDB4, 0xDDD4,
    0xDDD4, 0xDDD4, 0xDDD5, 0xDDD4, 0xDDB4, 0xDD93, 0xDD93, 0xDD93, 0xDD93, 0xDD94, 0xDD94, 0xDD94,
    0xDD93, 0xDD93, 0xDD93, 0xD573, 0x1082, 0x0000, 0x0820, 0x3145, 0x3186, 0x2965, 0x1925, 0x1925,
    0x2105, 0x18E5, 0x10C4, 0x08C4, 0x0883, 0x0062, 0x0862, 0x0863, 0x0883, 0x10C4, 0x1104, 0x1925,
    0x1924, 0x10E4, 0x10C4, 0x10C4, 0x0883, 0x2966, 0x93B0, 0x9B6C, 0xAB4A, 0xB369, 0xBB89, 0xBB89,
    0xBB89, 0xC3C9, 0xCC0A, 0xCC0A, 0xCC0B, 0xD44C, 0xE48C, 0xE4CD, 0xECEF, 0xED0F, 0xECEE, 0xE48D,
    0xCB89, 0xBB28, 0xCBCA, 0xD44B, 0xD46C, 0xD46C, 0xDC6C, 0xDC8C, 0xE48D, 0xE4AD, 0xE4CD, 0xECEE,
    0xE4CE, 0xE4CE, 0xECAE, 0xECAD, 0xECCE, 0xECCE, 0xECEE, 0xECCD, 0xE48B, 0xCB68, 0x9A45, 0xBB27,
    0xCBC9, 0xCBEA, 0xCBEA, 0xCBEA, 0xCBCA, 0xC3A9, 0xBB68, 0xAAE7, 0x8A25, 0x5102, 0x30C2, 0x28A2,
    0x1882, 0x1082, 0x20C3, 0x3186, 0x41C7, 0x39A7, 0x3145, 0x20E4, 0x18A3, 0x18A3, 0x18A2, 0x4143,
    0xA326, 0x7204, 0x30E3, 0x1062, 0x1882, 0x1082, 0x1082, 0x1082, 0x1882, 0x1882, 0x1883, 0x1883,
    0x18C3, 0x3186, 0x3986, 0x20C3, 0x1883, 0x18A3, 0x2904, 0x3145, 0x2925, 0x20E3, 0x18A3, 0x18A3,
    0x18A3, 0x18A3, 0x20E3, 0x3104, 0x20A3, 0x51C6, 0xDCAE, 0xDCAE, 0xD4CE, 0xDD0F, 0xDD0F, 0xE50F,
    0xE4CE, 0xDCAD, 0xDCAD, 0xDC8D, 0xDC8C, 0xDC8C, 0xDC6B, 0xDC4B, 0xD42B, 0xD40A, 0xD40A, 0xCC09,
    0xCBC9, 0xC3C8, 0xC388, 0xC368, 0xBB47, 0xBB06, 0xB2C5, 0xA264, 0xA2C5, 0xCC0A, 0xCBC9, 0xB2E7,
    0xBB27, 0xC368, 0xC3A8, 0xC3A8, 0xCBC9, 0xCBE9, 0xCBEA, 0xD3EA, 0xD42A, 0xD42A, 0xD42A, 0xD44A,
    0xD44B, 0xDC4B, 0xDC4B, 0xDC4B, 0xDC6B, 0xDC8B, 0xDC6B, 0xDC6B, 0xDC4B, 0xD42B, 0xCC0B, 0xC3EA,
    0xCC0A, 0x51C5, 0x0841, 0x1882, 0x1061, 0x1061, 0x0861, 0x1061, 0x1061, 0x1062, 0x1062, 0x1062,
    0x1061, 0x1081, 0x1061, 0x1061, 0x1061, 0x1061, 0x1061, 0x1061, 0x1061, 0x0840, 0x0840, 0x0820,
    0x0820, 0x0820, 0x0800, 0x0000, 0x1840, 0x5941, 0x4901, 0x38A0, 0x38A1, 0x40C1, 0x38A1, 0x6183,
    0xA307, 0xB348, 0xBBA9, 0xC3CA, 0xCBEA, 0xCC0B, 0xD42B, 0xD44B, 0xD44C, 0xDC8C, 0xDC8C, 0xDC8C,
    0xDCAD, 0xDCAD, 0xE4AD, 0xE4CE, 0xE4CE, 0xE4CD, 0xE4EE, 0xE4CD, 0xE4CE, 0xE4CD, 0xE4AD, 0xE4AC,
    0xDC8B, 0xDC8B, 0xDC6B, 0xDC4B, 0xDC6B, 0xDC4B, 0xD44B, 0xDC6B, 0xDC4A, 0xDC2A, 0xDC2A, 0xD409,
    0xD409, 0xD409, 0xD408, 0xDC28, 0xE448, 0xEC68, 0xECA9, 0xF4E9, 0xF54A, 0xF549, 0xF509, 0xECC8,
    0xECC8, 0xEC88, 0xF4A8, 0x61E4, 0x1882, 0x28C2, 0x28E3, 0x2903, 0x20C3, 0x1882, 0x1082, 0x1081,
    0x1082, 0x18C2, 0x20E3, 0x20C3, 0x20E3, 0x28E3, 0x28E3, 0x28E3, 0x2903, 0x3103, 0x20C3, 0x51C5,
    0xDC6C, 0xCC4C, 0xCC8E, 0xC4B0, 0xC4F0, 0xC4F1, 0xCD12, 0xD553, 0xD553, 0xD573, 0xD593, 0xDDB4,
    0xE615, 0xE615, 0xE5F5, 0xDDB4, 0xDDD5, 0xEE36, 0xE615, 0xDDB4, 0xDDD5, 0xE5F5, 0xDDD5, 0xDDB4,
    0xE5D5, 0xEE15, 0xEE15, 0xDDB4, 0xDD93, 0xDD94, 0xE5D5, 0xEE15, 0xEE15, 0xDDB4, 0xDDB4, 0xE5F5,
    0x0820, 0x0000, 0x20C3, 0x39A7, 0x3186, 0x2965, 0x2124, 0x2104, 0x1904, 0x18C4, 0x10C4, 0x10A3,
    0x0883, 0x0062, 0x0862, 0x0863, 0x0883, 0x10C4, 0x1905, 0x2145, 0x2145, 0x1904, 0x10C4, 0x08A4,
    0x10C4, 0x834E, 0x9B6D, 0xA349, 0xAB49, 0xB369, 0xBB89, 0xC3A9, 0xC3C9, 0xCBE9, 0xCC0A, 0xD42A,
    0xCC2C, 0xDC6C, 0xE48C, 0xE4AD, 0xECCE, 0xECEE, 0xECEE, 0xE4EE, 0xE48C, 0xC348, 0xAA65, 0xB2E7,
    0xCBEA, 0xD44B, 0xD44C, 0xDC6C, 0xDC6C, 0xDC8D, 0xE4AD, 0xE4AD, 0xE4AD, 0xE4AD, 0xE4AD, 0xECCE,
    0xE4AD, 0xECCD, 0xED2F, 0xE4AC, 0xDC09, 0xD3C9, 0xAAC6, 0x81C3, 0xB306, 0xC3A8, 0xCBC9, 0xCBCA,
    0xCBC9, 0xC389, 0xBB68, 0xAB07, 0x8A05, 0x5122, 0x30A1, 0x30C2, 0x20A2, 0x18A2, 0x20E4, 0x2924,
    0x5A8A, 0x6ACB, 0x3987, 0x2925, 0x18A3, 0x18A3, 0x18C2, 0x20C2, 0x7224, 0x9AE6, 0x5163, 0x1882,
    0x1082, 0x1882, 0x1082, 0x18A2, 0x1882, 0x1082, 0x1883, 0x1883, 0x18A3, 0x20E4, 0x3166, 0x20E4,
    0x1082, 0x18C3, 0x2925, 0x3145, 0x2925, 0x20C3, 0x20E4, 0x18A3, 0x18A3, 0x18A3, 0x20E3, 0x2904,
    0x2904, 0x1062, 0x59E6, 0xDCCE, 0xDCEF, 0xDCEF, 0xDCEF, 0xDCEE, 0xE4CE, 0xDCAE, 0xDCAD, 0xDC8D,
    0xDC8C, 0xDC6B, 0xDC6B, 0xD44B, 0xD42B, 0xD40B, 0xD40A, 0xCBE9, 0xCBC9, 0xC3C8, 0xC3A8, 0xC368,
    0xBB47, 0xBB06, 0xB2C5, 0x9A44, 0x9AA4, 0xCC09, 0xBB68, 0xB2C6, 0xBB27, 0xC388, 0xC3A8, 0xCBC8,
    0xCBE9, 0xCBE9, 0xD3EA, 0xD40A, 0xD42A, 0xD44A, 0xD44A, 0xD44A, 0xDC4B, 0xDC6C, 0xDC6C, 0xDC6C,
    0xDC8B, 0xDC8B, 0xD48B, 0xD46B, 0xD44C, 0xD42B, 0xCC0B, 0xCC0B, 0x51C4, 0x0841, 0x1882, 0x1082,
    0x1061, 0x0841, 0x1061, 0x1061, 0x1862, 0x1062, 0x1062, 0x1062, 0x1061, 0x1061, 0x1081, 0x1062,
    0x1062, 0x1062, 0x1061, 0x1061, 0x1061, 0x1061, 0x0840, 0x0820, 0x0820, 0x0820, 0x0000, 0x0820,
    0x0000, 0x4901, 0x5141, 0x38C1, 0x38C1, 0x40C1, 0x40C1, 0x4901, 0x9285, 0xAB27, 0xB389, 0xBBA9,
    0xC3CA, 0xCC0A, 0xD42B, 0xD42B, 0xD44B, 0xD46C, 0xDC8C, 0xDC8C, 0xDCAD, 0xDCCD, 0xE4CE, 0xE4AD,
    0xE4EE, 0xDCCD, 0xE4CD, 0xE4CD, 0xE4CD, 0xE4AD, 0xE48C, 0xE4AC, 0xDC8B, 0xDC8B, 0xDC6B, 0xDC6B,
    0xDC6C, 0xDC4B, 0xD44A, 0xD46B, 0xD44A, 0xDC4B, 0xDC4A, 0xDC2A, 0xD409, 0xD409, 0xD408, 0xD408,
    0xDC28, 0xDC28, 0xE448, 0xEC68, 0xF4E9, 0xF549, 0xF56A, 0xF54A, 0xECC8, 0xEC88, 0xF4A8, 0xD3E6,
    0x20A2, 0x20C2, 0x2903, 0x2903, 0x20C2, 0x1882, 0x1882, 0x1082, 0x1082, 0x18C2, 0x20E3, 0x20E3,
    0x28E3, 0x28E3, 0x28E3, 0x2903, 0x2903, 0x2903, 0x20C3, 0x59C5, 0xDC6B, 0xCC4C, 0xCC8E, 0xC4B0,
    0xC4F0, 0xC4F1, 0xCD32, 0xD533, 0xD553, 0xD573, 0xD594, 0xDDB4, 0x8B6C, 0x6248, 0xB470, 0xE5F5,
    0xD594, 0x8B6C, 0xAC4F, 0xE615, 0xD594, 0xC4F2, 0xE5D5, 0xE5D5, 0xCD53, 0x9BCD, 0x9BCD, 0xD573,
    0xE5D4, 0xDD94, 0xB470, 0x9BCD, 0x8B4B, 0xC511, 0xBCD0, 0x72C9, 0x0000, 0x1041, 0x3146, 0x3987,
    0x3186, 0x2945, 0x1904, 0x18E4, 0x18C4, 0x10A3, 0x08A3, 0x08A3, 0x0862, 0x0062, 0x0862, 0x0862,
    0x0883, 0x10C4, 0x1925, 0x2966, 0x2966, 0x1925, 0x10E5, 0x0883, 0x628C, 0xA3AE, 0xA329, 0xAB49,
    0xB369, 0xBB89, 0xC3A9, 0xC3A9, 0xCBC9, 0xCBEA, 0xD42A, 0xCC2B, 0xD42C, 0xE4AD, 0xECEF, 0xECEE,
    0xE4AD, 0xE4CD, 0xE4CD, 0xE4CD, 0xE4AD, 0xE46C, 0xC369, 0x99E5, 0x91E4, 0xBB28, 0xCC0A, 0xD42B,
    0xDC4C, 0xDC6C, 0xDC8C, 0xE48C, 0xE48C, 0xE46C, 0xE4AD, 0xECCE, 0xECAD, 0xED0E, 0xECCD, 0xE44A,
    0xD3C9, 0xCB88, 0xC389, 0x9245, 0x81C3, 0xAAE6, 0xBB68, 0xC389, 0xBB89, 0xBB68, 0xB328, 0xA2A6,
    0x79C4, 0x5122, 0x40C1, 0x30C2, 0x28C2, 0x18A3, 0x18C3, 0x2925, 0x39A6, 0x62AA, 0x4A09, 0x3966,
    0x20E4, 0x18A3, 0x18A2, 0x18C2, 0x3102, 0x92E6, 0x8A65, 0x3903, 0x1062, 0x18A2, 0x1082, 0x18A2,
    0x1882, 0x1882, 0x1883, 0x1882, 0x18A3, 0x18C3, 0x20E4, 0x2925, 0x18A3, 0x20E4, 0x3146, 0x3146,
    0x2904, 0x20E4, 0x2904, 0x18A3, 0x18A3, 0x20E3, 0x18C3, 0x2904, 0x20E4, 0x3125, 0x18A3, 0x49A5,
    0xCC8E, 0xE50F, 0xD4AE, 0xDCCE, 0xDCCE, 0xDCAE, 0xDCAD, 0xDCAD, 0xDC8C, 0xD46B, 0xDC6B, 0xD44B,
    0xD42B, 0xD40B, 0xD40A, 0xCBE9, 0xC3C9, 0xC3A8, 0xC388, 0xC368, 0xBB47, 0xB2E6, 0xB2C5, 0x9A43,
    0x9264, 0xC3E9, 0xAAE6, 0xB2E6, 0xC368, 0xC388, 0xCBC8, 0xCBE9, 0xCBE9, 0xCBE9, 0xD40A, 0xD40A,
    0xD42A, 0xD44A, 0xD44A, 0xD46B, 0xDC6B, 0xDC6C, 0xDC6C, 0xDC6C, 0xDC8C, 0xDC8B, 0xD46B, 0xD46B,
    0xCC2B, 0xD42C, 0xCC0B, 0x5184, 0x0841, 0x18A2, 0x1081, 0x1061, 0x0841, 0x1061, 0x1061, 0x1061,
    0x1862, 0x1061, 0x1062, 0x1061, 0x1061, 0x1061, 0x1061, 0x1062, 0x1062, 0x1062, 0x1061, 0x1061,
    0x1061, 0x1081, 0x0840, 0x0820, 0x0821, 0x0820, 0x0000, 0x0820, 0x0000, 0x20A0, 0x5962, 0x40E1,
    0x38C1, 0x40C1, 0x48E1, 0x48E1, 0x79E3, 0xA307, 0xB348, 0xBB89, 0xC3CA, 0xC3EA, 0xCC0B, 0xCC0B,
    0xD44B, 0xD44B, 0xD48C, 0xDC8C, 0xDC8C, 0xDCAD, 0xDCAD, 0xE4CD, 0xE4AD, 0xE4CD, 0xE4CD, 0xE4CD,
    0xE4CD, 0xE4CD, 0xE4AD, 0xE4AC, 0xDCAC, 0xDC6B, 0xDC6B, 0xDC4B, 0xDC6C, 0xDC6B, 0xD44B, 0xD46B,
    0xD46B, 0xDC4B, 0xDC4B, 0xDC4A, 0xDC2A, 0xD409, 0xD409, 0xD408, 0xD408, 0xDC08, 0xDC08, 0xE428,
    0xE448, 0xECE8, 0xF529, 0xF54A, 0xF54A, 0xECC8, 0xE447, 0xF4A8, 0x92A4, 0x18A2, 0x3124, 0x2903,
    0x20A2, 0x1882, 0x18A2, 0x10A2, 0x1082, 0x18A2, 0x20C3, 0x28E3, 0x28E3, 0x2903, 0x2903, 0x2903,
    0x2903, 0x3103, 0x20C3, 0x59C5, 0xDC4B, 0xCC2C, 0xCC6E, 0xC48F, 0xC4D0, 0xC4F1, 0xCD12, 0xCD32,
    0xD553, 0xD553, 0xE5D5, 0x938C, 0x830B, 0xB470, 0xA40E, 0xE616, 0x6A68, 0x7B0A, 0x6227, 0xB4B0,
    0xBCD1, 0x72A9, 0xE616, 0xE5F5, 0xA3EE, 0x51A5, 0x832B, 0x5A06, 0xCD32, 0xC4D1, 0x4985, 0x830B,
    0x8B6C, 0xD552, 0x72A9, 0x6A68, 0x0000, 0x18A3, 0x3146, 0x2945, 0x2945, 0x2124, 0x18E4, 0x18E4,
    0x10A4, 0x08A4, 0x0883, 0x0883, 0x0862, 0x0062, 0x0862, 0x0862, 0x0883, 0x10C4, 0x1925, 0x2145,
    0x2166, 0x2146, 0x08A3, 0x4A0A, 0xA3B0, 0xA32A, 0xAB49, 0xB349, 0xBB69, 0xC389, 0xC389, 0xCBC9,
    0xCBEA, 0xD40A, 0xD42A, 0xCC0B, 0xDC4C, 0xECEE, 0xECEF, 0xECAD, 0xE48D, 0xE4AD, 0xE4CD, 0xE4AD,
    0xE4AD, 0xE4AD, 0xE48D, 0xDC4B, 0xBB28, 0x9A45, 0xB2A6, 0xC389, 0xD40B, 0xD42B, 0xD46C, 0xDC8C,
    0xDC6C, 0xE46C, 0xE48D, 0xE48D, 0xECAD, 0xECCD, 0xE46B, 0xDBC9, 0xCB68, 0xC348, 0xC368, 0xBB88,
    0x8204, 0x79A3, 0xAAC6, 0xB307, 0xB328, 0xB348, 0xAAE7, 0x9225, 0x6983, 0x5122, 0x5942, 0x4902,
    0x1882, 0x1082, 0x18C3, 0x2104, 0x2925, 0x5229, 0x6ACC, 0x41A7, 0x2925, 0x20E4, 0x20E3, 0x20E2,
    0x18A1, 0x4963, 0x69E4, 0x4922, 0x20A2, 0x1082, 0x18A2, 0x1082, 0x1882, 0x1882, 0x1883, 0x1882,
    0x18A3, 0x18A3, 0x20E3, 0x2925, 0x20E4, 0x2925, 0x3166, 0x3145, 0x20E4, 0x2904, 0x2104, 0x18C3,
    0x20C3, 0x20E4, 0x20E3, 0x20C3, 0x20E4, 0x3125, 0x3124, 0x1882, 0x3123, 0xAC0C, 0xE52F, 0xDCAE,
    0xD48D, 0xDCAE, 0xDCAE, 0xDCAD, 0xDC8C, 0xD46B, 0xD44B, 0xD44B, 0xD42B, 0xD40B, 0xD40A, 0xCBE9,
    0xC3C9, 0xC3A8, 0xC388, 0xC368, 0xBB27, 0xB2E6, 0xB2C5, 0x9223, 0x8203, 0xB368, 0xA2A5, 0xBB27,
    0xC368, 0xC388, 0xCBC9, 0xCBE9, 0xCBE9, 0xD40A, 0xD40A, 0xDC2B, 0xDC4B, 0xD44B, 0xD46B, 0xD46B,
    0xDC6C, 0xDC8D, 0xDCAD, 0xDC8D, 0xDCAD, 0xD48C, 0xD46B, 0xCC4B, 0xDC6C, 0xBBAB, 0x3924, 0x0841,
    0x18A2, 0x1061, 0x1081, 0x0841, 0x1061, 0x1061, 0x1061, 0x1061, 0x1062, 0x1062, 0x1062, 0x1061,
    0x1061, 0x1061, 0x1061, 0x1061, 0x1062, 0x1062, 0x1062, 0x1061, 0x1061, 0x1081, 0x1061, 0x0820,
    0x0821, 0x0821, 0x0000, 0x0000, 0x0000, 0x0820, 0x5142, 0x4901, 0x40C1, 0x48E2, 0x5102, 0x5121,
    0x6162, 0x9AC6, 0xAB28, 0xB369, 0xBB89, 0xC3CA, 0xCBEA, 0xCBEA, 0xCC0A, 0xD42B, 0xD46B, 0xD46B,
    0xDC8C, 0xDC8D, 0xDCAD, 0xDCAD, 0xE4AD, 0xDCAD, 0xDCAC, 0xE4AD, 0xE4CD, 0xE4AD, 0xE4AD, 0xE4AC,
    0xE4AC, 0xDC8B, 0xDC4B, 0xDC4B, 0xDC4B, 0xDC6B, 0xD44B, 0xD44B, 0xD46B, 0xDC6B, 0xDC4B, 0xDC4B,
    0xDC4A, 0xD42A, 0xD429, 0xD409, 0xD408, 0xD3E8, 0xD3E8, 0xDBE8, 0xDC27, 0xE468, 0xECC8, 0xF509,
    0xF52A, 0xF54B, 0xECA8, 0xE447, 0xF4A7, 0x6A04, 0x2903, 0x3124, 0x20C3, 0x18A2, 0x18A2, 0x18A2,
    0x1082, 0x18A2, 0x18A2, 0x20C2, 0x20C3, 0x28E3, 0x2904, 0x2903, 0x2903, 0x3103, 0x20E3, 0x51A5,
    0xD44B, 0xCC2C, 0xCC6E, 0xBC8F, 0xC4D0, 0xC4F1, 0xCD12, 0xCD33, 0xD553, 0xD553, 0xE5D5, 0x7AEA,
    0x8B8C, 0xF657, 0xF657, 0xA40E, 0x72A9, 0xFEB7, 0xB490, 0x7B0B, 0xAC4F, 0x8B4B, 0xEE16, 0xE5F5,
    0xB46F, 0x8B4B, 0xFEB7, 0x9BED, 0x7AEA, 0xB490, 0x830B, 0xFE98, 0xE5D5, 0xE5F5, 0x72C9, 0xC512,
    0x1861, 0x3145, 0x3166, 0x2966, 0x2965, 0x2125, 0x1904, 0x18E4, 0x10C4, 0x08A4, 0x08A4, 0x0883,
    0x0863, 0x0862, 0x0862, 0x0883, 0x10A3, 0x10C4, 0x1104, 0x1925, 0x2145, 0x10E4, 0x31A8, 0xA3B1,
    0xA34C, 0xAB49, 0xB369, 0xBB69, 0xC389, 0xC389, 0xC3A9, 0xCBC9, 0xD3EA, 0xD42A, 0xD42A, 0xC3CA,
    0xDC0B, 0xE48C, 0xE4AD, 0xE48D, 0xE48C, 0xE46C, 0xE48C, 0xE4AD, 0xE4CE, 0xE4CE, 0xE4AE, 0xE4CE,
    0xECCD, 0xE4AD, 0xCBCA, 0xBAE8, 0xBB08, 0xC389, 0xCBEA, 0xCC0B, 0xD44B, 0xDC4B, 0xDC4B, 0xE46C,
    0xE48C, 0xE48B, 0xDC29, 0xCB67, 0xBB07, 0xBB28, 0xBB68, 0xC3A9, 0xB348, 0x79C3, 0x79A3, 0xA285,
    0xA2A6, 0xA2C7, 0x9245, 0x79C3, 0x6183, 0x6162, 0x79C3, 0x4102, 0x1041, 0x1882, 0x18A3, 0x18E3,
    0x2925, 0x3186, 0x62AB, 0x5249, 0x3987, 0x2904, 0x1081, 0x0840, 0x0000, 0x0000, 0x0000, 0x1061,
    0x20A2, 0x1082, 0x1882, 0x1082, 0x18A2, 0x1882, 0x1883, 0x1882, 0x18A2, 0x1882, 0x20C3, 0x3125,
    0x2925, 0x3146, 0x3166, 0x3145, 0x20E4, 0x2925, 0x20E4, 0x18A3, 0x20E4, 0x20E3, 0x2904, 0x20E4,
    0x20E4, 0x3145, 0x28E4, 0x20E3, 0x1882, 0x18A2, 0x7AC8, 0xD4CE, 0xE4EF, 0xD48D, 0xD48D, 0xDC8D,
    0xD46C, 0xD46B, 0xD44B, 0xD44B, 0xD42B, 0xD40B, 0xCBEA, 0xCBE9, 0xC3C9, 0xC3A8, 0xBB88, 0xBB68,
    0xBB27, 0xB2E6, 0xAAC5, 0x9223, 0x71C3, 0x9AA6, 0xAAA6, 0xC348, 0xC368, 0xCBA9, 0xCBC9, 0xCBE9,
    0xCBE9, 0xD40A, 0xD40B, 0xD42B, 0xD44B, 0xD46B, 0xDC6B, 0xDC6B, 0xDC8C, 0xDC8D, 0xDCAE, 0xDC8D,
    0xD48D, 0xD46C, 0xD4AC, 0xD46C, 0x8AC8, 0x20A2, 0x1062, 0x1882, 0x1061, 0x1061, 0x0841, 0x1061,
    0x1061, 0x1061, 0x1062, 0x1082, 0x1882, 0x1062, 0x1062, 0x1062, 0x1061, 0x1061, 0x1061, 0x1061,
    0x1062, 0x1062, 0x1062, 0x1061, 0x1061, 0x1081, 0x1061, 0x0841, 0x0821, 0x0821, 0x0820, 0x0000,
    0x0820, 0x0000, 0x30C1, 0x5942, 0x40C1, 0x48E2, 0x5102, 0x5942, 0x5941, 0x8A65, 0xAB27, 0xB348,
    0xBB89, 0xBBA9, 0xC3CA, 0xCBEA, 0xCBEA, 0xCC0A, 0xD44B, 0xD46B, 0xD46C, 0xDC8C, 0xDC8D, 0xDC8C,
    0xDCAD, 0xDCAC, 0xDCAC, 0xDCAC, 0xE4AD, 0xE4AD, 0xE4AD, 0xE4AC, 0xDCAC, 0xDC8C, 0xDC6B, 0xDC4B,
    0xDC4B, 0xDC4B, 0xD44B, 0xD44B, 0xD44B, 0xD44B, 0xDC4B, 0xDC4B, 0xDC4B, 0xDC4A, 0xD42A, 0xD42A,
    0xD409, 0xD3E9, 0xD3C8, 0xD3E8, 0xD3E8, 0xDC28, 0xE448, 0xEC88, 0xECC9, 0xF50A, 0xF54A, 0xECA8,
    0xEC66, 0xE447, 0x4984, 0x2904, 0x28E3, 0x20C3, 0x28E3, 0x20C3, 0x18A2, 0x18A2, 0x1082, 0x1082,
    0x1082, 0x18A2, 0x18A3, 0x18C3, 0x20C3, 0x28E3, 0x20C3, 0x51A4, 0xD42B, 0xCC2C, 0xCC6E, 0xBC8F,
    0xC4D0, 0xC4F1, 0xCD12, 0xCD32, 0xD553, 0xD553, 0xD593, 0xCD53, 0x6A89, 0x6248, 0xE5D5, 0x830B,
    0xAC2F, 0xEE16, 0xBCD0, 0x7B0B, 0x93CD, 0x9BED, 0xE5F6, 0xE5F6, 0xA3EE, 0x8B4B, 0xE615, 0xC512,
    0x6A89, 0x9BCD, 0x4165, 0x6A69, 0x7B0A, 0xDDB4, 0x6247, 0x7B0A, 0x3166, 0x39A7, 0x39A7, 0x39A7,
    0x39A7, 0x2965, 0x2104, 0x10C4, 0x10C4, 0x10C4, 0x10E4, 0x08E4, 0x08A4, 0x0883, 0x0862, 0x10A3,
    0x10C4, 0x10E4, 0x1104, 0x1925, 0x1104, 0x2987, 0x9391, 0xA36D, 0xA329, 0xAB49, 0xB368, 0xBB88,
    0xC388, 0xC3A9, 0xCBC9, 0xD3EA, 0xD42A, 0xD42A, 0xD42A, 0xBB69, 0xCBA9, 0xDC0A, 0xDC2B, 0xE46C,
    0xE4AD, 0xE48C, 0xE46C, 0xE46C, 0xE48D, 0xE4CE, 0xE4CE, 0xE4EE, 0xE4CE, 0xE4EE, 0xECEE, 0xE48D,
    0xD3AA, 0xBAE7, 0xBAC7, 0xBB48, 0xC389, 0xCBA9, 0xD3CA, 0xDBEA, 0xDC0A, 0xDC09, 0xD3A8, 0xC327,
    0xBB27, 0xBB27, 0xBB68, 0xC389, 0xBB88, 0xAAE6, 0x7183, 0x7183, 0x9225, 0x8A04, 0x81E4, 0x71C3,
    0x6983, 0x71C3, 0x69A3, 0x2081, 0x1062, 0x1882, 0x1882, 0x18C3, 0x20E3, 0x2104, 0x49E8, 0x5A8A,
    0x20C3, 0x0020, 0x0000, 0x0020, 0x0840, 0x0820, 0x0000, 0x0820, 0x1881, 0x1082, 0x1082, 0x1082,
    0x1882, 0x1882, 0x1082, 0x1882, 0x1883, 0x1082, 0x18A2, 0x2904, 0x3146, 0x3146, 0x3146, 0x3125,
    0x3125, 0x2905, 0x20C3, 0x20C3, 0x2904, 0x20E4, 0x2925, 0x3125, 0x3145, 0x20E4, 0x20E3, 0x18A2,
    0x18A2, 0x18A2, 0x0841, 0x3124, 0x9B4A, 0xD48D, 0xDCAE, 0xD46D, 0xCC4B, 0xD44B, 0xD44B, 0xD42B,
    0xD40B, 0xCBEA, 0xCBEA, 0xCBE9, 0xC3C9, 0xC3A8, 0xBB68, 0xBB48, 0xB327, 0xB2E6, 0xAAC5, 0x9223,
    0x6162, 0x9244, 0xB2E6, 0xC348, 0xC368, 0xC3A9, 0xCBE9, 0xCBE9, 0xCBE9, 0xD40A, 0xD42B, 0xD42B,
    0xD44B, 0xDC6B, 0xDC6B, 0xDC8C, 0xDC8C, 0xDC8D, 0xDC6D, 0xD46D, 0xDCAD, 0xDCAD, 0xABCA, 0x4984,
    0x0841, 0x1862, 0x1882, 0x1062, 0x1081, 0x0841, 0x1061, 0x1082, 0x1061, 0x1062, 0x1882, 0x1882,
    0x1882, 0x1062, 0x1062, 0x1082, 0x1081, 0x1061, 0x1061, 0x0841, 0x1041, 0x1862, 0x1061, 0x1061,
    0x1081, 0x1061, 0x1861, 0x1041, 0x0821, 0x0821, 0x0820, 0x0000, 0x0020, 0x0020, 0x1040, 0x5122,
    0x40E1, 0x48E2, 0x5922, 0x5942, 0x5941, 0x71C3, 0xA2E7, 0xAB08, 0xB349, 0xBB89, 0xC3CA, 0xC3CA,
    0xCBEA, 0xCC0A, 0xD42B, 0xD44B, 0xD46B, 0xDC6C, 0xDC6C, 0xDC8C, 0xDCAD, 0xDCAD, 0xDCAD, 0xDCAC,
    0xE4AD, 0xE48D, 0xE4AD, 0xE4AD, 0xDCAC, 0xDC8C, 0xDC8B, 0xDC6B, 0xDC4B, 0xDC4B, 0xDC6B, 0xDC6B,
    0xD44B, 0xDC4B, 0xDC4B, 0xDC4B, 0xDC4B, 0xDC4A, 0xDC4A, 0xDC2A, 0xD429, 0xD409, 0xD3E9, 0xD3E9,
    0xD3E8, 0xD3E8, 0xDC08, 0xDC27, 0xE447, 0xEC88, 0xF4E9, 0xF529, 0xECA7, 0xF4A7, 0xBBA6, 0x30E3,
    0x28E3, 0x28E3, 0x28E3, 0x20E3, 0x20E3, 0x20C2, 0x1082, 0x1082, 0x1082, 0x1082, 0x1082, 0x1082,
    0x1082, 0x18A2, 0x1882, 0x4984, 0xD42B, 0xCC2C, 0xCC6E, 0xC48F, 0xC4D0, 0xC4F1, 0xCD11, 0xCD32,
    0xD533, 0xD553, 0xD553, 0xE5D5, 0xF656, 0x8B8C, 0x7AEA, 0x830B, 0xBCD1, 0xFE98, 0x93AD, 0x8B6C,
    0x8B8C, 0xB4B0, 0xF657, 0xF657, 0x9BAD, 0x9BCD, 0xFEB7, 0x7AEA, 0x8B4B, 0x9BAD, 0x7ACA, 0xCD12,
    0xDD73, 0xDD93, 0x5A06, 0x6A68, 0x3187, 0x31A8, 0x39C7, 0x41C7, 0x39C7, 0x3186, 0x1905, 0x10E4,
    0x10E4, 0x10E5, 0x1105, 0x1105, 0x10E4, 0x08A3, 0x0883, 0x10C4, 0x1905, 0x1905, 0x1925, 0x1124,
    0x2166, 0x8B70, 0xA36E, 0xA32A, 0xAB29, 0xB348, 0xBB88, 0xC388, 0xCBA9, 0xCBE9, 0xD3EA, 0xD40A,
    0xD42A, 0xD42B, 0xDC6B, 0xB368, 0xBB68, 0xD3EA, 0xD3EA, 0xDC0B, 0xE46C, 0xE48C, 0xE48C, 0xE48C,
    0xDC6C, 0xE48C, 0xE4AD, 0xE4CE, 0xE4EE, 0xE4EE, 0xE4CE, 0xECEF, 0xECCF, 0xDC6D, 0xCB89, 0xB2A6,
    0xAA86, 0xB307, 0xC328, 0xC328, 0xC327, 0xC327, 0xBB26, 0xBB27, 0xBB27, 0xB327, 0xBB68, 0xBB89,
    0xBB68, 0xB348, 0x9AA5, 0x6983, 0x6142, 0x79C3, 0x79C3, 0x79C3, 0x71A3, 0x81E3, 0x6163, 0x1861,
    0x2082, 0x1082, 0x1882, 0x18A2, 0x18A3, 0x2924, 0x20E4, 0x0841, 0x0000, 0x1061, 0x18A2, 0x1081,
    0x20C1, 0x61A3, 0x1840, 0x1041, 0x1882, 0x1082, 0x1082, 0x1082, 0x1082, 0x1082, 0x1082, 0x1082,
    0x1082, 0x1082, 0x1082, 0x18A3, 0x2925, 0x3125, 0x2925, 0x2925, 0x3986, 0x3146, 0x18C3, 0x20E4,
    0x20E4, 0x2924, 0x3166, 0x3166, 0x2925, 0x2904, 0x18A3, 0x1882, 0x18A2, 0x1882, 0x18C2, 0x1082,
    0x1041, 0x4144, 0x9309, 0xCC4C, 0xDC8C, 0xD46B, 0xCC0A, 0xC3EA, 0xCBEB, 0xCBCA, 0xCBCA, 0xC3C9,
    0xC3A9, 0xBB88, 0xBB68, 0xB328, 0xB307, 0xB2C6, 0xAAA5, 0x8A23, 0x5101, 0x9A65, 0xBB27, 0xBB48,
    0xC388, 0xC3A9, 0xCBE9, 0xCBE9, 0xCBE9, 0xCBEA, 0xD40B, 0xD42B, 0xD44B, 0xD46B, 0xD48B, 0xD48C,
    0xD46C, 0xDC8E, 0xE4AE, 0xDC8D, 0xBBEB, 0x6226, 0x1881, 0x0861, 0x1882, 0x1062, 0x1062, 0x1061,
    0x0841, 0x1081, 0x0840, 0x0020, 0x1061, 0x1882, 0x1061, 0x0820, 0x1061, 0x1062, 0x1041, 0x0841,
    0x0841, 0x1061, 0x1081, 0x2904, 0x20A3, 0x1041, 0x1882, 0x1061, 0x1081, 0x1061, 0x1061, 0x1061,
    0x0821, 0x0821, 0x0820, 0x0000, 0x0000, 0x0020, 0x0000, 0x38C1, 0x48E1, 0x48E1, 0x5922, 0x5942,
    0x5942, 0x6982, 0x9286, 0xA2E7, 0xAB28, 0xBB89, 0xBBA9, 0xC3CA, 0xCBEA, 0xCC0A, 0xCC2B, 0xD44B,
    0xD44B, 0xDC6C, 0xDC6C, 0xDC8C, 0xDCAD, 0xDCAC, 0xDCAD, 0xDC8C, 0xDC8C, 0xDCAD, 0xDC8C, 0xE4AD,
    0xDCAC, 0xDC8B, 0xDC8B, 0xDC6C, 0xDC4B, 0xDC4B, 0xDC4B, 0xDC6B, 0xD44A, 0xDC4B, 0xDC2B, 0xDC4B,
    0xDC4A, 0xDC2A, 0xDC4A, 0xDC4A, 0xDC29, 0xDC2A, 0xDC09, 0xD3E9, 0xD3E8, 0xD3E8, 0xD3E8, 0xD3E7,
    0xDBE7, 0xDC07, 0xE468, 0xECC9, 0xF509, 0xE487, 0xF4C8, 0x92A5, 0x18A3, 0x2904, 0x28E4, 0x28E3,
    0x20E3, 0x20C3, 0x18A2, 0x10A2, 0x1882, 0x18A3, 0x18A2, 0x10A2, 0x10A2, 0x18A2, 0x1082, 0x4164,
    0xD42B, 0xCC2C, 0xCC8E, 0xC48F, 0xC4B0, 0xC4D0, 0xCD11, 0xCD32, 0xD532, 0xD553, 0xD553, 0x8B4B,
    0xC4D1, 0x8B4C, 0x7ACA, 0x93AD, 0x7ACA, 0xB4B0, 0x51A5, 0xD553, 0x72A9, 0x9BCD, 0xAC2F, 0xC512,
    0x936C, 0x832B, 0x93AC, 0x59E6, 0xE5D4, 0x830B, 0x9BCE, 0xCD12, 0x9BAD, 0xBCD0, 0x5A06, 0xE5D4,
    0x3187, 0x3187, 0x31A7, 0x39C8, 0x39C7, 0x2965, 0x1905, 0x10E5, 0x10E5, 0x1105, 0x1105, 0x1905,
    0x10E4, 0x10A3, 0x10A4, 0x18E5, 0x1926, 0x1905, 0x1104, 0x1925, 0x7B2F, 0xA38E, 0xA32A, 0xAB29,
    0xB348, 0xBB88, 0xC3A8, 0xCBA9, 0xCBC9, 0xD3EA, 0xD40A, 0xD42A, 0xDC4B, 0xDC4B, 0xDC6B, 0xC3CA,
    0xA2C7, 0xC3A9, 0xCBEB, 0xDC2C, 0xDC4C, 0xE46C, 0xE48C, 0xDC8D, 0xDC8D, 0xE48C, 0xE48D, 0xE4AD,
    0xE4CE, 0xECEE, 0xECEF, 0xECEF, 0xECEF, 0xE4CE, 0xE4AE, 0xDC0B, 0xBAE7, 0xAA45, 0xAA66, 0xAA86,
    0xA286, 0xAAA6, 0xAAC6, 0xB306, 0xB327, 0xBB48, 0xBB89, 0xBB89, 0xBB68, 0xB368, 0xAB07, 0x8A44,
    0x6142, 0x6142, 0x79C3, 0x71C3, 0x79E3, 0x9264, 0x8A24, 0x30C1, 0x2081, 0x1882, 0x1062, 0x1882,
    0x20C3, 0x1081, 0x0000, 0x0820, 0x5A49, 0x41E7, 0x20E3, 0x18C2, 0x10A2, 0x59A3, 0x69C3, 0x1061,
    0x1082, 0x1082, 0x1082, 0x1082, 0x1082, 0x1082, 0x1082, 0x1082, 0x1082, 0x1082, 0x1082, 0x18A3,
    0x20C3, 0x2904, 0x2925, 0x3146, 0x3966, 0x2924, 0x18C3, 0x2104, 0x2904, 0x3145, 0x3986, 0x3166,
    0x3125, 0x3124, 0x20C3, 0x1082, 0x1062, 0x1082, 0x18A2, 0x1082, 0x1882, 0x0841, 0x0841, 0x3103,
    0x6A46, 0xA349, 0xC40A, 0xCC2B, 0xCBEA, 0xC3CA, 0xC3C9, 0xBBA9, 0xBB88, 0xBB68, 0xB348, 0xB327,
    0xAAE7, 0xAAC6, 0xAAA5, 0x81E3, 0x5122, 0xAAE6, 0xBB28, 0xBB68, 0xC389, 0xC3C9, 0xC3C9, 0xCBE9,
    0xCBEA, 0xCC0B, 0xCC0B, 0xD42C, 0xD44B, 0xD46C, 0xD48C, 0xD48C, 0xDCAD, 0xD46D, 0xA38B, 0x59E6,
    0x1882, 0x0841, 0x1082, 0x1882, 0x1062, 0x1062, 0x1061, 0x1041, 0x1061, 0x0820, 0x3985, 0x5A48,
    0x1882, 0x1041, 0x20C3, 0x5A69, 0x2904, 0x0821, 0x20C3, 0x6ACA, 0x62A9, 0x1061, 0x5A48, 0x6AAA,
    0x6A8A, 0x3966, 0x1041, 0x1881, 0x1881, 0x1081, 0x1061, 0x1061, 0x1041, 0x0821, 0x0820, 0x0820,
    0x0000, 0x0000, 0x0000, 0x1840, 0x48E1, 0x48E1, 0x5942, 0x5941, 0x5941, 0x71A2, 0x8A45, 0x9AC7,
    0xAB28, 0xB369, 0xBB89, 0xC3AA, 0xC3CA, 0xCBEA, 0xCC0A, 0xD44B, 0xD44B, 0xD46C, 0xDC6C, 0xDC6C,
    0xDC8C, 0xDCAC, 0xDCAC, 0xDC8C, 0xDC8C, 0xDC8C, 0xDC8C, 0xDCAC, 0xDC8C, 0xDC8B, 0xE48C, 0xDC8C,
    0xDC6B, 0xDC4B, 0xDC4A, 0xDC4A, 0xDC4A, 0xDC4B, 0xDC4B, 0xDC4B, 0xDC2A, 0xDC4A, 0xDC4A, 0xD44A,
    0xDC2A, 0xDC2A, 0xDC0A, 0xD409, 0xD409, 0xD3E8, 0xD3C8, 0xD3E8, 0xD3C7, 0xD3C7, 0xDC07, 0xE447,
    0xECA8, 0xECE8, 0xECA8, 0xF4C8, 0x51A4, 0x20C3, 0x2904, 0x28E3, 0x28E3, 0x20C3, 0x18A2, 0x18A2,
    0x18A2, 0x18A3, 0x18C3, 0x20C3, 0x20C3, 0x20C3, 0x18A3, 0x4144, 0xD42B, 0xCC2C, 0xCC6E, 0xC48F,
    0xC4B0, 0xC4D0, 0xC4F1, 0xCD32, 0xD532, 0xD553, 0xDD94, 0x9BCD, 0x6247, 0x72C9, 0xCD53, 0xDD94,
    0x7ACA, 0x6248, 0xB4B0, 0xEE36, 0x8B8C, 0x6248, 0x72A9, 0xAC4F, 0xA40E, 0x59E6, 0x8B6C, 0xD593,
    0xEE15, 0xA3EE, 0x59C7, 0x7269, 0x830A, 0xC4F1, 0x8B4B, 0xDDB3, 0x49C7, 0x3986, 0x31A8, 0x320C,
    0x320B, 0x2988, 0x10E5, 0x08A5, 0x10E5, 0x1905, 0x10E4, 0x10E4, 0x10C4, 0x10A3, 0x10A4, 0x18E5,
    0x1926, 0x10E5, 0x08E5, 0x72ED, 0x9B6E, 0x9B09, 0xAB28, 0xB348, 0xBB68, 0xC3A8, 0xCBC9, 0xCBE9,
    0xD3E9, 0xD40A, 0xD42A, 0xD42B, 0xDC4B, 0xDC4B, 0xDC6B, 0xDC6B, 0xA2E8, 0xAB08, 0xC3AA, 0xD40B,
    0xDC4C, 0xDC6D, 0xDC8C, 0xDC8C, 0xE4AD, 0xE4AD, 0xE48D, 0xE4AD, 0xE4AD, 0xE4CD, 0xECEE, 0xECEE,
    0xECCE, 0xE4AE, 0xE4AD, 0xE4AE, 0xE4AD, 0xD3EB, 0xC2E8, 0xAA25, 0x91E4, 0x9224, 0x9A85, 0xAB06,
    0xBB47, 0xBB68, 0xBB69, 0xBB68, 0xBB68, 0xB347, 0xAB27, 0x9A85, 0x79C3, 0x71A2, 0x79C3, 0x79C3,
    0x9224, 0x9A64, 0x8224, 0x38E2, 0x1861, 0x1861, 0x1882, 0x18A2, 0x0841, 0x0000, 0x0820, 0x20E4,
    0x5A8A, 0x732D, 0x3166, 0x20E3, 0x18A2, 0x3102, 0x8264, 0x3903, 0x0862, 0x1082, 0x1082, 0x1082,
    0x1082, 0x1082, 0x1082, 0x1082, 0x1882, 0x1882, 0x18A2, 0x20C3, 0x20C3, 0x20C3, 0x2925, 0x3986,
    0x3146, 0x20C3, 0x2904, 0x3145, 0x3145, 0x3986, 0x3986, 0x2904, 0x20C3, 0x18A3, 0x1882, 0x1882,
    0x1082, 0x1061, 0x1882, 0x1061, 0x1062, 0x1082, 0x1882, 0x0841, 0x0821, 0x1041, 0x3103, 0x6A06,
    0x9AE8, 0xB369, 0xC3CA, 0xC3E9, 0xC3A9, 0xBB88, 0xB328, 0xAB07, 0xA2C6, 0xA2A5, 0xA2A5, 0x71C2,
    0x6183, 0xB307, 0xB328, 0xBB48, 0xC389, 0xC3C9, 0xBBA8, 0xC3C9, 0xCBEA, 0xD42C, 0xD44D, 0xDC8D,
    0xDCAD, 0xD4AD, 0xC42B, 0x9B69, 0x6A46, 0x3124, 0x1041, 0x0821, 0x1082, 0x1882, 0x1081, 0x1081,
    0x1061, 0x1041, 0x1062, 0x1882, 0x0820, 0x5227, 0x6AEA, 0x49E7, 0x18A2, 0x18A2, 0x6ACB, 0x5208,
    0x730B, 0x18A2, 0x72EB, 0x3124, 0x5207, 0x49E7, 0x5A48, 0x20C3, 0x20A3, 0x628A, 0x1041, 0x1882,
    0x1881, 0x1081, 0x1061, 0x1861, 0x1061, 0x0841, 0x0820, 0x0820, 0x0020, 0x0000, 0x0000, 0x0000,
    0x30A1, 0x5102, 0x5922, 0x5121, 0x5961, 0x81E2, 0x71E3, 0x92A6, 0xA307, 0xB348, 0xBB89, 0xBBA9,
    0xC3CA, 0xC3EA, 0xCC0A, 0xCC2A, 0xD42B, 0xDC6C, 0xDC6C, 0xDC8C, 0xDC8C, 0xDC8C, 0xDC8C, 0xDC8C,
    0xDC8C, 0xDC8C, 0xDC8C, 0xDC8C, 0xDC8C, 0xE4AC, 0xDC8B, 0xDC6C, 0xDC6B, 0xDC4B, 0xD44A, 0xDC6B,
    0xDC6B, 0xDC4B, 0xDC4B, 0xDC4B, 0xDC4B, 0xDC4A, 0xD42A, 0xDC4A, 0xDC4A, 0xDC4A, 0xDC2A, 0xDC2A,
    0xD409, 0xD409, 0xD3E8, 0xD3E8, 0xD3C8, 0xD3C8, 0xD3C7, 0xDBE7, 0xE447, 0xECA8, 0xE488, 0xECA8,
    0xDC48, 0x3923, 0x20E3, 0x28E3, 0x20E3, 0x20C2, 0x18A2, 0x18A2, 0x18A3, 0x20C3, 0x20C3, 0x20C3,
    0x20C3, 0x20E3, 0x18C3, 0x4144, 0xD40A, 0xCC2B, 0xCC6D, 0xBC6F, 0xBCB0, 0xC4D0, 0xC4F1, 0xCD32,
    0xD532, 0xD553, 0xD573, 0xE5D4, 0xDDD4, 0xE5F5, 0xDDB4, 0xDDB4, 0xE5F5, 0xE5F5, 0xE5F5, 0xDDB4,
    0xE615, 0xE615, 0xEE16, 0xE5F5, 0xDDB4, 0xE5D5, 0xEE15, 0xDDD4, 0xD593, 0xDDD4, 0xDD94, 0xE5D5,
    0xE5F5, 0xDD93, 0xDDB3, 0xD573, 0x4165, 0x49C6, 0x51E7, 0x41E9, 0x426C, 0x3A2B, 0x82E9, 0xA327,
    0x2904, 0x08A4, 0x10C4, 0x10E4, 0x10C4, 0x08A3, 0x10A4, 0x10E5, 0x10E5, 0x10E5, 0x6AED, 0xA38E,
    0x9AE9, 0xAB28, 0xBB69, 0xC389, 0xCBC9, 0xCBE9, 0xCBE9, 0xD409, 0xD40A, 0xD40A, 0xD42A, 0xD42B,
    0xD42B, 0xDC4B, 0xDC6B, 0xCC4C, 0x9B2A, 0xA2E8, 0xBB89, 0xCBCB, 0xD42C, 0xDC6C, 0xDC8C, 0xDC8C,
    0xDC8C, 0xE48D, 0xE4AD, 0xE48D, 0xE48D, 0xE48D, 0xE4AD, 0xE48D, 0xE46D, 0xE46D, 0xE48D, 0xE4AD,
    0xE4AE, 0xE4AE, 0xDC8D, 0xD3EB, 0xAA86, 0x81A3, 0x79A3, 0x9265, 0xAAE6, 0xB327, 0xB348, 0xB348,
    0xB327, 0xAB27, 0xA306, 0x9264, 0x71C3, 0x81E3, 0xAA84, 0x69A4, 0x5185, 0x4944, 0x10A3, 0x1082,
    0x1861, 0x1861, 0x1882, 0x0841, 0x0000, 0x0000, 0x1081, 0x20E3, 0x2925, 0x836E, 0x6AEC, 0x2924,
    0x20E3, 0x1082, 0x4963, 0x7A24, 0x28C2, 0x1062, 0x1082, 0x1082, 0x1082, 0x1082, 0x1882, 0x1883,
    0x1882, 0x1882, 0x18A3, 0x20E4, 0x20C3, 0x20C3, 0x3166, 0x39A7, 0x2925, 0x28E4, 0x2905, 0x3166,
    0x3145, 0x3986, 0x3145, 0x20C3, 0x1882, 0x18A2, 0x1882, 0x1882, 0x1082, 0x18A2, 0x18A2, 0x1061,
    0x1041, 0x1082, 0x1062, 0x1062, 0x1082, 0x1061, 0x1061, 0x0821, 0x1041, 0x20A2, 0x3923, 0x59C4,
    0x7A46, 0x8AA7, 0x9AA7, 0xA2A7, 0xA2C6, 0x9AA5, 0xA2A5, 0x6982, 0x8204, 0xBB28, 0xBB48, 0xC389,
    0xCBEA, 0xCC09, 0xCBE9, 0xC3C9, 0xC3EB, 0xC3EB, 0xAB8B, 0x9329, 0x7287, 0x49A4, 0x20C2, 0x1041,
    0x0821, 0x1062, 0x1882, 0x1882, 0x1061, 0x1061, 0x1061, 0x0841, 0x0841, 0x1062, 0x1882, 0x1041,
    0x3144, 0x6AEA, 0x0841, 0x20C3, 0x1883, 0x6AAA, 0x4186, 0x0000, 0x5A48, 0x5A48, 0x5A48, 0x0000,
    0x41A6, 0x4A07, 0x5A69, 0x1862, 0x3125, 0x5208, 0x0821, 0x1881, 0x1061, 0x1061, 0x1881, 0x1061,
    0x1061, 0x0841, 0x0820, 0x0820, 0x0820, 0x0020, 0x0000, 0x0000, 0x1020, 0x48E1, 0x5922, 0x5121,
    0x6161, 0x79C2, 0x2881, 0x7205, 0xA2C7, 0xAB28, 0xB369, 0xBB89, 0xC3A9, 0xC3CA, 0xCC0A, 0xCC0A,
    0xD42B, 0xD44B, 0xDC6C, 0xDC6C, 0xDC8C, 0xDC8C, 0xDC8C, 0xDC8C, 0xDC8C, 0xDC8C, 0xDC6C, 0xDC8C,
    0xDC8C, 0xDC8C, 0xE48C, 0xDC6C, 0xDC4B, 0xDC6B, 0xD42A, 0xD44A, 0xDC6B, 0xDC4B, 0xDC4B, 0xDC2B,
    0xDC2A, 0xDC4A, 0xD42A, 0xDC4A, 0xDC4A, 0xDC2A, 0xDC2A, 0xDC4A, 0xDC2A, 0xD409, 0xD409, 0xD3E8,
    0xD3E8, 0xD3C8, 0xD3C8, 0xD3C7, 0xDBE7, 0xE447, 0xECA8, 0xDC47, 0xF4A8, 0xA346, 0x18A3, 0x2903,
    0x20E3, 0x20C3, 0x18C2, 0x18C2, 0x18C3, 0x20C3, 0x20C3, 0x20C3, 0x18C3, 0x18C2, 0x18A2, 0x3944,
    0xD40A, 0xCC2B, 0xCC6D, 0xC46E, 0xBCAF, 0xC4D0, 0xC4F1, 0xCD12, 0xD532, 0xD553, 0xD573, 0xD593,
    0xD593, 0xD593, 0xDDB4, 0xDDB4, 0xDD94, 0xE5D5, 0xDDD4, 0xDDB4, 0xDDD4, 0xDDB4, 0xDDB4, 0xDDB5,
    0xE5D5, 0xDDB4, 0xDD93, 0xDDB3, 0xDDD4, 0xDD94, 0xDD94, 0xDD74, 0xD573, 0xDDB4, 0xD573, 0xD572,
    0xCDF7, 0xC575, 0x6A88, 0x3943, 0x4164, 0x59E6, 0xCC28, 0xECE9, 0x7267, 0x5A05, 0x18C3, 0x0083,
    0x10C4, 0x10C4, 0x10C5, 0x10E5, 0x10E5, 0x6AEE, 0xA38E, 0x9B09, 0xAB08, 0xB329, 0xAB29, 0xAB29,
    0xAB28, 0xA307, 0xAB07, 0xAB27, 0xBB68, 0xC3A9, 0xD40A, 0xDC2A, 0xDC4A, 0xCC2B, 0xB3CD, 0x9BAE,
    0x936D, 0x9AE8, 0xB369, 0xBB8A, 0xCBEB, 0xD42B, 0xD44C, 0xD46C, 0xDC6C, 0xDC6C, 0xDC6D, 0xE48D,
    0xE48D, 0xE48D, 0xE48D, 0xE46C, 0xE44C, 0xE44C, 0xE46C, 0xE48C, 0xE48C, 0xE48D, 0xE510, 0xE4CF,
    0xD3CA, 0xAAA6, 0x79C3, 0x6982, 0x81E3, 0x9A85, 0xAAC6, 0xAAE7, 0xA2E7, 0xA2C6, 0x9A85, 0x8203,
    0x71C3, 0x8A24, 0xB2A4, 0x4186, 0x00E8, 0x00A5, 0x0063, 0x0883, 0x1882, 0x2081, 0x1061, 0x0000,
    0x0000, 0x0841, 0x1061, 0x18C2, 0x20E4, 0x5229, 0x8BAF, 0x41E8, 0x2104, 0x20E3, 0x3102, 0xA346,
    0x69C3, 0x20A2, 0x1082, 0x1082, 0x1082, 0x1082, 0x1882, 0x1882, 0x1882, 0x18A3, 0x18A3, 0x20E4,
    0x20E4, 0x20E4, 0x3986, 0x41A7, 0x2905, 0x3125, 0x3145, 0x3145, 0x3166, 0x3966, 0x20E4, 0x18A3,
    0x18A2, 0x1882, 0x1082, 0x1082, 0x18A2, 0x20C3, 0x18A2, 0x1082, 0x1061, 0x1061, 0x1061, 0x1061,
    0x1061, 0x1061, 0x1081, 0x1882, 0x1062, 0x1061, 0x0841, 0x0841, 0x0841, 0x1062, 0x1882, 0x28C3,
    0x28C2, 0x3902, 0x4122, 0x30C2, 0x4943, 0x61C5, 0x61C5, 0x61E5, 0x6205, 0x59E4, 0x51C4, 0x4143,
    0x3103, 0x20A3, 0x1062, 0x0841, 0x0020, 0x0841, 0x1061, 0x1082, 0x1882, 0x1062, 0x1062, 0x1061,
    0x1061, 0x0841, 0x0841, 0x1061, 0x1062, 0x1062, 0x1882, 0x0841, 0x5A69, 0x2103, 0x3985, 0x93CE,
    0x5229, 0x6A8A, 0x0821, 0x20E3, 0x62AA, 0x6289, 0x3165, 0x0800, 0x6ACB, 0x3125, 0x6269, 0x3124,
    0x6ACB, 0x20A3, 0x1061, 0x1882, 0x1861, 0x1061, 0x1861, 0x1061, 0x1061, 0x1041, 0x0820, 0x0820,
    0x0820, 0x0820, 0x0000, 0x0000, 0x0000, 0x2881, 0x5942, 0x5121, 0x6982, 0x5941, 0x0000, 0x5163,
    0x9AA6, 0xA2E7, 0xAB28, 0xB369, 0xBB89, 0xC3CA, 0xCBEA, 0xCC0A, 0xD42B, 0xD42B, 0xDC4C, 0xDC6C,
    0xDC6C, 0xDC8C, 0xDC8C, 0xDC8C, 0xDC8C, 0xDC8C, 0xDC8C, 0xDC6B, 0xDC8B, 0xDC8B, 0xDC8C, 0xE48C,
    0xDC6C, 0xDC4B, 0xDC6B, 0xD44A, 0xDC4B, 0xDC4B, 0xDC4B, 0xDC4B, 0xDC2A, 0xD42A, 0xDC4B, 0xDC4A,
    0xDC4B, 0xDC4B, 0xDC4B, 0xDC4A, 0xDC2A, 0xD42A, 0xD409, 0xD3E9, 0xD3E8, 0xD3C8, 0xD3C8, 0xD3C7,
    0xD3C7, 0xDBE7, 0xE468, 0xE468, 0xDC06, 0xF4C8, 0x6205, 0x20E3, 0x2904, 0x20E3, 0x20C3, 0x20C3,
    0x20C3, 0x20C3, 0x20C3, 0x20C3, 0x20E3, 0x20E3, 0x18C3, 0x3923, 0xCC0A, 0xCC2B, 0xCC6D, 0xC48F,
    0xBC8F, 0xC4D0, 0xC4F1, 0xCD12, 0xD532, 0xD553, 0xD573, 0xDD94, 0xDD94, 0xDDB4, 0xD573, 0xD573,
    0xDD94, 0xC4D1, 0xCD32, 0xE615, 0xDDD4, 0xDDD4, 0xDD94, 0xCD12, 0xBCD1, 0xD573, 0xDDB4, 0xDDB3,
    0xCD32, 0xDDB4, 0xDD94, 0xE5B5, 0xDD94, 0xC4D0, 0xD572, 0xDD73, 0xFF9D, 0xE679, 0xC4F1, 0x9C2F,
    0x72EB, 0x59E6, 0x51C6, 0x5A07, 0x7AC8, 0xCC69, 0xABC8, 0x5205, 0x0883, 0x08A4, 0x10E5, 0x10E5,
    0x6ACC, 0x9B8E, 0x930A, 0x9B2A, 0x930B, 0x930B, 0x92CA, 0x92A8, 0x92A8, 0x92A7, 0x9287, 0x9286,
    0x9286, 0x9AA6, 0xA2C6, 0xAB08, 0xB3CD, 0xA3AF, 0xA3AE, 0xA3AD, 0xA38C, 0x8AA8, 0xA309, 0xB36A,
    0xBBAA, 0xC3CA, 0xC3CA, 0xCBEA, 0xCC0B, 0xD42C, 0xD42C, 0xDC6C, 0xDC6D, 0xDC8D, 0xDC8D, 0xDC6D,
    0xE46C, 0xE44C, 0xE44C, 0xE46C, 0xE46C, 0xE4AD, 0xE4CE, 0xE42C, 0xCB89, 0xBB48, 0xAAE6, 0x9244,
    0x71C3, 0x7183, 0x8A04, 0x9A65, 0x9245, 0x8A24, 0x81E3, 0x79C3, 0x79E3, 0x9A64, 0x9245, 0x2126,
    0x1107, 0x08C7, 0x0083, 0x0062, 0x1083, 0x2081, 0x0840, 0x0000, 0x0820, 0x1041, 0x1061, 0x1882,
    0x20E3, 0x2925, 0x732C, 0x838D, 0x3144, 0x28E2, 0x1881, 0x1881, 0x28C2, 0x28C2, 0x1082, 0x1082,
    0x1082, 0x1082, 0x1082, 0x1082, 0x1882, 0x18A2, 0x18A3, 0x20C3, 0x20E3, 0x3125, 0x3986, 0x3125,
    0x3145, 0x3966, 0x41A7, 0x3966, 0x3966, 0x3145, 0x18C3, 0x18A2, 0x1882, 0x1082, 0x1882, 0x1882,
    0x18A2, 0x18A2, 0x1082, 0x1082, 0x1882, 0x1082, 0x1062, 0x0841, 0x1061, 0x1061, 0x1061, 0x1061,
    0x1062, 0x1061, 0x1081, 0x1081, 0x1061, 0x1062, 0x1062, 0x1062, 0x1061, 0x0861, 0x0841, 0x1062,
    0x1062, 0x0842, 0x0842, 0x0841, 0x0841, 0x0841, 0x0841, 0x0841, 0x0841, 0x1042, 0x1062, 0x1082,
    0x1081, 0x1061, 0x1061, 0x1061, 0x1062, 0x1061, 0x1061, 0x1041, 0x1061, 0x1061, 0x1061, 0x1061,
    0x1062, 0x1062, 0x1062, 0x0821, 0x6ACA, 0x3165, 0x2924, 0x7B4C, 0x1882, 0x7B0C, 0x4166, 0x7B2C,
    0x3145, 0x39A5, 0x7B2B, 0x72EB, 0x41C7, 0x20C3, 0x834C, 0x5A69, 0x20C3, 0x1041, 0x1882, 0x1061,
    0x1061, 0x1061, 0x1861, 0x1061, 0x1061, 0x1061, 0x0840, 0x0820, 0x0820, 0x0820, 0x0000, 0x0000,
    0x0000, 0x0800, 0x40E1, 0x5942, 0x6162, 0x2880, 0x1040, 0x3123, 0x8A66, 0xA2E7, 0xAB28, 0xB349,
    0xBB89, 0xC3CA, 0xC3EA, 0xCBEA, 0xCC0B, 0xD42B, 0xD44B, 0xDC4B, 0xDC6B, 0xDC8C, 0xDC8C, 0xDC8C,
    0xDC8C, 0xDC6C, 0xDC8C, 0xDC8B, 0xDC8C, 0xDC6B, 0xDC6C, 0xE48C, 0xDC6B, 0xDC4B, 0xD44A, 0xD44A,
    0xDC4B, 0xDC4B, 0xDC4B, 0xDC4B, 0xDC4B, 0xD42A, 0xDC4A, 0xDC4B, 0xDC6B, 0xDC2B, 0xDC2B, 0xDC4B,
    0xDC4A, 0xD42A, 0xD409, 0xD3E9, 0xD3E9, 0xD3E9, 0xD3C8, 0xD3C8, 0xCBC7, 0xD3C7, 0xDC07, 0xE467,
    0xD3E6, 0xEC47, 0xD427, 0x2903, 0x2904, 0x20E3, 0x20E3, 0x20C3, 0x20C3, 0x20C3, 0x20C3, 0x20E3,
    0x20E3, 0x20E3, 0x18C3, 0x3123, 0xCBE9, 0xCC0B, 0xCC6D, 0xC48E, 0xBC8F, 0xC4D0, 0xC4F1, 0xCD32,
    0xD532, 0xD553, 0xD573, 0xDD93, 0xD593, 0xE5F5, 0x9BED, 0xA40E, 0xA40F, 0x4965, 0x6248, 0x832B,
    0xEE36, 0xB490, 0x51C6, 0x6248, 0x6248, 0xC4F1, 0xEE35, 0x9BED, 0x3923, 0xD573, 0xDDB4, 0xCD12,
    0x6A48, 0x59E6, 0x7AC9, 0xE5D4, 0x6AAA, 0x7AEA, 0x936B, 0x9C2F, 0x838D, 0x6A68, 0x5A07, 0x49A6,
    0x4185, 0x6225, 0xAC09, 0xEDAD, 0xC4CC, 0x41C6, 0x0885, 0x5A6B, 0x9B6E, 0x8B4D, 0x938E, 0x936D,
    0x9B2B, 0x9B0A, 0x9AE9, 0x9AE9, 0x9AE8, 0x9AE8, 0x9AC7, 0x9AC7, 0x9AA7, 0x92C8, 0x930B, 0x9B8F,
    0xA3D0, 0xA3AD, 0xAB8B, 0xAB8A, 0xA36A, 0x8AC9, 0x8A87, 0x9AE8, 0xAB29, 0xBB8A, 0xB369, 0xB348,
    0xBB69, 0xBB69, 0xBB8A, 0xCBEB, 0xCC0B, 0xCC0B, 0xD42C, 0xD44C, 0xDC4C, 0xDC4C, 0xDC4C, 0xDC4B,
    0xDC4B, 0xE46C, 0xE44B, 0xD3A9, 0xC327, 0xBB07, 0xBB47, 0xB327, 0xA2C6, 0x8A24, 0x6962, 0x6963,
    0x81E4, 0x8A24, 0x79E3, 0x7A03, 0x8A44, 0x9245, 0x3966, 0x1906, 0x1107, 0x00C7, 0x0084, 0x00A4,
    0x00A4, 0x1083, 0x1041, 0x0820, 0x0820, 0x1041, 0x1061, 0x1081, 0x18A2, 0x20E4, 0x41A7, 0x6248,
    0x20C1, 0x0820, 0x28C1, 0x1861, 0x1881, 0x20C2, 0x1082, 0x1082, 0x1082, 0x1082, 0x1082, 0x1882,
    0x1882, 0x1082, 0x18A3, 0x18A3, 0x20C3, 0x3986, 0x3166, 0x3145, 0x3146, 0x3986, 0x49E8, 0x39A7,
    0x3165, 0x3125, 0x18C3, 0x18A2, 0x1082, 0x1082, 0x18A2, 0x20E3, 0x20E3, 0x1082, 0x1082, 0x1082,
    0x1082, 0x1062, 0x1082, 0x1082, 0x1061, 0x1061, 0x1061, 0x0841, 0x0841, 0x0841, 0x1061, 0x1061,
    0x1041, 0x1061, 0x1061, 0x1061, 0x1061, 0x1061, 0x1081, 0x1081, 0x1882, 0x1882, 0x1082, 0x1081,
    0x1081, 0x1081, 0x1061, 0x1061, 0x1061, 0x1061, 0x1061, 0x1061, 0x1061, 0x0861, 0x1061, 0x0841,
    0x1041, 0x1061, 0x1061, 0x1061, 0x1061, 0x1061, 0x1061, 0x1061, 0x1061, 0x1061, 0x1062, 0x0841,
    0x3165, 0x7B4C, 0x6ACA, 0x5207, 0x0821, 0x3945, 0x6A8A, 0x3145, 0x1041, 0x1061, 0x3965, 0x3145,
    0x1041, 0x18A2, 0x18A2, 0x1041, 0x1061, 0x1061, 0x1061, 0x1882, 0x1041, 0x0841, 0x1061, 0x1061,
    0x1061, 0x1061, 0x0840, 0x0820, 0x0820, 0x0820, 0x0000, 0x0000, 0x0000, 0x0000, 0x1020, 0x4901,
    0x48E1, 0x1020, 0x20A1, 0x20E3, 0x69E5, 0x9AA7, 0xA2E7, 0xB328, 0xBB69, 0xBBA9, 0xC3C9, 0xC3EA,
    0xCC0A, 0xD42B, 0xD42B, 0xD44B, 0xDC6B, 0xDC6B, 0xDC6B, 0xDC8C, 0xDC6C, 0xDC6C, 0xDC8C, 0xDC6B,
    0xDC6B, 0xDC6B, 0xDC6B, 0xE46C, 0xDC6B, 0xDC6B, 0xDC4A, 0xD42A, 0xD42A, 0xDC2B, 0xDC4B, 0xDC4B,
    0xD44A, 0xD42A, 0xDC4A, 0xDC4B, 0xDC4B, 0xDC4B, 0xDC4B, 0xDC4B, 0xDC4A, 0xDC4A, 0xDC2A, 0xD409,
    0xD409, 0xD409, 0xD3C8, 0xD3C8, 0xCBC7, 0xCBA7, 0xD3C7, 0xDC07, 0xDC27, 0xDBE6, 0xF4A7, 0x8285,
    0x20C3, 0x2904, 0x20E3, 0x20E3, 0x20E3, 0x20C3, 0x20E3, 0x20E3, 0x20E3, 0x20E3, 0x20E3, 0x3123,
    0xC3A9, 0xCC0B, 0xCC4D, 0xC48E, 0xBC8F, 0xC4D0, 0xC4F1, 0xCD32, 0xD532, 0xD553, 0xD573, 0xDD93,
    0xD593, 0xE5F5, 0x8B6C, 0xAC4F, 0xB470, 0x8B4C, 0xEE36, 0x6A48, 0xAC2E, 0xA42E, 0x8B2B, 0xF656,
    0xE5D5, 0xDDB4, 0xDD94, 0x6AA8, 0x51E6, 0xA40E, 0xF636, 0x6A48, 0x9BAD, 0xEDF5, 0xBCB0, 0xDD93,
    0x51E6, 0x82E7, 0x59E5, 0x3923, 0x3123, 0x4144, 0x4965, 0x3945, 0x2904, 0x10C3, 0x10C3, 0x5205,
    0xCD0C, 0xCC6B, 0x82C9, 0x938F, 0x938F, 0x938E, 0x9B6D, 0x9B2B, 0xA30B, 0xA30B, 0x9B0A, 0x9B09,
    0x9B09, 0x9AE9, 0x92C9, 0x92EA, 0x9B4D, 0x9BB0, 0xA3EF, 0xABCE, 0xABAD, 0xAB8C, 0xAB8B, 0xAB6A,
    0x9B4A, 0x9B6C, 0x8A88, 0x9AC8, 0xAB08, 0xA2E8, 0xAB08, 0xA2C7, 0x9A87, 0x9266, 0x9246, 0x9AA7,
    0xAB08, 0xB329, 0xBB69, 0xC3AA, 0xCBEB, 0xCBEB, 0xD40A, 0xD40A, 0xD3EA, 0xD3EA, 0xD3A9, 0xC327,
    0xBAC7, 0xB307, 0xBB47, 0xBB68, 0xB347, 0xA2A6, 0x79E4, 0x6142, 0x71A3, 0x81E3, 0x8203, 0x8A23,
    0x71E4, 0x3145, 0x1906, 0x1906, 0x1107, 0x00C7, 0x00A5, 0x00C5, 0x00A5, 0x08A5, 0x1083, 0x1041,
    0x0841, 0x1061, 0x1081, 0x1081, 0x1882, 0x28E3, 0x20C2, 0x1061, 0x3964, 0x4185, 0x4984, 0x7204,
    0x1881, 0x1882, 0x1082, 0x1082, 0x1081, 0x1082, 0x1082, 0x1882, 0x1882, 0x18A2, 0x18A2, 0x18A2,
    0x18C3, 0x3145, 0x3966, 0x3166, 0x3125, 0x2925, 0x49E8, 0x41A7, 0x3125, 0x2904, 0x18C3, 0x1082,
    0x1082, 0x18A3, 0x20C3, 0x2904, 0x18A2, 0x1082, 0x1082, 0x1082, 0x1882, 0x1082, 0x1082, 0x1082,
    0x1082, 0x1061, 0x1062, 0x1061, 0x1061, 0x0841, 0x0841, 0x0841, 0x0841, 0x0841, 0x0841, 0x0841,
    0x0841, 0x0861, 0x0861, 0x0841, 0x1041, 0x1062, 0x1061, 0x1061, 0x1061, 0x1061, 0x0841, 0x1041,
    0x1041, 0x1041, 0x1041, 0x0841, 0x0841, 0x0841, 0x0841, 0x0841, 0x1061, 0x1061, 0x1061, 0x1061,
    0x1061, 0x1061, 0x1061, 0x1082, 0x1062, 0x1061, 0x1061, 0x1062, 0x1061, 0x1081, 0x0841, 0x1061,
    0x1882, 0x1862, 0x0821, 0x1041, 0x1882, 0x1081, 0x1061, 0x1041, 0x1882, 0x1061, 0x1061, 0x1041,
    0x1041, 0x1882, 0x20C3, 0x1041, 0x28E3, 0x3124, 0x1061, 0x1061, 0x1061, 0x1061, 0x0840, 0x0820,
    0x0820, 0x0800, 0x0000, 0x0000, 0x0000, 0x0000, 0x0000, 0x1040, 0x1860, 0x1840, 0x28A1, 0x2104,
    0x4164, 0x9286, 0x9AA7, 0xAB08, 0xB348, 0xBB89, 0xC3C9, 0xC3EA, 0xCC0A, 0xD40B, 0xD42B, 0xD44B,
    0xDC6B, 0xDC6B, 0xD46B, 0xDC6C, 0xDC6C, 0xDC4B, 0xDC6B, 0xDC6B, 0xDC6B, 0xDC6B, 0xDC6B, 0xE46C,
    0xE46B, 0xDC4B, 0xDC4A, 0xDC2A, 0xD42A, 0xDC2A, 0xDC4B, 0xDC4B, 0xDC4B, 0xDC4A, 0xDC4A, 0xDC4B,
    0xDC4B, 0xDC4B, 0xDC4B, 0xDC4B, 0xDC4B, 0xDC4A, 0xD42A, 0xD409, 0xD40A, 0xD409, 0xD3E9, 0xD3E9,
    0xD3C8, 0xCBC7, 0xD3C7, 0xD3C7, 0xDC07, 0xD3E6, 0xE447, 0xD407, 0x3123, 0x2904, 0x20E4, 0x20E3,
    0x20E3, 0x20E3, 0x20E4, 0x20E3, 0x2103, 0x2103, 0x20E3, 0x2903, 0xBBA9, 0xCC0B, 0xCC4D, 0xC46E,
    0xBC8F, 0xC4B0, 0xC4F1, 0xCD11, 0xD532, 0xD553, 0xD573, 0xD573, 0xD573, 0xE5F4, 0x7B0A, 0xBCB1,
    0xA3EE, 0x8B6C, 0xEE36, 0xAC6F, 0x72CA, 0x93AD, 0x5A07, 0x82EA, 0x9BCD, 0xEE16, 0xAC4F, 0x832B,
    0xA42E, 0x72A9, 0xEE36, 0x936D, 0x51A6, 0xA3ED, 0xDDB3, 0xD552, 0x4164, 0xABA7, 0xB3C7, 0x51C5,
    0x3923, 0xA367, 0x9B48, 0x51A5, 0x2924, 0x10C4, 0x10C4, 0x0063, 0x20E5, 0x7A89, 0xBC0B, 0x9B8D,
    0x9B8E, 0x9B8D, 0x9B4C, 0xA36D, 0xA34C, 0xA34C, 0x9B2B, 0x9B2B, 0x9B4B, 0x9B6D, 0x9BAF, 0xA3AF,
    0xA3AF, 0xABAE, 0xABAD, 0xABAC, 0xAB8C, 0xB3AB, 0xB38B, 0xA34A, 0xA36C, 0xBC0D, 0x92C9, 0x9AE8,
    0xBBCB, 0xBB8A, 0xA2E7, 0x9A86, 0x8A26, 0x81E5, 0x71A5, 0x71A4, 0x6964, 0x71A5, 0x8A06, 0x9A47,
    0xAAC8, 0xBB29, 0xC349, 0xC389, 0xC389, 0xC348, 0xBB07, 0xB2C7, 0xB2C7, 0xBB27, 0xBB48, 0xBB67,
    0xB347, 0x9A85, 0x9224, 0x8A04, 0x9245, 0x4144, 0x3944, 0x3945, 0x2105, 0x1905, 0x1906, 0x1906,
    0x1107, 0x00A6, 0x00A6, 0x00C6, 0x00A5, 0x00C6, 0x0085, 0x0842, 0x0041, 0x1882, 0x18A1, 0x1061,
    0x28E2, 0x20C1, 0x1881, 0x28C2, 0xBD33, 0xC595, 0x3965, 0x8286, 0x61C4, 0x0842, 0x1082, 0x1082,
    0x1082, 0x1082, 0x1062, 0x1082, 0x1882, 0x18A3, 0x18A2, 0x18C2, 0x20C3, 0x2904, 0x3146, 0x3966,
    0x3145, 0x2904, 0x41A7, 0x4A08, 0x3986, 0x2904, 0x18C3, 0x1082, 0x18A2, 0x2904, 0x2904, 0x18C3,
    0x1882, 0x1082, 0x1882, 0x1882, 0x1082, 0x1082, 0x1082, 0x1082, 0x1082, 0x1061, 0x1061, 0x1062,
    0x1062, 0x1061, 0x1061, 0x1061, 0x1061, 0x1041, 0x1041, 0x1061, 0x0861, 0x1061, 0x1061, 0x1061,
    0x1062, 0x1061, 0x1041, 0x1041, 0x1061, 0x0861, 0x0861, 0x0841, 0x1041, 0x1041, 0x0841, 0x0841,
    0x0861, 0x0861, 0x1061, 0x1061, 0x1061, 0x1061, 0x0861, 0x1061, 0x1061, 0x1061, 0x1061, 0x0840,
    0x0820, 0x1062, 0x1041, 0x1061, 0x1041, 0x1061, 0x18A2, 0x1061, 0x1882, 0x1041, 0x28E3, 0x18A2,
    0x1061, 0x18A2, 0x1081, 0x20C3, 0x20A3, 0x3124, 0x2904, 0x5248, 0x730B, 0x7B2C, 0x49E7, 0x3104,
    0x5A28, 0x5207, 0x2904, 0x1041, 0x1061, 0x1061, 0x0841, 0x0820, 0x0820, 0x0820, 0x0020, 0x0800,
    0x0000, 0x0000, 0x0000, 0x0000, 0x0000, 0x1860, 0x28C2, 0x2125, 0x2104, 0x7A26, 0x9AA7, 0xA2E7,
    0xB328, 0xB348, 0xBB89, 0xC3C9, 0xCBEA, 0xD40B, 0xD42B, 0xD44B, 0xD44B, 0xD46B, 0xDC6C, 0xDC6C,
    0xDC6C, 0xDC4B, 0xDC4B, 0xDC4B, 0xDC6B, 0xDC6B, 0xDC4B, 0xE46C, 0xDC6B, 0xDC6B, 0xDC4A, 0xDC4A,
    0xDC2B, 0xDC2B, 0xDC4B, 0xDC4B, 0xDC6B, 0xDC6B, 0xD42A, 0xD42A, 0xDC4B, 0xDC4B, 0xDC4B, 0xDC4B,
    0xDC4B, 0xD42A, 0xDC2A, 0xDC2A, 0xD40A, 0xD3E9, 0xD409, 0xD3E9, 0xD3C8, 0xCBC8, 0xCBA7, 0xCBA7,
    0xD3C7, 0xDBE7, 0xD407, 0xEC67, 0x8285, 0x20C3, 0x2904, 0x20E4, 0x20E4, 0x28E4, 0x2904, 0x2904,
    0x2904, 0x2904, 0x2103, 0x2903, 0xBBA9, 0xCC0B, 0xCC4D, 0xC46E, 0xBC6F, 0xC4B0, 0xC4D0, 0xCD11,
    0xD532, 0xD553, 0xD573, 0xD573, 0xD573, 0xE5D4, 0x72CA, 0xC512, 0x938D, 0xA3EE, 0xFE97, 0x72C9,
    0x93AD, 0x8B4B, 0x7289, 0xA40E, 0xC4F2, 0xEE16, 0x72A9, 0x49A5, 0x5A27, 0x49A5, 0xDD94, 0xEE16,
    0xB470, 0x6227, 0x936B, 0xE5D4, 0x3945, 0x59C5, 0x7A44, 0x7AC8, 0x7AE9, 0xBBE7, 0xAB67, 0x9B47,
    0x7AA6, 0x2104, 0x10E4, 0x18E5, 0x524C, 0x626D, 0x626A, 0x830B, 0x934C, 0xA3AD, 0xA38D, 0xA38D,
    0xA36D, 0xA36D, 0x9B6C, 0xA38D, 0xA38D, 0xA3AE, 0xA38D, 0xAB8C, 0xAB8C, 0xABAC, 0xB3AC, 0xB3AC,
    0xB3AB, 0xB38B, 0xAB6B, 0x9B2A, 0xB3CD, 0xC40D, 0xA34A, 0x92A8, 0xA329, 0xBBCA, 0xBB8A, 0xA2C8,
    0x8A26, 0x79C5, 0x7184, 0x6164, 0x6163, 0x6163, 0x5943, 0x6143, 0x7164, 0x81C5, 0x9226, 0xA286,
    0xAAA6, 0xAAA6, 0xAA86, 0xAAA6, 0xB2C7, 0xB307, 0xB327, 0xB306, 0xA2C5, 0x9A65, 0x9245, 0xA285,
    0x71E6, 0x08E6, 0x10E6, 0x10E5, 0x1906, 0x2126, 0x1906, 0x2106, 0x1108, 0x00A6, 0x00A6, 0x00C6,
    0x00C6, 0x00C6, 0x0084, 0x0842, 0x0841, 0x0861, 0x20A2, 0x20C1, 0x3122, 0x0820, 0x20A2, 0x4184,
    0x93EF, 0xF77C, 0x7B6D, 0x3964, 0x92A6, 0x20A2, 0x1062, 0x1082, 0x1062, 0x1082, 0x1082, 0x1082,
    0x1882, 0x1882, 0x18A2, 0x18A2, 0x20C3, 0x20C3, 0x3145, 0x3986, 0x3146, 0x3986, 0x41A7, 0x3986,
    0x49E8, 0x3986, 0x20E3, 0x18A3, 0x2904, 0x2904, 0x2904, 0x1882, 0x1882, 0x1082, 0x1882, 0x1882,
    0x1882, 0x1882, 0x1082, 0x1082, 0x1082, 0x1061, 0x1082, 0x1062, 0x1061, 0x1061, 0x1061, 0x1061,
    0x1062, 0x1062, 0x1061, 0x1061, 0x1061, 0x1061, 0x1061, 0x1062, 0x1062, 0x1062, 0x1061, 0x1061,
    0x1061, 0x1061, 0x1061, 0x1061, 0x1041, 0x0841, 0x0841, 0x0841, 0x1061, 0x1061, 0x1061, 0x1061,
    0x1061, 0x1061, 0x1061, 0x1061, 0x1061, 0x1061, 0x0820, 0x3986, 0x49E7, 0x1061, 0x2924, 0x18A3,
    0x2904, 0x730B, 0x72EA, 0x3986, 0x0800, 0x5A49, 0x8BAE, 0x62A9, 0x18C2, 0x62AA, 0x0000, 0x5A48,
    0x4186, 0x6269, 0x3965, 0x20E3, 0x62A9, 0x2924, 0x0000, 0x5A29, 0x3986, 0x0000, 0x1061, 0x1061,
    0x1061, 0x1061, 0x1041, 0x0820, 0x0820, 0x0820, 0x0820, 0x0800, 0x0000, 0x0000, 0x0000, 0x0000,
    0x0820, 0x1860, 0x28E2, 0x2925, 0x1904, 0x5185, 0x9266, 0x9AA7, 0xAB07, 0xB348, 0xB368, 0xBBA9,
    0xC3CA, 0xCC0B, 0xD42B, 0xD42B, 0xD44B, 0xD44B, 0xD46B, 0xDC6B, 0xDC6C, 0xDC4B, 0xDC4B, 0xDC4B,
    0xDC6B, 0xDC6B, 0xDC6B, 0xDC4B, 0xDC4B, 0xDC6B, 0xDC6B, 0xDC4A, 0xD42A, 0xDC2A, 0xDC4B, 0xDC4B,
    0xDC4B, 0xDC4B, 0xD44A, 0xDC4B, 0xDC4B, 0xDC4B, 0xDC4B, 0xDC6B, 0xDC4B, 0xDC4B, 0xD42A, 0xDC2A,
    0xD409, 0xD409, 0xD3E9, 0xD3E9, 0xD3E8, 0xCBC8, 0xCBA8, 0xCBA7, 0xD3C7, 0xD3E6, 0xDC07, 0xE447,
    0xCBC6, 0x3124, 0x2904, 0x20E4, 0x20E4, 0x20E4, 0x20E3, 0x20E3, 0x20E3, 0x20E3, 0x20E3, 0x20E3,
    0xB389, 0xCC0B, 0xC42D, 0xC46E, 0xC46F, 0xC4AF, 0xC4D0, 0xCD11, 0xD532, 0xD533, 0xD573, 0xD573,
    0xD573, 0xDDB3, 0x6A89, 0xCD33, 0x830B, 0xA3EE, 0x938C, 0x5A07, 0xE5F4, 0x7289, 0xC4F1, 0xDD94,
    0xC4F2, 0xC513, 0x5A07, 0xBCD0, 0xC532, 0x6A68, 0xCD12, 0xA40F, 0xF616, 0xB490, 0x5A06, 0xEE15,
    0x2945, 0x2945, 0x3145, 0x41A5, 0x5A06, 0x69C4, 0x4944, 0x59E5, 0x7265, 0x6205, 0x3964, 0x4186,
    0x5229, 0x5A29, 0x5A49, 0x6A68, 0x9B4C, 0xA3AD, 0xA38D, 0xA38D, 0xABAE, 0xA3AE, 0xA3AE, 0xA38D,
    0xA3AD, 0xABAD, 0xAB8C, 0xAB8C, 0xB3AC, 0xB38C, 0xB3AB, 0xB3AB, 0xB38B, 0xB38B, 0xAB6A, 0xA36B,
    0xBBEC, 0xCC2D, 0xBBCB, 0x92C9, 0x92A8, 0x8A46, 0x8A46, 0x8A46, 0x8A26, 0x79E5, 0x79C5, 0x79C5,
    0x71C5, 0x6984, 0x6163, 0x6964, 0x6164, 0x6163, 0x6984, 0x7184, 0x79C4, 0x89E4, 0x8A05, 0x9225,
    0x9A66, 0xA286, 0xA2A5, 0x9A85, 0x9244, 0x9224, 0x9A65, 0x9245, 0x2106, 0x10E6, 0x10E5, 0x10E5,
    0x1906, 0x1926, 0x1906, 0x1907, 0x1108, 0x00C7, 0x00C6, 0x00E7, 0x00C6, 0x00E7, 0x0884, 0x0842,
    0x0842, 0x0841, 0x1061, 0x3102, 0x28E1, 0x0820, 0x28A2, 0x4144, 0x51E8, 0xCDD7, 0xDE99, 0x41A6,
    0x7205, 0x7A25, 0x0841, 0x1082, 0x1082, 0x1081, 0x1082, 0x1082, 0x1082, 0x1882, 0x1882, 0x18A2,
    0x18A2, 0x18A2, 0x20E4, 0x41A7, 0x41A7, 0x49E8, 0x49E8, 0x3145, 0x41C7, 0x49E8, 0x3125, 0x20E3,
    0x2925, 0x3145, 0x18C3, 0x1082, 0x1082, 0x18A2, 0x1082, 0x1082, 0x1882, 0x1882, 0x1882, 0x1082,
    0x1082, 0x1061, 0x1062, 0x1062, 0x1061, 0x1061, 0x1061, 0x1061, 0x1062, 0x1062, 0x1062, 0x1061,
    0x1061, 0x1061, 0x1061, 0x1041, 0x1041, 0x1041, 0x0841, 0x0841, 0x0840, 0x0841, 0x0841, 0x0841,
    0x1041, 0x1041, 0x1061, 0x1061, 0x1061, 0x1061, 0x1061, 0x1061, 0x1061, 0x1061, 0x1061, 0x1061,
    0x1061, 0x0841, 0x5A69, 0x5248, 0x628A, 0x1882, 0x628A, 0x28E4, 0x6289, 0x2924, 0x49E7, 0x6289,
    0x3986, 0x72EC, 0x1061, 0x1882, 0x41C6, 0x5248, 0x0000, 0x6ACA, 0x3125, 0x628A, 0x18A2, 0x0840,
    0x5A48, 0x20C3, 0x1041, 0x2082, 0x5A28, 0x51E7, 0x1061, 0x1061, 0x1061, 0x1061, 0x0841, 0x0820,
    0x0820, 0x0820, 0x0020, 0x0820, 0x0800, 0x0000, 0x0000, 0x0000, 0x0820, 0x2080, 0x2903, 0x2125,
    0x2125, 0x2924, 0x8225, 0x9A86, 0xA2E7, 0xAB27, 0xB348, 0xBB89, 0xC3A9, 0xCBEA, 0xCC0B, 0xD42B,
    0xD42B, 0xD44B, 0xD44B, 0xD44B, 0xDC4C, 0xDC4B, 0xDC6B, 0xDC6B, 0xDC6B, 0xDC4B, 0xDC4B, 0xDC6B,
    0xDC4B, 0xDC4B, 0xDC6A, 0xDC4A, 0xDC2A, 0xDC2B, 0xDC4B, 0xDC4B, 0xDC6B, 0xDC6B, 0xDC4B, 0xDC6B,
    0xDC4B, 0xDC4B, 0xDC4B, 0xDC4B, 0xDC4B, 0xD42A, 0xDC2A, 0xDC2A, 0xD40A, 0xD3E9, 0xD3E9, 0xD3C9,
    0xD3C9, 0xCBC8, 0xCBA8, 0xCBA8, 0xCB87, 0xD3A7, 0xD3C6, 0xE447, 0xE447, 0x61C4, 0x20E4, 0x2904,
    0x2104, 0x20E4, 0x20E3, 0x20E3, 0x18C3, 0x18C3, 0x20E3, 0x18C3, 0xAB49, 0xCC0B, 0xC44D, 0xCC6E,
    0xC48F, 0xC4AF, 0xC4D0, 0xCCF1, 0xCD12, 0xD532, 0xD553, 0xD573, 0xD573, 0xDDB3, 0x830A, 0xCD53,
    0x8B4C, 0x51A6, 0x830B, 0xD573, 0xE5F5, 0x72A9, 0x51C6, 0x6207, 0x830B, 0xA3EE, 0x832B, 0xEE15,
    0xE5D4, 0x7AC9, 0xBC70, 0x7ACA, 0x6208, 0x59E6, 0xAC0E, 0xE5B3, 0x2945, 0x2965, 0x2945, 0x2124,
    0x2104, 0x1904, 0x10E4, 0x10C4, 0x1904, 0x3144, 0x6227, 0x7A67, 0x59A5, 0x51A6, 0x59E6, 0x8AEA,
    0xA38C, 0xA3AD, 0xABAD, 0xABAE, 0xABCF, 0xABCE, 0xABAE, 0xABAD, 0xABAD, 0xABAC, 0xB38C, 0xB3AC,
    0xB3AC, 0xB3AB, 0xB38B, 0xB38B, 0xAB8B, 0xAB6B, 0xA32A, 0xABAC, 0xC40C, 0xCC4D, 0xC40C, 0x92C9,
    0x92C8, 0x8267, 0x7A06, 0x8226, 0x8226, 0x8A26, 0x8206, 0x79E5, 0x71C5, 0x71A4, 0x6984, 0x7184,
    0x6984, 0x71A4, 0x71A4, 0x71A4, 0x71A3, 0x79C4, 0x71A4, 0x79C4, 0x81C4, 0x81E4, 0x81E4, 0x8204,
    0x8A24, 0x9224, 0x8A25, 0x3126, 0x08E6, 0x10E6, 0x10C5, 0x10C4, 0x10E5, 0x10E5, 0x18E5, 0x18E5,
    0x10E7, 0x08C7, 0x00C6, 0x00E7, 0x00C6, 0x00E7, 0x0863, 0x0842, 0x0842, 0x0841, 0x0841, 0x1881,
    0x20A1, 0x1882, 0x2082, 0x4103, 0x4186, 0x72EB, 0xEF3B, 0xA471, 0x3945, 0x9AC7, 0x3923, 0x0841,
    0x1082, 0x1061, 0x1061, 0x1082, 0x1062, 0x1082, 0x1082, 0x1082, 0x18A2, 0x18A2, 0x1882, 0x20E3,
    0x41A7, 0x5A4A, 0x5229, 0x41A7, 0x41C7, 0x3966, 0x3966, 0x2904, 0x3145, 0x2925, 0x1082, 0x18A2,
    0x18A3, 0x18C3, 0x18A3, 0x1082, 0x1882, 0x1082, 0x1082, 0x1062, 0x1082, 0x1062, 0x1062, 0x1062,
    0x1062, 0x1061, 0x1061, 0x1061, 0x1061, 0x1061, 0x1041, 0x0861, 0x0861, 0x0841, 0x0841, 0x0841,
    0x0841, 0x0841, 0x0840, 0x0840, 0x0840, 0x0841, 0x0841, 0x1041, 0x1041, 0x1061, 0x1061, 0x1061,
    0x1061, 0x1061, 0x1061, 0x1061, 0x1061, 0x1061, 0x1061, 0x1082, 0x0820, 0x5228, 0x5A48, 0x0000,
    0x0820, 0x1882, 0x6ACB, 0x1882, 0x834C, 0x6289, 0x6ACA, 0x18A2, 0x72EB, 0x18A3, 0x1041, 0x0000,
    0x6289, 0x2924, 0x0840, 0x72EB, 0x28E4, 0x628A, 0x1041, 0x18C2, 0x5A69, 0x1061, 0x18A2, 0x28E4,
    0x1041, 0x6289, 0x20C2, 0x1061, 0x1061, 0x1061, 0x1041, 0x0820, 0x0820, 0x0820, 0x0820, 0x0820,
    0x0820, 0x0000, 0x0000, 0x0800, 0x0820, 0x2080, 0x2904, 0x2125, 0x2925, 0x1904, 0x59A5, 0x9266,
    0xA2C7, 0xA2E7, 0xAB27, 0xB368, 0xBB89, 0xC3CA, 0xCBEA, 0xCC0A, 0xCC0A, 0xD42B, 0xD44B, 0xD42B,
    0xDC4B, 0xDC4B, 0xD44B, 0xD46B, 0xDC6B, 0xDC6B, 0xDC4B, 0xDC4B, 0xDC4B, 0xDC4A, 0xDC6A, 0xDC4A,
    0xDC2A, 0xDC2B, 0xDC2A, 0xDC2A, 0xDC4A, 0xDC4A, 0xDC4A, 0xDC4B, 0xDC4B, 0xDC4B, 0xDC4B, 0xDC2A,
    0xD42A, 0xD42A, 0xDC4A, 0xDC2A, 0xD40A, 0xD40A, 0xD3E9, 0xD3E9, 0xD3C8, 0xCBA8, 0xCBA8, 0xCBA7,
    0xCB87, 0xCB66, 0xCB86, 0xDC06, 0xEC67, 0xA2E5, 0x20C4, 0x2924, 0x2904, 0x2904, 0x2104, 0x20E4,
    0x20E3, 0x20E3, 0x20E4, 0x18C3, 0xA328, 0xCC0B, 0xC44D, 0xCC6E, 0xC48F, 0xC4AF, 0xC4B0, 0xCCF1,
    0xCD12, 0xD532, 0xD553, 0xD573, 0xD593, 0xD593, 0xD593, 0xD573, 0xD574, 0xD573, 0xE5F5, 0xDDB4,
    0xDDB4, 0xD593, 0xCD12, 0xDD94, 0xE5D5, 0xD573, 0xD573, 0xD593, 0xD593, 0xCD32, 0xD553, 0xDD94,
    0xBC90, 0xCD12, 0xDD93, 0xD552, 0x2945, 0x2945, 0x2945, 0x2125, 0x1905, 0x1905, 0x10E4, 0x1105,
    0x08C4, 0x31C8, 0x8B6E, 0x82CB, 0x7A68, 0x8288, 0x9B0A, 0xA38B, 0xA38C, 0xABAC, 0xABAD, 0xABAD,
    0xABAE, 0xABAD, 0xABAD, 0xABAC, 0xB3AC, 0xB3AC, 0xB3AC, 0xB3AC, 0xB3AB, 0xB38B, 0xB3AB, 0xB38B,
    0xAB8B, 0xA34B, 0xA34B, 0xB38B, 0xCC2C, 0xCC2C, 0xC40C, 0x9AE9, 0x8AA8, 0x8AA8, 0x8287, 0x7A26,
    0x7A06, 0x79E5, 0x79E5, 0x79E5, 0x79E5, 0x71C5, 0x71C5, 0x71C5, 0x71A4, 0x79C4, 0x81E4, 0x79C4,
    0x79C4, 0x81E4, 0x81E4, 0x89E4, 0x89E4, 0x81C4, 0x71C3, 0x6183, 0x5983, 0x3945, 0x1906, 0x08E6,
    0x10C6, 0x10C5, 0x10C4, 0x08C4, 0x10C4, 0x10E4, 0x10E5, 0x18E5, 0x10E7, 0x00C7, 0x00C6, 0x00E7,
    0x00C6, 0x00E6, 0x0863, 0x0842, 0x0841, 0x0841, 0x0841, 0x0861, 0x0861, 0x1062, 0x1062, 0x30C3,
    0x4145, 0x49A6, 0xACD2, 0xF73B, 0x6269, 0x59C5, 0x9AC6, 0x0841, 0x1081, 0x1061, 0x1061, 0x1082,
    0x1062, 0x1082, 0x1082, 0x1082, 0x1082, 0x18A2, 0x18A2, 0x1882, 0x20C3, 0x4A08, 0x524A, 0x5229,
    0x41C7, 0x3145, 0x3166, 0x3145, 0x3986, 0x3125, 0x1082, 0x18A3, 0x20C3, 0x18A3, 0x18A2, 0x18A2,
    0x1882, 0x1882, 0x1882, 0x1882, 0x1082, 0x1082, 0x1062, 0x1082, 0x1062, 0x1061, 0x1061, 0x0861,
    0x1041, 0x1041, 0x0841, 0x0841, 0x0841, 0x0841, 0x0841, 0x0841, 0x0841, 0x0820, 0x0820, 0x0840,
    0x0840, 0x0841, 0x1041, 0x1041, 0x1061, 0x1061, 0x1061, 0x1061, 0x1061, 0x1061, 0x1061, 0x1062,
    0x1061, 0x1061, 0x1062, 0x1061, 0x1082, 0x6ACA, 0x0861, 0x0841, 0x0820, 0x3145, 0x628A, 0x28E4,
    0x838D, 0x93CE, 0x3165, 0x1061, 0x7B2C, 0x0821, 0x3145, 0x3144, 0x62AA, 0x49E6, 0x62A9, 0x5208,
    0x3125, 0x6269, 0x0820, 0x2924, 0x5248, 0x0820, 0x20A3, 0x6A8A, 0x6269, 0x3985, 0x1061, 0x1881,
    0x1061, 0x1041, 0x1041, 0x0840, 0x0820, 0x0820, 0x0820, 0x0820, 0x0820, 0x0000, 0x0000, 0x0820,
    0x1840, 0x2081, 0x2124, 0x2125, 0x2125, 0x2125, 0x3924, 0x8A45, 0x9AA6, 0xA2E7, 0xAB27, 0xB348,
    0xBB69, 0xC3AA, 0xC3CA, 0xCBEA, 0xCC0A, 0xD42A, 0xD44B, 0xD42B, 0xD42B, 0xD44B, 0xD44B, 0xD44B,
    0xD46B, 0xDC4B, 0xDC4B, 0xDC4B, 0xDC4B, 0xDC4A, 0xDC6B, 0xDC4B, 0xD40A, 0xD40A, 0xDC2A, 0xDC4B,
    0xDC4B, 0xDC4B, 0xDC4B, 0xDC4B, 0xDC4B, 0xDC4C, 0xDC4B, 0xDC4B, 0xD42A, 0xDC4B, 0xDC2A, 0xDC2A,
    0xD42A, 0xD40A, 0xD3E9, 0xD3E9, 0xD3C8, 0xCBA8, 0xCBC8, 0xCBA8, 0xCB87, 0xCB87, 0xC366, 0xD3E6,
    0xE426, 0xD406, 0x3944, 0x2904, 0x2904, 0x2904, 0x2104, 0x2104, 0x2904, 0x20E4, 0x2104, 0x18C3,
    0x92E8, 0xCC0B, 0xC42D, 0xCC6E, 0xC48F, 0xC4B0, 0xC4D0, 0xCCF1, 0xCD12, 0xCD32, 0xD553, 0xD573,
    0xD593, 0xD593, 0xDD93, 0xD573, 0xDD94, 0xDD94, 0xD593, 0xDDB4, 0xDDB4, 0xDDB4, 0xDDD5, 0xDD94,
    0xD553, 0xD593, 0xDD93, 0xD573, 0xD573, 0xD573, 0xD553, 0xD553, 0xDD94, 0xDD73, 0xD552, 0xDD52,
    0x2945, 0x2945, 0x2945, 0x2945, 0x2125, 0x1905, 0x1105, 0x10E4, 0x1925, 0x7B2D, 0x936D, 0x8B4D,
    0x9B0B, 0xA34B, 0xAB8B, 0xAB8B, 0xAB8B, 0xAB8B, 0xAB8C, 0xABAD, 0xABAD, 0xB3CD, 0xB3AC, 0xB3AC,
    0xB3AB, 0xB3AB, 0xB3AB, 0xBBAB, 0xB3AB, 0xB3AB, 0xB38B, 0xB38B, 0xAB6B, 0xA34A, 0xA34A, 0xB38A,
    0xC3EB, 0xC40C, 0xC3EB, 0x9B09, 0x8268, 0x8A87, 0x8A87, 0x8267, 0x7A26, 0x7A06, 0x79E5, 0x71C5,
    0x71E5, 0x79E5, 0x79E5, 0x71C5, 0x79E5, 0x81E5, 0x81E5, 0x79E4, 0x79E4, 0x8A04, 0x8A04, 0x8A04,
    0x8A04, 0x89E4, 0x69A3, 0x4923, 0x1905, 0x08E6, 0x10E6, 0x10E6, 0x10C6, 0x10C5, 0x10E5, 0x10E5,
    0x10E5, 0x18E5, 0x18E5, 0x1906, 0x1107, 0x00A6, 0x00A5, 0x00E7, 0x00E7, 0x00C6, 0x0862, 0x0842,
    0x0841, 0x0841, 0x0841, 0x0861, 0x0861, 0x1062, 0x1062, 0x1863, 0x38E3, 0x3944, 0x6248, 0xE6DA,
    0xBD75, 0x3945, 0x92A6, 0x61C4, 0x0041, 0x1081, 0x1061, 0x1061, 0x1062, 0x1062, 0x1082, 0x1082,
    0x1082, 0x1882, 0x1882, 0x18A2, 0x1882, 0x20E4, 0x41C8, 0x4A09, 0x49E8, 0x3145, 0x3145, 0x3125,
    0x39A7, 0x41C7, 0x18A2, 0x1882, 0x1882, 0x1082, 0x1882, 0x18A2, 0x18A2, 0x1882, 0x1082, 0x1082,
    0x1062, 0x1061, 0x1061, 0x1061, 0x1061, 0x1061, 0x0861, 0x0841, 0x0841, 0x0841, 0x0841, 0x0841,
    0x0841, 0x0840, 0x0840, 0x0821, 0x0821, 0x0821, 0x0840, 0x0840, 0x0841, 0x1041, 0x1061, 0x1062,
    0x1061, 0x1061, 0x1061, 0x1061, 0x1061, 0x1061, 0x1061, 0x1062, 0x1062, 0x1061, 0x1061, 0x1061,
    0x1082, 0x730B, 0x3165, 0x4A08, 0x3986, 0x5208, 0x41A7, 0x5208, 0x41C7, 0x1061, 0x8B8D, 0x28E3,
    0x6269, 0x834D, 0x7B2C, 0x3124, 0x2103, 0x7B6C, 0x5A69, 0x0821, 0x28E4, 0x28E4, 0x1061, 0x18A2,
    0x18C2, 0x1061, 0x1862, 0x1862, 0x1882, 0x1041, 0x1081, 0x1861, 0x1061, 0x1041, 0x1041, 0x0840,
    0x0820, 0x0820, 0x0820, 0x0820, 0x0820, 0x0800, 0x0000, 0x1040, 0x1860, 0x20A1, 0x2945, 0x2125,
    0x2125, 0x2925, 0x2105, 0x69C5, 0x9286, 0x9AE7, 0xA307, 0xB348, 0xBB69, 0xBB89, 0xC3AA, 0xC3CA,
    0xCBEA, 0xCC0A, 0xD42A, 0xD42B, 0xD42B, 0xD42B, 0xD42A, 0xD42A, 0xD44A, 0xD42B, 0xDC2B, 0xDC2B,
    0xDC4B, 0xDC2A, 0xDC4A, 0xDC4A, 0xDC2A, 0xDC2A, 0xDC0A, 0xDC2A, 0xDC4A, 0xDC4B, 0xDC4B, 0xDC4B,
    0xDC4B, 0xDC4B, 0xDC6B, 0xDC4B, 0xD42A, 0xD42A, 0xD42A, 0xD42A, 0xD42A, 0xD40A, 0xD3E9, 0xD3C9,
    0xD3C8, 0xCBC8, 0xCBC8, 0xCBA8, 0xCB87, 0xCB87, 0xC366, 0xD3A6, 0xDC06, 0xE406, 0x61E5, 0x20E4,
    0x3125, 0x2904, 0x2924, 0x2924, 0x2924, 0x2904, 0x2904, 0x18C3, 0x8287, 0xCC0B, 0xC42C, 0xC46E,
    0xC48E, 0xC4AF, 0xC4D0, 0xCCF1, 0xCD12, 0xCD32, 0xD532, 0xD573, 0xD573, 0xD573, 0xD593, 0xD593,
    0xDD94, 0xDDB4, 0xE5F5, 0xDDB4, 0xDDD4, 0xDDD4, 0xDD94, 0xDDB4, 0xE5D5, 0xE5D4, 0xD593, 0xDDB4,
    0xE5D4, 0xE5D4, 0xE5B4, 0xDD94, 0xDD73, 0xDD73, 0xDD73, 0xDD72, 0x2946, 0x2945, 0x2945, 0x2966,
    0x2945, 0x2125, 0x1905, 0x08C4, 0x5249, 0x934D, 0x932B, 0x9B0B, 0xA34B, 0xAB4B, 0xAB8B, 0xAB8B,
    0xAB8B, 0xAB8B, 0xB3AC, 0xB3AC, 0xB3AC, 0xB3AC, 0xB3AB, 0xB3AB, 0xB3AB, 0xB3AB, 0xBBCB, 0xB3AB,
    0xB3AB, 0xB3AB, 0xB38A, 0xAB8B, 0xAB4A, 0xAB4A, 0xAB4A, 0xB36A, 0xBBAA, 0xC3CB, 0xBBCB, 0xA34A,
    0x8267, 0x7A26, 0x8246, 0x7A26, 0x7A26, 0x7A06, 0x79E5, 0x71E5, 0x71E5, 0x71E5, 0x71C5, 0x71C5,
    0x79E5, 0x81E5, 0x81E5, 0x81E4, 0x8A04, 0x8A24, 0x8A04, 0x8A04, 0x89E4, 0x81E4, 0x5143, 0x2904,
    0x1106, 0x1106, 0x10E6, 0x10E6, 0x10E6, 0x10E6, 0x10E6, 0x1105, 0x1105, 0x1906, 0x2106, 0x2106,
    0x1108, 0x00A6, 0x0064, 0x00C7, 0x0108, 0x00C5, 0x0862, 0x0842, 0x0842, 0x0841, 0x0841, 0x0861,
    0x0861, 0x1062, 0x1062, 0x1062, 0x20A3, 0x3924, 0x4185, 0x940F, 0xFF9D, 0x7B2D, 0x4985, 0xAB27,
    0x20A2, 0x1061, 0x1081, 0x1061, 0x1062, 0x1061, 0x1082, 0x1882, 0x1082, 0x1882, 0x1882, 0x1882,
    0x1882, 0x1882, 0x2904, 0x39A7, 0x41C7, 0x3166, 0x3966, 0x3145, 0x3145, 0x41C7, 0x3125, 0x1882,
    0x1882, 0x1882, 0x1882, 0x18A2, 0x1882, 0x1882, 0x1082, 0x1062, 0x1061, 0x1061, 0x1061, 0x1061,
    0x1061, 0x1041, 0x0841, 0x0841, 0x0841, 0x0821, 0x0841, 0x0841, 0x0841, 0x0841, 0x0841, 0x0841,
    0x0841, 0x0841, 0x0841, 0x0841, 0x0841, 0x1061, 0x1061, 0x1041, 0x1061, 0x1061, 0x1061, 0x1061,
    0x1061, 0x1062, 0x1062, 0x1061, 0x1061, 0x1062, 0x1061, 0x1082, 0x1061, 0x3145, 0x6ACA, 0x5228,
    0x18A3, 0x3165, 0x20C3, 0x2904, 0x20E3, 0x1061, 0x18C2, 0x20C3, 0x1082, 0x3125, 0x1062, 0x1061,
    0x1081, 0x0840, 0x0841, 0x1882, 0x1041, 0x1041, 0x1041, 0x0841, 0x1061, 0x0820, 0x1041, 0x1862,
    0x1041, 0x18A2, 0x1061, 0x1061, 0x1061, 0x1041, 0x1041, 0x0841, 0x0820, 0x0820, 0x0820, 0x0820,
    0x0820, 0x0820, 0x0800, 0x1840, 0x1860, 0x28E2, 0x2945, 0x2145, 0x2125, 0x2925, 0x2125, 0x3944,
    0x9265, 0x9AC6, 0xA2E7, 0xAB27, 0xB348, 0xBB89, 0xC3AA, 0xC3CA, 0xCBEA, 0xCC0A, 0xCC0A, 0xD40B,
    0xD42B, 0xD42B, 0xD42B, 0xD42A, 0xD42A, 0xD42B, 0xD40B, 0xDC2B, 0xDC2B, 0xDC2A, 0xDC4A, 0xDC4A,
    0xDC4A, 0xDC2A, 0xDC2A, 0xDC2A, 0xDC4A, 0xDC4B, 0xDC6B, 0xDC4B, 0xDC4B, 0xDC4B, 0xDC4B, 0xDC2B,
    0xDC4A, 0xD42A, 0xDC2A, 0xDC2A, 0xD40A, 0xD40A, 0xD409, 0xD3C9, 0xD3C9, 0xD3C8, 0xD3C8, 0xCBA8,
    0xCB87, 0xCB67, 0xC346, 0xC345, 0xD3E6, 0xE406, 0x8264, 0x18C4, 0x3125, 0x2925, 0x2924, 0x2924,
    0x2924, 0x2924, 0x2924, 0x18C3, 0x7A66, 0xCBEB, 0xC40C, 0xC46E, 0xC48E, 0xCCAF, 0xC4D0, 0xCCF1,
    0xCD11, 0xCD12, 0xD532, 0xD552, 0xD573, 0xD593, 0xD573, 0xD573, 0xDDB4, 0xB490, 0xA40E, 0xE615,
    0xCD32, 0x8B6C, 0xE5D5, 0xC4F2, 0x7289, 0x832B, 0xDD93, 0xAC2E, 0x832B, 0x830A, 0x6A68, 0x7AA9,
    0xDD53, 0xDD73, 0xDD73, 0xDD72, 0x2966, 0x2966, 0x2966, 0x2966, 0x2125, 0x2125, 0x1905, 0x1925,
    0x832C, 0x932B, 0x932A, 0xA32A, 0xAB4A, 0xAB6B, 0xB38B, 0xAB8A, 0xAB8B, 0xB3AB, 0xB3AB, 0xB3AC,
    0xBBAC, 0xBBAB, 0xB3AB, 0xB3AB, 0xBBAB, 0xBBAB, 0xBBAB, 0xBBAA, 0xBBAB, 0xBBAA, 0xB38A, 0xAB8A,
    0xAB6A, 0xAB6A, 0xAB49, 0xAB29, 0xAB49, 0xB36A, 0xB36A, 0xAB4A, 0x8AA8, 0x7206, 0x7206, 0x7A06,
    0x7206, 0x71C5, 0x71C5, 0x71A5, 0x71C5, 0x71C5, 0x71C5, 0x79E5, 0x79E5, 0x81E5, 0x81C4, 0x81E4,
    0x8A24, 0x9224, 0x8A24, 0x89E4, 0x9A44, 0x71A4, 0x30E4, 0x1106, 0x1107, 0x1107, 0x1107, 0x10E6,
    0x10E6, 0x10E6, 0x1106, 0x1106, 0x1926, 0x2947, 0x2947, 0x2927, 0x1907, 0x08C7, 0x0063, 0x00C5,
    0x0108, 0x00A5, 0x0842, 0x0841, 0x0841, 0x0821, 0x0841, 0x0861, 0x0861, 0x1062, 0x1062, 0x1062,
    0x1062, 0x30E3, 0x4164, 0x5A27, 0xDE58, 0xDE59, 0x49C8, 0x82A7, 0x8AA6, 0x0021, 0x1081, 0x1061,
    0x1061, 0x1062, 0x1082, 0x1082, 0x1082, 0x1882, 0x1082, 0x1882, 0x1882, 0x1882, 0x1082, 0x18C3,
    0x3986, 0x41A7, 0x39A6, 0x41C7, 0x2925, 0x3145, 0x20E4, 0x2904, 0x1882, 0x1882, 0x18A2, 0x1882,
    0x18A2, 0x1882, 0x1082, 0x1082, 0x1061, 0x1082, 0x1061, 0x1061, 0x1061, 0x1061, 0x0861, 0x0841,
    0x1041, 0x1041, 0x1061, 0x1061, 0x0861, 0x1061, 0x1061, 0x0841, 0x1041, 0x1061, 0x1061, 0x1061,
    0x1061, 0x1061, 0x1061, 0x1062, 0x1062, 0x1062, 0x1061, 0x1061, 0x1061, 0x1061, 0x1062, 0x1062,
    0x1062, 0x1061, 0x1062, 0x1082, 0x1061, 0x0821, 0x0841, 0x0841, 0x1062, 0x0821, 0x1041, 0x1062,
    0x1061, 0x1082, 0x1882, 0x1061, 0x0841, 0x0800, 0x1082, 0x1061, 0x1061, 0x1882, 0x1061, 0x1882,
    0x20A3, 0x20C3, 0x4186, 0x3965, 0x20C2, 0x5207, 0x5A29, 0x20A3, 0x4186, 0x6289, 0x49E7, 0x1881,
    0x1041, 0x1041, 0x1041, 0x0841, 0x0820, 0x0820, 0x0820, 0x0820, 0x0820, 0x0820, 0x0820, 0x1861,
    0x2060, 0x2903, 0x2966, 0x2945, 0x2925, 0x2926, 0x2926, 0x2105, 0x7205, 0x9AA6, 0x9AE6, 0xAB07,
    0xB348, 0xBB69, 0xBB8A, 0xC3CA, 0xC3E9, 0xCC0A, 0xCC0A, 0xD40B, 0xD40B, 0xD42B, 0xD42B, 0xD42A,
    0xD42A, 0xD42A, 0xD40A, 0xDC2B, 0xDC2B, 0xDC4A, 0xDC4A, 0xDC4A, 0xDC2A, 0xDC2A, 0xDC0A, 0xDC2A,
    0xDC4A, 0xDC4B, 0xDC6B, 0xDC6C, 0xDC6C, 0xDC6C, 0xDC4B, 0xDC4B, 0xDC4B, 0xD42A, 0xDC2A, 0xDC2A,
    0xD40A, 0xD40A, 0xD409, 0xD3E9, 0xD3C9, 0xD3C8, 0xCBA8, 0xCBA8, 0xCB87, 0xC367, 0xC346, 0xBB25,
    0xCB85, 0xDBE6, 0xA2E5, 0x18A3, 0x20C3, 0x20E4, 0x20E3, 0x18C3, 0x18A3, 0x18A3, 0x20C3, 0x1082,
    0x6A26, 0xCBEB, 0xC40C, 0xC46E, 0xC48F, 0xCCCF, 0xCCD0, 0xCCF1, 0xCD11, 0xCD12, 0xD532, 0xD552,
    0xD573, 0xD573, 0xD573, 0xD573, 0xE5F5, 0x8B4B, 0x3903, 0xE5F5, 0xB490, 0x6A68, 0xDD94, 0x51C7,
    0x9BAD, 0x7AEA, 0x832B, 0xA40E, 0x832B, 0x4985, 0x9B8D, 0xBC90, 0xDD73, 0xDD73, 0xDD72, 0xDD52,
    0x2966, 0x2966, 0x2966, 0x2946, 0x2125, 0x2125, 0x10E4, 0x41E8, 0x934C, 0x930A, 0x9B2A, 0xAB4A,
    0xAB4A, 0xAB4A, 0xAB6A, 0xAB8A, 0xB38A, 0xB38A, 0xB38B, 0xBBAB, 0xBB8B, 0xBBAB, 0xBB8A, 0xBBAA,
    0xBBAA, 0xBBAA, 0xBBAA, 0xBB8A, 0xBB8A, 0xBB8A, 0xB38A, 0xAB8A, 0xAB6A, 0xAB6A, 0xAB49, 0xA2E8,
    0x9AC8, 0x9AC8, 0xA309, 0xA309, 0x92C8, 0x8267, 0x71E5, 0x69C5, 0x69C5, 0x69A5, 0x69A5, 0x69A5,
    0x69A4, 0x69A4, 0x71A4, 0x71C5, 0x79C5, 0x79C5, 0x79C4, 0x81E4, 0x8A24, 0x8A24, 0x81E4, 0x8A04,
    0x9245, 0x4103, 0x18E5, 0x1106, 0x10E6, 0x1106, 0x10E6, 0x10E6, 0x10E6, 0x1907, 0x1907, 0x1926,
    0x2167, 0x3187, 0x3188, 0x2967, 0x2128, 0x08C7, 0x0084, 0x00A5, 0x0108, 0x00A5, 0x0842, 0x0841,
    0x0841, 0x0821, 0x0841, 0x0841, 0x0861, 0x0861, 0x1062, 0x1062, 0x1062, 0x20C3, 0x4143, 0x4165,
    0x7B2C, 0xF77D, 0x93F0, 0x3945, 0xAB87, 0x3922, 0x0841, 0x1081, 0x1062, 0x1061, 0x1061, 0x1081,
    0x1061, 0x1082, 0x1082, 0x1082, 0x1082, 0x1082, 0x1082, 0x1082, 0x1882, 0x3986, 0x41A7, 0x4A08,
    0x3986, 0x3166, 0x18A3, 0x20C3, 0x2924, 0x1882, 0x1882, 0x1082, 0x1882, 0x1882, 0x1082, 0x1062,
    0x1061, 0x1061, 0x1061, 0x1061, 0x1061, 0x1061, 0x1061, 0x1061, 0x1061, 0x1061, 0x1061, 0x1061,
    0x0861, 0x0841, 0x1061, 0x1061, 0x1061, 0x1061, 0x1061, 0x1061, 0x1061, 0x1061, 0x1061, 0x1062,
    0x1062, 0x1061, 0x1061, 0x1061, 0x1061, 0x1062, 0x1061, 0x1062, 0x1062, 0x1061, 0x1061, 0x0841,
    0x18A2, 0x3124, 0x1082, 0x1082, 0x1082, 0x3165, 0x2904, 0x0841, 0x1882, 0x20C2, 0x1061, 0x18A2,
    0x6289, 0x628A, 0x1041, 0x3144, 0x3985, 0x1041, 0x5A48, 0x3145, 0x6AAA, 0x836D, 0x6289, 0x2924,
    0x5248, 0x49C7, 0x28E4, 0x1862, 0x5A08, 0x1041, 0x5207, 0x2903, 0x1041, 0x1041, 0x1041, 0x0820,
    0x0820, 0x0820, 0x0820, 0x0820, 0x0820, 0x0820, 0x1020, 0x2061, 0x2060, 0x2924, 0x2966, 0x2945,
    0x2945, 0x2925, 0x2125, 0x1905, 0x4164, 0x9285, 0x9AA6, 0xA2E7, 0xAB28, 0xB328, 0xBB69, 0xBB89,
    0xC3C9, 0xC3E9, 0xCC0A, 0xD3EA, 0xD40B, 0xD40B, 0xD40A, 0xD42A, 0xD42A, 0xD44B, 0xD42B, 0xDC4B,
    0xDC2B, 0xDC4A, 0xDC6A, 0xDC6B, 0xDC4B, 0xDC2B, 0xDC2A, 0xD40A, 0xDC2A, 0xDC4B, 0xDC4B, 0xDC6B,
    0xDC4B, 0xDC4B, 0xDC6B, 0xDC4B, 0xDC4B, 0xDC2A, 0xDC2A, 0xDC2A, 0xD40A, 0xD40A, 0xD409, 0xD3E9,
    0xD3C9, 0xD3C8, 0xD3C8, 0xCBA8, 0xCB87, 0xC367, 0xC346, 0xBB26, 0xC345, 0xD3A6, 0xB305, 0x20A3,
    0x18A3, 0x18A3, 0x18A3, 0x1082, 0x1082, 0x1062, 0x1882, 0x0862, 0x59C5, 0xCBEB, 0xBC0C, 0xC44E,
    0xC48F, 0xCCB0, 0xCCD0, 0xCCF1, 0xCD11, 0xCD12, 0xD532, 0xD552, 0xD573, 0xD573, 0xD573, 0xD573,
    0xE5D4, 0x832B, 0x4144, 0xAC6F, 0xAC2F, 0x8B4C, 0xA3EE, 0x7AEB, 0xF656, 0xD573, 0x6248, 0xDDB3,
    0xDDD4, 0x6A69, 0xD553, 0xE5B4, 0xDD73, 0xDD73, 0xDD72, 0xDD72, 0x3166, 0x2966, 0x2966, 0x2946,
    0x2125, 0x2125, 0x1905, 0x6A8A, 0x932B, 0x9B09, 0xA329, 0xAB2A, 0xAB4A, 0xAB4A, 0xAB6A, 0xB38A,
    0xB38A, 0xB38A, 0xBB8A, 0xBB8B, 0xBB8A, 0xBB8A, 0xBBAA, 0xBBAA, 0xBBAA, 0xBB8A, 0xBBAA, 0xBBAA,
    0xBB8A, 0xBB8A, 0xB38A, 0xB38A, 0xAB69, 0xAB49, 0xA309, 0x9AC8, 0x92A7, 0x8A67, 0x8A87, 0x8A87,
    0x8267, 0x8267, 0x7206, 0x61A5, 0x6184, 0x6184, 0x6184, 0x6184, 0x6184, 0x6184, 0x6184, 0x69A4,
    0x71C4, 0x79C4, 0x79E4, 0x81E4, 0x8A24, 0x8204, 0x79E3, 0x8A04, 0x5144, 0x18C5, 0x08E6, 0x10E6,
    0x10E5, 0x10E5, 0x10E5, 0x10E6, 0x10E6, 0x1906, 0x1906, 0x1106, 0x2146, 0x2967, 0x2947, 0x2127,
    0x1907, 0x08E8, 0x00A5, 0x00A4, 0x0108, 0x00A4, 0x0842, 0x0841, 0x0841, 0x0841, 0x0841, 0x0841,
    0x0861, 0x0861, 0x1062, 0x1062, 0x1082, 0x1082, 0x30E3, 0x4144, 0x49A6, 0xB514, 0xEEDB, 0x5229,
    0x6A25, 0x9B06, 0x0821, 0x1082, 0x1082, 0x1061, 0x1061, 0x1061, 0x1061, 0x1061, 0x1061, 0x1062,
    0x1082, 0x1082, 0x1082, 0x1082, 0x1081, 0x18A2, 0x41C7, 0x4A09, 0x4A08, 0x41A7, 0x2904, 0x18A3,
    0x2904, 0x2104, 0x1061, 0x1082, 0x1882, 0x1082, 0x1082, 0x1061, 0x1061, 0x1061, 0x1061, 0x1061,
    0x1061, 0x1061, 0x1061, 0x1061, 0x1061, 0x1061, 0x1041, 0x1061, 0x0861, 0x0861, 0x1041, 0x1061,
    0x1061, 0x1061, 0x1061, 0x1082, 0x1062, 0x1061, 0x1062, 0x1061, 0x1061, 0x1061, 0x1061, 0x1061,
    0x1061, 0x1062, 0x1062, 0x1062, 0x1062, 0x1062, 0x0841, 0x41A6, 0x6ACA, 0x72EB, 0x628A, 0x0821,
    0x7B2C, 0x628A, 0x72EB, 0x2904, 0x3144, 0x5228, 0x1061, 0x7B2C, 0x41C7, 0x51E7, 0x1041, 0x5A69,
    0x3144, 0x1061, 0x72EB, 0x1862, 0x20A3, 0x6AAA, 0x0820, 0x0840, 0x6289, 0x3965, 0x28E3, 0x1862,
    0x626A, 0x5207, 0x41A6, 0x1061, 0x1061, 0x1041, 0x1041, 0x0820, 0x0820, 0x0820, 0x0820, 0x0820,
    0x1040, 0x1020, 0x1040, 0x2061, 0x2081, 0x2945, 0x2966, 0x2945, 0x2945, 0x2125, 0x2105, 0x2105,
    0x2104, 0x7204, 0x9285, 0xA2C7, 0xAB08, 0xB308, 0xB349, 0xBB89, 0xC3A9, 0xC3C9, 0xCBEA, 0xCBEA,
    0xD3EA, 0xD40A, 0xCC0A, 0xD40A, 0xD42A, 0xD42A, 0xD42A, 0xD42B, 0xDC4B, 0xDC4A, 0xDC4A, 0xDC4A,
    0xDC4B, 0xDC4B, 0xDC2A, 0xDC2A, 0xDC2A, 0xD42A, 0xDC4B, 0xDC4B, 0xDC4B, 0xDC4B, 0xDC6B, 0xD44B,
    0xD42B, 0xD44B, 0xD42A, 0xD42A, 0xD42A, 0xD40A, 0xD409, 0xD3E9, 0xD3C9, 0xD3C9, 0xCBA8, 0xCBA8,
    0xCB88, 0xC367, 0xC346, 0xBB26, 0xBB26, 0xC346, 0xBB05, 0x28E3, 0x18A3, 0x18A3, 0x18A3, 0x18A2,
    0x1082, 0x1062, 0x1082, 0x0862, 0x4984, 0xC3EA, 0xBBEC, 0xC44E, 0xC46E, 0xC4AF, 0xCCD0, 0xCCF1,
    0xCD11, 0xD512, 0xD532, 0xD553, 0xD573, 0xD573, 0xD573, 0xD573, 0xDDB4, 0x72A9, 0x93AD, 0x7289,
    0x8B6C, 0x9BCD, 0x830B, 0xAC50, 0xE5F5, 0xC532, 0x6248, 0xD573, 0xC512, 0x6A48, 0xD533, 0xD553,
    0xDD73, 0xDD73, 0xDD72, 0xDD72, 0x3186, 0x2966, 0x2966, 0x2945, 0x2125, 0x1905, 0x2146, 0x82CB,
    0x92E9, 0x9B09, 0xA329, 0xAB4A, 0xAB4A, 0xAB6A, 0xB36A, 0xB38A, 0xB38A, 0xB38A, 0xBBAA, 0xBB8A,
    0xBB8A, 0xBBAA, 0xBB8A, 0xBB8A, 0xBBAA, 0xBBAA, 0xBBAA, 0xBBAA, 0xBBAA, 0xBB8A, 0xB38A, 0xB369,
    0xAB49, 0xA329, 0x9AE8, 0x9AC8, 0x92A7, 0x8A67, 0x8246, 0x7A46, 0x7A26, 0x7A26, 0x7206, 0x69C5,
    0x6184, 0x5964, 0x5964, 0x5964, 0x5964, 0x5964, 0x6164, 0x6184, 0x69A4, 0x71A4, 0x79E4, 0x81E4,
    0x8A04, 0x71A3, 0x6983, 0x5144, 0x28E5, 0x10C6, 0x08C6, 0x08E5, 0x08C5, 0x10C5, 0x10E5, 0x10C5,
    0x10C5, 0x10C5, 0x10E5, 0x10E5, 0x1105, 0x1906, 0x1906, 0x10E6, 0x1906, 0x0908, 0x00C6, 0x0084,
    0x00E7, 0x00A5, 0x0842, 0x0841, 0x0821, 0x0821, 0x0841, 0x0841, 0x0841, 0x0861, 0x1062, 0x1062,
    0x1062, 0x1062, 0x1882, 0x3903, 0x4165, 0x6A6A, 0xEEFC, 0xB4F3, 0x3945, 0xA367, 0x59C4, 0x0021,
    0x1882, 0x1081, 0x1061, 0x1061, 0x1061, 0x1061, 0x1061, 0x1061, 0x1082, 0x1082, 0x1082, 0x1081,
    0x1082, 0x1061, 0x20E4, 0x5A6A, 0x5229, 0x41C7, 0x2904, 0x20E4, 0x20E3, 0x3986, 0x1882, 0x1062,
    0x1082, 0x1882, 0x1082, 0x1062, 0x1082, 0x1061, 0x1062, 0x1062, 0x1061, 0x1061, 0x1061, 0x1061,
    0x1061, 0x1061, 0x1061, 0x1061, 0x1061, 0x1061, 0x1061, 0x1062, 0x1061, 0x1061, 0x1061, 0x1082,
    0x1061, 0x1061, 0x1062, 0x1062, 0x1061, 0x1061, 0x1061, 0x1061, 0x1061, 0x1062, 0x1062, 0x1062,
    0x1062, 0x1082, 0x0820, 0x5A69, 0x3165, 0x4A08, 0x5228, 0x20C3, 0x730C, 0x0821, 0x7B2C, 0x3145,
    0x5228, 0x3985, 0x5A69, 0x41C6, 0x1882, 0x3125, 0x20A3, 0x730C, 0x62AA, 0x730B, 0x6ACA, 0x0800,
    0x3945, 0x6249, 0x0820, 0x2903, 0x6ACA, 0x3985, 0x1882, 0x3104, 0x6AAA, 0x6A8A, 0x20C2, 0x1041,
    0x1061, 0x1041, 0x1041, 0x0820, 0x0820, 0x0820, 0x0820, 0x0820, 0x1040, 0x1040, 0x1840, 0x2061,
    0x28A1, 0x2945, 0x2945, 0x2945, 0x2925, 0x2125, 0x2105, 0x2105, 0x1904, 0x4164, 0x8A65, 0x9AA6,
    0xAB07, 0xAB08, 0xB349, 0xBB69, 0xBBA9, 0xC3A9, 0xC3C9, 0xCBCA, 0xCBEA, 0xCC0A, 0xCBEA, 0xCC0A,
    0xD42A, 0xD42A, 0xD42A, 0xDC2B, 0xDC2B, 0xDC2A, 0xDC4B, 0xDC4B, 0xDC4A, 0xDC4B, 0xDC2B, 0xDC4B,
    0xDC2A, 0xD42A, 0xDC4B, 0xDC4B, 0xDC4B, 0xDC4B, 0xDC6B, 0xDC4B, 0xD44B, 0xD42B, 0xDC2B, 0xD40A,
    0xD40A, 0xD40A, 0xD409, 0xD3E9, 0xD3C8, 0xD3C9, 0xCBA8, 0xCBA8, 0xCB87, 0xC367, 0xC346, 0xBB26,
    0xBB05, 0xBB05, 0xBB05, 0x30E3, 0x1083, 0x18A3, 0x18A3, 0x18A2, 0x1082, 0x1062, 0x1082, 0x1082,
    0x4144, 0xC3AA, 0xBBEB, 0xC44D, 0xBC6E, 0xC48F, 0xC4D0, 0xCCF1, 0xCD11, 0xCD12, 0xD532, 0xD553,
    0xD573, 0xD573, 0xD573, 0xD573, 0xDD93, 0x6A68, 0xCD52, 0x830B, 0x3924, 0xBC90, 0x7AEA, 0xAC4F,
    0xFE97, 0x8B6C, 0x7AEA, 0xEE15, 0xBCB0, 0x6A48, 0xDD73, 0xD553, 0xDD73, 0xDD73, 0xDD73, 0xDD73,
    0x3166, 0x3186, 0x2966, 0x2965, 0x2125, 0x18E4, 0x3186, 0x930B, 0x92E9, 0xA309, 0xA329, 0xAB29,
    0xAB4A, 0xAB4A, 0xB36A, 0xB369, 0xB389, 0xB369, 0xB38A, 0xBB8A, 0xBB8A, 0xBBAA, 0xBBAA, 0xBB89,
    0xBBAA, 0xBB8A, 0xBBAA, 0xBBAA, 0xBB8A, 0xB38A, 0xB369, 0xAB49, 0xA329, 0xA308, 0x9AE8, 0x9AC8,
    0x92C8, 0x8A87, 0x8267, 0x8246, 0x7A26, 0x71E6, 0x69E5, 0x69A5, 0x61A5, 0x6185, 0x5984, 0x5984,
    0x6185, 0x6184, 0x6184, 0x6184, 0x6984, 0x71C5, 0x79C4, 0x71A4, 0x6183, 0x5943, 0x5144, 0x3904,
    0x10C5, 0x08A5, 0x08A5, 0x08C4, 0x08C5, 0x10E5, 0x10C5, 0x10C5, 0x10C5, 0x10C5, 0x10C5, 0x08E5,
    0x10E5, 0x1105, 0x10E6, 0x18E6, 0x1907, 0x08E8, 0x00E7, 0x00A5, 0x00C6, 0x00A5, 0x0842, 0x0841,
    0x0821, 0x0821, 0x0841, 0x0841, 0x0841, 0x0841, 0x1041, 0x1062, 0x1062, 0x1062, 0x1062, 0x28C2,
    0x4124, 0x4986, 0x9C31, 0xF75C, 0x6ACB, 0x51C5, 0xBBE8, 0x1881, 0x1061, 0x1061, 0x1061, 0x1061,
    0x0861, 0x1061, 0x1061, 0x1061, 0x1061, 0x1082, 0x1082, 0x1882, 0x1082, 0x1082, 0x1061, 0x3145,
    0x5A6A, 0x5A6A, 0x3145, 0x20C3, 0x18A3, 0x41A7, 0x3165, 0x1041, 0x1882, 0x18A2, 0x1882, 0x1082,
    0x1082, 0x1061, 0x1061, 0x1062, 0x1061, 0x1061, 0x1061, 0x1061, 0x1061, 0x1061, 0x1061, 0x1061,
    0x1061, 0x1061, 0x1062, 0x1082, 0x1062, 0x1061, 0x1061, 0x1061, 0x1061, 0x1061, 0x1062, 0x1062,
    0x1061, 0x1061, 0x1061, 0x1061, 0x1061, 0x1061, 0x1062, 0x1062, 0x1062, 0x1082, 0x1061, 0x7B2C,
    0x838D, 0x93CF, 0x3145, 0x4186, 0xA451, 0x730C, 0x3965, 0x0820, 0x6ACB, 0x3965, 0x6AAA, 0x1061,
    0x5A49, 0x93CF, 0x3125, 0x730B, 0x3144, 0x5A48, 0x5A48, 0x0000, 0x49E7, 0x49E7, 0x0000, 0x41C6,
    0x4A07, 0x20C3, 0x3104, 0x49C7, 0x3125, 0x18A2, 0x5A48, 0x1882, 0x1041, 0x1041, 0x1021, 0x0820,
    0x0820, 0x0820, 0x0820, 0x0840, 0x1040, 0x1840, 0x1840, 0x2081, 0x28C2, 0x2966, 0x2965, 0x2945,
    0x2946, 0x2125, 0x2105, 0x2105, 0x1905, 0x1904, 0x7204, 0x9285, 0xA2C7, 0xAAE8, 0xB328, 0xBB49,
    0xBB88, 0xBBA9, 0xC3A9, 0xC3CA, 0xCBEA, 0xCBEA, 0xCC0A, 0xCC0A, 0xCC0A, 0xD40A, 0xD42A, 0xD42B,
    0xDC2B, 0xDC2A, 0xDC4A, 0xDC4A, 0xDC4A, 0xE44B, 0xDC4B, 0xDC2A, 0xDC2A, 0xDC4A, 0xDC4A, 0xDC4B,
    0xDC2B, 0xDC4B, 0xDC4B, 0xDC4B, 0xDC6B, 0xD44B, 0xDC2B, 0xDC2B, 0xD40A, 0xD42A, 0xD40A, 0xD409,
    0xD3E9, 0xD3C8, 0xCBA8, 0xCBA8, 0xCB87, 0xC367, 0xC366, 0xBB26, 0xB305, 0xBB05, 0xBAE5, 0x3923,
    0x10A3, 0x18C3, 0x18A3, 0x18A2, 0x1062, 0x1061, 0x1082, 0x10A2, 0x3103, 0xBB89, 0xBBEB, 0xC44D,
    0xBC4E, 0xC48F, 0xC4D0, 0xCCF1, 0xCD11, 0xCD12, 0xD532, 0xD532, 0xD553, 0xD573, 0xD573, 0xDD93,
    0xCD32, 0x6228, 0xD593, 0xC4F1, 0x30A2, 0xC4F1, 0xAC4F, 0x6207, 0x834B, 0x51E6, 0xCD12, 0xE5D4,
    0xAC4F, 0x6227, 0xDD94, 0xD552, 0xD553, 0xDD72, 0xDD73, 0xD552, 0x3186, 0x3166, 0x3166, 0x2966,
    0x2945, 0x10E4, 0x49E7, 0x930A, 0x9B09, 0xA329, 0xA329, 0xAB49, 0xAB49, 0xAB49, 0xB369, 0xB369,
    0xB369, 0xB369, 0xB389, 0xBB8A, 0xBB8A, 0xBBAA, 0xBB8A, 0xBBAA, 0xBB89, 0xBB8A, 0xBBAA, 0xBBAA,
    0xBB8A, 0xB369, 0xAB49, 0xAB49, 0xA329, 0xA308, 0x9B08, 0x9AE8, 0x9AC8, 0x92C8, 0x8A87, 0x8267,
    0x7A26, 0x7206, 0x69E5, 0x61A5, 0x5984, 0x5984, 0x5964, 0x5964, 0x5964, 0x5964, 0x5964, 0x5964,
    0x6164, 0x6164, 0x5943, 0x5964, 0x5984, 0x5164, 0x4924, 0x18C5, 0x08C5, 0x08A4, 0x08A4, 0x08C4,
    0x08C5, 0x10E6, 0x10E5, 0x10C5, 0x10C5, 0x10C5, 0x10E5, 0x10E5, 0x1105, 0x1926, 0x2126, 0x18E6,
    0x1906, 0x08E8, 0x00C6, 0x00C6, 0x00C5, 0x00C5, 0x0842, 0x0821, 0x0821, 0x0821, 0x0841, 0x0840,
    0x0840, 0x0841, 0x0841, 0x1061, 0x1062, 0x1062, 0x1062, 0x1082, 0x30E3, 0x4145, 0x5A08, 0xDE59,
    0xCDF7, 0x3945, 0x9307, 0x8AC6, 0x0001, 0x1061, 0x0861, 0x1061, 0x1061, 0x1061, 0x1061, 0x1061,
    0x1061, 0x1081, 0x1081, 0x18A2, 0x1082, 0x1062, 0x1082, 0x1082, 0x3987, 0x62CB, 0x41E8, 0x2104,
    0x18A3, 0x3165, 0x49E7, 0x1062, 0x1062, 0x1882, 0x1082, 0x1082, 0x1082, 0x1082, 0x1082, 0x1882,
    0x1062, 0x1061, 0x1061, 0x1062, 0x1061, 0x1061, 0x1061, 0x1061, 0x1062, 0x1061, 0x1082, 0x1062,
    0x1061, 0x1061, 0x1061, 0x1061, 0x1062, 0x1062, 0x1062, 0x1061, 0x1062, 0x1061, 0x1061, 0x1061,
    0x1061, 0x1061, 0x1062, 0x1062, 0x1062, 0x0841, 0x2903, 0x62AA, 0x0000, 0x3986, 0x6AAA, 0x5A49,
    0x62AA, 0x730B, 0x18A3, 0x1882, 0x72EB, 0x2903, 0x7B2C, 0x1061, 0x49E7, 0x5A69, 0x2904, 0x6269,
    0x0000, 0x5228, 0x3986, 0x0000, 0x5208, 0x3125, 0x0800, 0x3965, 0x6ACA, 0x5A48, 0x3125, 0x28E4,
    0x20C3, 0x0841, 0x1881, 0x1081, 0x1041, 0x1041, 0x1041, 0x0820, 0x0820, 0x0820, 0x0820, 0x0840,
    0x1040, 0x1860, 0x1840, 0x2881, 0x2904, 0x2966, 0x2945, 0x2945, 0x2945, 0x2125, 0x2105, 0x18E5,
    0x2104, 0x18E4, 0x4164, 0x9265, 0x9AA6, 0xA2C7, 0xAAE8, 0xB328, 0xB368, 0xBB88, 0xC3A9, 0xC3A9,
    0xC3CA, 0xCBEA, 0xCBEA, 0xCBEA, 0xCC0A, 0xD40A, 0xD40A, 0xD40A, 0xDC2A, 0xDC2A, 0xDC2A, 0xDC2A,
    0xDC2A, 0xDC4A, 0xDC4B, 0xDC2A, 0xDC2A, 0xDC2A, 0xDC4A, 0xDC4B, 0xDC2B, 0xDC4B, 0xDC6B, 0xDC4B,
    0xDC6B, 0xD44B, 0xDC4B, 0xDC4B, 0xD42A, 0xD42A, 0xD42A, 0xD409, 0xD3E9, 0xD3C9, 0xCBA8, 0xCBA8,
    0xCB88, 0xC367, 0xC346, 0xBB26, 0xB306, 0xB2E5, 0xB2C5, 0x3924, 0x18E4, 0x2104, 0x20E4, 0x18C3,
    0x1082, 0x1061, 0x1062, 0x1082, 0x28E3, 0xAB49, 0xBBCB, 0xBC2D, 0xC46F, 0xC48F, 0xC4D0, 0xCCD1,
    0xCCF1, 0xCD12, 0xCD12, 0xD532, 0xD553, 0xD553, 0xD573, 0xD573, 0xD573, 0xBCB0, 0xD573, 0xD593,
    0xBCB0, 0xD553, 0xDDB4, 0xA40E, 0x832B, 0xCD32, 0xDDB4, 0xDD93, 0xCD12, 0xAC4F, 0xDD73, 0xD552,
    0xD552, 0xD552, 0xD552, 0xD532, 0x3166, 0x3166, 0x3186, 0x3186, 0x2945, 0x1904, 0x6A69, 0x9B0A,
    0xA309, 0xA308, 0xA329, 0xAB49, 0xB36A, 0xAB49, 0xAB49, 0xB369, 0xB369, 0xB369, 0xB389, 0xBBAA,
    0xBBAA, 0xBB8A, 0xBB8A, 0xB389, 0xB389, 0xBB8A, 0xB38A, 0xB369, 0xB38A, 0xB369, 0xAB49, 0xA349,
    0xA329, 0xA329, 0xA308, 0x9B09, 0x9AE9, 0x92C8, 0x92C8, 0x8A87, 0x7A46, 0x7206, 0x69E5, 0x61C5,
    0x61A5, 0x5964, 0x5164, 0x5164, 0x5144, 0x5143, 0x5143, 0x5143, 0x5143, 0x5143, 0x6184, 0x61A4,
    0x5964, 0x4943, 0x28E4, 0x08C6, 0x10C5, 0x08C5, 0x08A4, 0x08C4, 0x10E5, 0x10E6, 0x10E5, 0x10C6,
    0x10E6, 0x10E6, 0x10E6, 0x1106, 0x1106, 0x1926, 0x2126, 0x18E5, 0x18E6, 0x10E8, 0x00A5, 0x00C6,
    0x00A4, 0x00C5, 0x0842, 0x0821, 0x0821, 0x0821, 0x0820, 0x0840, 0x0840, 0x0841, 0x0841, 0x0841,
    0x1062, 0x1062, 0x1061, 0x1062, 0x20A2, 0x3904, 0x4165, 0x836D, 0xF79D, 0x8BCE, 0x3944, 0xC409,
    0x3902, 0x0841, 0x1061, 0x1061, 0x1061, 0x1061, 0x1061, 0x1061, 0x1061, 0x1081, 0x1081, 0x1082,
    0x1082, 0x1062, 0x1062, 0x1882, 0x18A2, 0x5249, 0x5249, 0x3145, 0x20C3, 0x3145, 0x49E8, 0x20C3,
    0x1061, 0x1882, 0x1882, 0x1082, 0x1082, 0x1082, 0x1082, 0x1062, 0x1061, 0x1061, 0x1061, 0x1082,
    0x1082, 0x1062, 0x1082, 0x1062, 0x1062, 0x1061, 0x1062, 0x1082, 0x1061, 0x1061, 0x1061, 0x1061,
    0x1061, 0x1061, 0x1062, 0x1062, 0x1062, 0x1061, 0x1082, 0x1081, 0x1061, 0x1061, 0x1062, 0x1062,
    0x1062, 0x0820, 0x49E7, 0x6ACA, 0x41C6, 0x6ACB, 0x2904, 0x6269, 0x0841, 0x2904, 0x6AAA, 0x2904,
    0x5A48, 0x0821, 0x5228, 0x6AAA, 0x628A, 0x2925, 0x20E3, 0x3124, 0x1041, 0x20E3, 0x18A2, 0x1061,
    0x1882, 0x1882, 0x1882, 0x1061, 0x1061, 0x0841, 0x1041, 0x1062, 0x1061, 0x1061, 0x1061, 0x1061,
    0x1041, 0x1041, 0x1041, 0x0820, 0x0820, 0x0820, 0x0820, 0x0840, 0x1860, 0x1860, 0x1860, 0x2881,
    0x2925, 0x2946, 0x2145, 0x2145, 0x2125, 0x2105, 0x18E5, 0x18E5, 0x1904, 0x1904, 0x18E3, 0x71E4,
    0x9286, 0xA2C7, 0xAAC7, 0xB308, 0xB348, 0xBB88, 0xBBA9, 0xC3A9, 0xC3AA, 0xCBCA, 0xCBCA, 0xCC0A,
    0xCC0A, 0xCBEA, 0xD40A, 0xD40A, 0xD40A, 0xD42A, 0xD42A, 0xDC2A, 0xDC2A, 0xDC4B, 0xDC4B, 0xDC2A,
    0xDC4A, 0xDC2A, 0xDC2A, 0xDC2A, 0xDC2B, 0xDC2B, 0xDC4B, 0xDC6B, 0xDC4B, 0xDC6B, 0xDC2B, 0xDC2B,
    0xD40A, 0xD40A, 0xD42A, 0xD409, 0xD3E9, 0xD3C9, 0xCBA8, 0xCBA8, 0xCB87, 0xC367, 0xBB46, 0xBB26,
    0xB2E5, 0xAAC5, 0xAAA5, 0x3924, 0x20E4, 0x2904, 0x2904, 0x20E4, 0x1082, 0x1062, 0x1082, 0x1082,
    0x20C2, 0xA2E8, 0xBBCB, 0xBC2D, 0xBC4E, 0xC48F, 0xC4B0, 0xC4D1, 0xCD11, 0xD553, 0xD553, 0xCD12,
    0xCD32, 0xD553, 0xD553, 0xD553, 0xD573, 0xDD93, 0xD573, 0xD573, 0xDD94, 0xD573, 0xD553, 0xDD94,
    0xE5D4, 0xDD93, 0xD573, 0xD573, 0xDD94, 0xDD94, 0xD553, 0xD552, 0xD552, 0xD552, 0xD532, 0xD532,
    0x3186, 0x3186, 0x3186, 0x3186, 0x2945, 0x2945, 0x82CA, 0x9AE9, 0xA309, 0xA308, 0xA328, 0xAB29,
    0xAB49, 0xAB49, 0xB349, 0xB349, 0xB369, 0xB369, 0xB369, 0xB389, 0xB38A, 0xBB8A, 0xB38A, 0xB389,
    0xB389, 0xB369, 0xB369, 0xB369, 0xB369, 0xAB49, 0xAB49, 0xAB49, 0xA329, 0xA329, 0xA309, 0x9B09,
    0x9AE9, 0x92C8, 0x92C8, 0x8AA7, 0x8267, 0x7A26, 0x69E5, 0x61A5, 0x61A5, 0x5985, 0x5964, 0x5144,
    0x5144, 0x5144, 0x5164, 0x5164, 0x5143, 0x61A4, 0x61A4, 0x5964, 0x5144, 0x3904, 0x18E6, 0x10E6,
    0x10C6, 0x10C5, 0x10C5, 0x10C5, 0x10E5, 0x10E5, 0x10E5, 0x10C6, 0x10E6, 0x10E6, 0x10E6, 0x1106,
    0x1106, 0x1926, 0x1905, 0x18E5, 0x18E5, 0x10E7, 0x0084, 0x00A4, 0x0084, 0x00A5, 0x0863, 0x0821,
    0x0821, 0x0820, 0x0820, 0x0820, 0x0840, 0x0841, 0x0841, 0x0841, 0x1041, 0x1061, 0x1061, 0x1061,
    0x1062, 0x30C3, 0x4144, 0x51A5, 0xC5B6, 0xE6FA, 0x49C7, 0x7AA7, 0xB3C8, 0x0800, 0x1081, 0x1061,
    0x1061, 0x1082, 0x1062, 0x1061, 0x1061, 0x1081, 0x1081, 0x1082, 0x1882, 0x1062, 0x1082, 0x1882,
    0x1061, 0x3166, 0x5A6A, 0x3145, 0x3125, 0x3145, 0x49E8, 0x2904, 0x1061, 0x1062, 0x1082, 0x1082,
    0x1882, 0x1082, 0x1062, 0x1062, 0x1062, 0x1082, 0x1082, 0x1082, 0x1082, 0x1062, 0x1061, 0x1062,
    0x1082, 0x1082, 0x1082, 0x1882, 0x1082, 0x1082, 0x1062, 0x1082, 0x1061, 0x1061, 0x1061, 0x1062,
    0x1061, 0x1061, 0x1082, 0x1082, 0x1082, 0x1062, 0x1062, 0x1062, 0x1062, 0x1061, 0x20E3, 0x49E7,
    0x3986, 0x1882, 0x1041, 0x18A2, 0x1882, 0x1061, 0x18A2, 0x18A2, 0x1082, 0x1882, 0x1041, 0x1082,
    0x1041, 0x1061, 0x1061, 0x1041, 0x1882, 0x1061, 0x0841, 0x1082, 0x0841, 0x0820, 0x1041, 0x1082,
    0x1081, 0x1882, 0x1882, 0x1882, 0x1061, 0x1061, 0x1061, 0x1061, 0x1041, 0x1041, 0x1041, 0x0820,
    0x0820, 0x0820, 0x0840, 0x1040, 0x1860, 0x2060, 0x1860, 0x20A1, 0x2925, 0x2946, 0x2946, 0x2145,
    0x2125, 0x18E5, 0x18E5, 0x18E5, 0x1904, 0x2104, 0x10E4, 0x4143, 0x9245, 0x9A86, 0xA2C7, 0xAAE7,
    0xAB27, 0xB368, 0xBB88, 0xC3A9, 0xC3A9, 0xC3AA, 0xCBCA, 0xCBEA, 0xCC0A, 0xCBEA, 0xCC0A, 0xD40A,
    0xD40A, 0xD40A, 0xD40A, 0xD40A, 0xDC2A, 0xDC2A, 0xDC4B, 0xDC4B, 0xDC2A, 0xDC2A, 0xDC0A, 0xDC2A,
    0xDC2B, 0xD42B, 0xDC4B, 0xDC4B, 0xDC4B, 0xDC4B, 0xDC2B, 0xDC2B, 0xDC2B, 0xDC0A, 0xDC2A, 0xD409,
    0xD3E9, 0xD3C9, 0xD3C9, 0xCBA8, 0xCB87, 0xC367, 0xBB26, 0xBB06, 0xAAC5, 0xAAA5, 0x9A85, 0x28E3,
    0x20E4, 0x2104, 0x2104, 0x18C3, 0x1082, 0x1062, 0x1082, 0x18A2, 0x18A2, 0x8AA8, 0xBBCB, 0xC42D,
    0xBC4E, 0xC48F, 0xC4B0, 0xCCF1, 0xC4F1, 0xA3ED, 0xAC4F, 0xD553, 0xD573, 0xCD32, 0xDD73, 0xD553,
    0xD552, 0xDDB4, 0xE5D4, 0xD573, 0xD574, 0xE5D5, 0xE5F5, 0xDD94, 0xD553, 0xD593, 0xDD93, 0xD573,
    0xD573, 0xDD73, 0xDDB4, 0xE5B4, 0xD573, 0xD552, 0xD553, 0xCD32, 0x3187, 0x3186, 0x3186, 0x3186,
    0x2145, 0x49E7, 0x932B, 0x9B09, 0xA2E8, 0xA2E8, 0xA308, 0xAB29, 0xAB28, 0xAB48, 0xB349, 0xB349,
    0xB349, 0xB349, 0xB369, 0xB389, 0xB38A, 0xB38A, 0xB38A, 0xB389, 0xB389, 0xB369, 0xB369, 0xB369,
    0xB349, 0xAB49, 0xAB49, 0xAB29, 0xAB29, 0xA329, 0xA329, 0xA309, 0x9AE9, 0x92C8, 0x8A87, 0x8267,
    0x7A47, 0x7206, 0x69C5, 0x61A5, 0x61A5, 0x5984, 0x5164, 0x5164, 0x5144, 0x5144, 0x5964, 0x5143,
    0x6184, 0x6184, 0x5964, 0x5144, 0x4104, 0x20E6, 0x1907, 0x18E7, 0x10E6, 0x10C6, 0x10C6, 0x10C5,
    0x10C5, 0x10E5, 0x10C5, 0x10C5, 0x10E6, 0x10E6, 0x10E6, 0x1106, 0x1106, 0x1905, 0x18E5, 0x18E5,
    0x18E5, 0x1107, 0x0063, 0x0063, 0x0084, 0x00A5, 0x0084, 0x0821, 0x0821, 0x0820, 0x0820, 0x0840,
    0x0840, 0x0841, 0x0841, 0x0841, 0x0841, 0x0861, 0x1061, 0x1061, 0x1062, 0x1882, 0x3903, 0x4144,
    0x6ACA, 0xF79D, 0xACD3, 0x3924, 0xC44A, 0x6225, 0x0000, 0x1081, 0x1061, 0x1082, 0x1062, 0x1061,
    0x1881, 0x1081, 0x1081, 0x1081, 0x18A2, 0x1882, 0x1082, 0x1082, 0x1061, 0x20C3, 0x5269, 0x3186,
    0x3966, 0x3986, 0x49C7, 0x2925, 0x1061, 0x1882, 0x1882, 0x1082, 0x1082, 0x1082, 0x1061, 0x1082,
    0x1882, 0x1082, 0x1082, 0x1082, 0x1062, 0x1061, 0x1061, 0x1082, 0x1082, 0x1082, 0x1882, 0x1882,
    0x1082, 0x1062, 0x1062, 0x1061, 0x1061, 0x1061, 0x1061, 0x1061, 0x1061, 0x1062, 0x1082, 0x1082,
    0x1062, 0x1062, 0x1062, 0x1062, 0x1062, 0x1082, 0x1061, 0x0841, 0x0841, 0x1061, 0x1062, 0x1061,
    0x1082, 0x1082, 0x0840, 0x0841, 0x0841, 0x1081, 0x1082, 0x1061, 0x1061, 0x1062, 0x1882, 0x18A2,
    0x1081, 0x1061, 0x3144, 0x1041, 0x3145, 0x6269, 0x3145, 0x1041, 0x1082, 0x1082, 0x1082, 0x1062,
    0x1061, 0x1061, 0x1061, 0x1061, 0x1041, 0x1041, 0x0840, 0x0820, 0x0820, 0x0820, 0x0840, 0x1040,
    0x2080, 0x2081, 0x1860, 0x20A2, 0x2126, 0x2146, 0x2946, 0x2946, 0x2125, 0x2105, 0x18E5, 0x18E5,
    0x1904, 0x18E4, 0x18E4, 0x10C3, 0x69C5, 0x9A66, 0xA2A7, 0xA2C7, 0xAB07, 0xB347, 0xB368, 0xBB89,
    0xC3A9, 0xC3AA, 0xCBCA, 0xCBCA, 0xCBEA, 0xCBE9, 0xCC0A, 0xCBEA, 0xD3EA, 0xD40A, 0xD40A, 0xD3E9,
    0xD409, 0xDC0A, 0xDC2A, 0xDC2A, 0xDC2A, 0xDC2A, 0xD40A, 0xDC2A, 0xDC2B, 0xD42B, 0xD42B, 0xDC4B,
    0xDC4B, 0xDC4B, 0xDC4B, 0xDC2B, 0xDC2B, 0xDC2A, 0xDC2A, 0xDC2A, 0xD409, 0xD3E9, 0xD3C9, 0xCBA8,
    0xCB87, 0xC366, 0xBB06, 0xB2E5, 0xAAC5, 0xA285, 0x8A24, 0x20C3, 0x20E4, 0x2104, 0x2104, 0x20E4,
    0x18A2, 0x1062, 0x1882, 0x18C3, 0x18A2, 0x7A67, 0xBBCB, 0xC42C, 0xBC4E, 0xC48F, 0xC490, 0xD531,
    0x8B4B, 0x51A5, 0x59E6, 0xA3EE, 0x8B4B, 0x51E7, 0x72A9, 0xCD12, 0xDDB4, 0xA3ED, 0x938C, 0xDD94,
    0xCD33, 0x938D, 0x7ACA, 0xAC4F, 0xDDB4, 0xC511, 0xCD32, 0xDD74, 0xDD74, 0xC4D1, 0xA40E, 0x8B6C,
    0xB490, 0xCD11, 0xB470, 0xD553, 0x2966, 0x2966, 0x2966, 0x2966, 0x2145, 0x6A69, 0x932B, 0x9B09,
    0xA309, 0xA2E8, 0xA308, 0xAB28, 0xAB28, 0xAB28, 0xAB49, 0xB349, 0xB349, 0xB369, 0xB369, 0xB369,
    0xB369, 0xB369, 0xB389, 0xB369, 0xB389, 0xB369, 0xAB49, 0xAB49, 0xAB49, 0xAB49, 0xAB49, 0xAB29,
    0xA329, 0xA309, 0x9AE8, 0x9AE8, 0x92C8, 0x92A8, 0x8A87, 0x8246, 0x7226, 0x69E5, 0x69C5, 0x61A5,
    0x6185, 0x5984, 0x5964, 0x5964, 0x5964, 0x5964, 0x5964, 0x5964, 0x6184, 0x5964, 0x4944, 0x4903,
    0x28E5, 0x1107, 0x1107, 0x1107, 0x10E6, 0x10C6, 0x10C6, 0x10C6, 0x10C5, 0x10C5, 0x10C5, 0x10C5,
    0x10E6, 0x1148, 0x1148, 0x1106, 0x1106, 0x1105, 0x10C4, 0x10C5, 0x10E5, 0x1127, 0x00A5, 0x0041,
    0x00A4, 0x0084, 0x0085, 0x0822, 0x0821, 0x0821, 0x0820, 0x0820, 0x0840, 0x0840, 0x0841, 0x0841,
    0x0841, 0x0861, 0x1061, 0x1061, 0x1061, 0x1042, 0x28C2, 0x3923, 0x4185, 0xB513, 0xF77D, 0x6A8A,
    0x6206, 0xCC8A, 0x1881, 0x1061, 0x1081, 0x1082, 0x1882, 0x1882, 0x1081, 0x1081, 0x1081, 0x1081,
    0x20C3, 0x18A2, 0x1062, 0x1882, 0x18A2, 0x18C3, 0x41E7, 0x3186, 0x3165, 0x41C7, 0x5229, 0x28E4,
    0x1061, 0x1082, 0x1082, 0x1062, 0x1062, 0x1082, 0x1082, 0x1082, 0x1082, 0x1082, 0x1082, 0x1082,
    0x1882, 0x1082, 0x1082, 0x1882, 0x1082, 0x1062, 0x1082, 0x1082, 0x1062, 0x1061, 0x1062, 0x1061,
    0x1062, 0x1062, 0x1082, 0x1062, 0x1061, 0x1062, 0x1082, 0x1082, 0x1082, 0x1082, 0x1082, 0x1082,
    0x1882, 0x1082, 0x1082, 0x1082, 0x1082, 0x1061, 0x1062, 0x1062, 0x1062, 0x1082, 0x5208, 0x6AAA,
    0x41A6, 0x0841, 0x1061, 0x18A2, 0x834D, 0x20C3, 0x20A3, 0x6AAA, 0x0000, 0x41C6, 0x6AAA, 0x3125,
    0x5228, 0x3145, 0x3965, 0x1061, 0x1082, 0x1061, 0x1061, 0x1062, 0x1062, 0x1061, 0x1061, 0x1061,
    0x1061, 0x1041, 0x0840, 0x0820, 0x0820, 0x0820, 0x0840, 0x1040, 0x2080, 0x2061, 0x1860, 0x20C3,
    0x18E5, 0x18E4, 0x1905, 0x1905, 0x1905, 0x18E5, 0x18E5, 0x1905, 0x1905, 0x18E4, 0x18E4, 0x10C4,
    0x3124, 0x9246, 0x9A86, 0xA2C7, 0xAB07, 0xAB27, 0xB368, 0xBB68, 0xC389, 0xC3A9, 0xC3AA, 0xC3C9,
    0xCBE9, 0xCBC9, 0xCBE9, 0xCBEA, 0xCBEA, 0xD3EA, 0xD3E9, 0xD3E9, 0xD409, 0xDC0A, 0xDC2A, 0xDC2A,
    0xDC2A, 0xDC2A, 0xDC0A, 0xDC2A, 0xD42B, 0xD42B, 0xD42A, 0xDC4B, 0xDC4B, 0xDC4B, 0xDC4B, 0xDC2B,
    0xDC2B, 0xDC2A, 0xDC2A, 0xD42A, 0xD40A, 0xD3E9, 0xD3C9, 0xD3C8, 0xCB87, 0xC366, 0xBB05, 0xAAC5,
    0xA2A5, 0xA264, 0x71C4, 0x18C4, 0x2905, 0x2925, 0x2924, 0x2104, 0x10A3, 0x1062, 0x1082, 0x18A3,
    0x1882, 0x6A06, 0xB3AA, 0xBC0C, 0xBC4E, 0xC46F, 0xC490, 0xD532, 0x832B, 0xA3ED, 0xC4F1, 0x6248,
    0x6248, 0xBCB1, 0x832B, 0x8B8C, 0xA42E, 0x5A07, 0x72A9, 0x832B, 0xB470, 0x49A6, 0xAC4F, 0x51C6,
    0xC511, 0x7AEA, 0xA3EE, 0xE5B4, 0xD553, 0x51C6, 0x6227, 0x72A9, 0xBCB0, 0x832B, 0x49A6, 0xE5B4,
    0x2146, 0x2146, 0x2146, 0x2146, 0x2986, 0x830B, 0x92E9, 0xA308, 0xA308, 0xA2E8, 0xA2E8, 0xA308,
    0xA308, 0xAB28, 0xAB28, 0xAB28, 0xB349, 0xB349, 0xB369, 0xB369, 0xB369, 0xB369, 0xB369, 0xB369,
    0xB369, 0xB369, 0xB349, 0xAB49, 0xAB29, 0xAB29, 0xAB29, 0xA308, 0xA308, 0x9AE8, 0x92C8, 0x92A7,
    0x9287, 0x8A87, 0x8247, 0x7A26, 0x7206, 0x69C5, 0x69A5, 0x6185, 0x6184, 0x5984, 0x5964, 0x5164,
    0x5964, 0x5984, 0x5964, 0x5964, 0x5964, 0x5144, 0x4103, 0x30E4, 0x10E6, 0x1107, 0x1107, 0x1127,
    0x1107, 0x10E7, 0x10E6, 0x10E6, 0x10E5, 0x10E5, 0x10E5, 0x10C6, 0x1127, 0x19AA, 0x21CA, 0x1968,
    0x1126, 0x10E5, 0x10C4, 0x10C5, 0x18E5, 0x1127, 0x00C6, 0x0041, 0x0083, 0x0084, 0x00A5, 0x0863,
    0x0821, 0x0821, 0x0820, 0x0820, 0x0820, 0x0820, 0x0821, 0x0841, 0x0841, 0x0841, 0x0841, 0x1061,
    0x1061, 0x1041, 0x1061, 0x3103, 0x3964, 0x6269, 0xE6FB, 0xC576, 0x4166, 0xA3A8, 0x8B06, 0x0820,
    0x18A2, 0x1882, 0x1882, 0x1062, 0x1061, 0x1081, 0x1081, 0x1082, 0x18A2, 0x1082, 0x1061, 0x20E4,
    0x2904, 0x18C3, 0x41C7, 0x3986, 0x3145, 0x4A08, 0x5249, 0x1062, 0x1061, 0x1062, 0x1061, 0x1061,
    0x1061, 0x1062, 0x1062, 0x1062, 0x1082, 0x1062, 0x1061, 0x1061, 0x1082, 0x1062, 0x1061, 0x1061,
    0x1062, 0x1061, 0x1061, 0x1062, 0x1061, 0x1062, 0x1061, 0x1061, 0x1061, 0x1061, 0x1061, 0x1061,
    0x1061, 0x1062, 0x1061, 0x1061, 0x1061, 0x1082, 0x1082, 0x1882, 0x1082, 0x1082, 0x1082, 0x1082,
    0x1082, 0x1061, 0x1061, 0x1062, 0x0841, 0x2904, 0x6ACA, 0x20C3, 0x6ACB, 0x41A6, 0x0800, 0x5208,
    0x730C, 0x3966, 0x0800, 0x6289, 0x41C6, 0x730B, 0x1061, 0x49E7, 0x5A49, 0x1061, 0x0841, 0x1882,
    0x1061, 0x1061, 0x1061, 0x1062, 0x1062, 0x1061, 0x1061, 0x1061, 0x1041, 0x0841, 0x0840, 0x0820,
    0x0820, 0x0820, 0x0840, 0x1860, 0x2080, 0x1860, 0x1861, 0x18E4, 0x10E4, 0x10C4, 0x10C4, 0x10C4,
    0x10E4, 0x1906, 0x2148, 0x2169, 0x2168, 0x1946, 0x1926, 0x1926, 0x18E5, 0x61A5, 0x9266, 0x9AA6,
    0xA2E7, 0xAB27, 0xB348, 0xBB68, 0xBB89, 0xC389, 0xC3A9, 0xC3A9, 0xCBC9, 0xCBC9, 0xCBC9, 0xCBC9,
    0xCBCA, 0xCBC9, 0xCBE9, 0xD3E9, 0xD3E9, 0xD409, 0xDC0A, 0xDC0A, 0xDC2A, 0xDC2A, 0xDC0A, 0xDC2A,
    0xD40A, 0xD42B, 0xD42B, 0xD42A, 0xDC4B, 0xDC4B, 0xDC2B, 0xDC2B, 0xDC2B, 0xDC2A, 0xDC2A, 0xDC2A,
    0xDC2A, 0xD3E9, 0xD3E9, 0xD3E9, 0xCBA7, 0xC367, 0xBB05, 0xAAC5, 0x9A64, 0x9A44, 0x5164, 0x20C4,
    0x2905, 0x2925, 0x2925, 0x20E4, 0x1082, 0x0861, 0x1062, 0x18A2, 0x1082, 0x51A5, 0xB38A, 0xBC0B,
    0xBC2D, 0xBC4F, 0xC48F, 0xCD11, 0x832B, 0x7AEA, 0x6A68, 0x7AEA, 0x7ACA, 0xBCB1, 0x5A27, 0x93AD,
    0x6248, 0xBCD0, 0xDDB4, 0x6248, 0x9BCE, 0x7ACA, 0xB470, 0x5A07, 0xD553, 0x6A89, 0xB46F, 0xDDB4,
    0xCD12, 0x6207, 0xCD32, 0xD552, 0xD573, 0x6248, 0x3103, 0xD512, 0x2146, 0x2146, 0x2166, 0x1925,
    0x4A09, 0x932C, 0x92C8, 0xA2E8, 0xA2E8, 0xA2E8, 0xA2C7, 0xA2E7, 0xA307, 0xA307, 0xAB28, 0xAB28,
    0xAB29, 0xAB49, 0xAB28, 0xB369, 0xB369, 0xB349, 0xB349, 0xB369, 0xB369, 0xB369, 0xAB49, 0xAB49,
    0xA308, 0xA308, 0xA308, 0x9AE8, 0x9AE8, 0x92C7, 0x92A7, 0x8A87, 0x8A67, 0x8247, 0x7A46, 0x7226,
    0x69E5, 0x69C5, 0x61A5, 0x6185, 0x5985, 0x5964, 0x5964, 0x5944, 0x5964, 0x6184, 0x5143, 0x5964,
    0x5964, 0x4923, 0x38E3, 0x10E6, 0x08E7, 0x1107, 0x196A, 0x198A, 0x1949, 0x1928, 0x1907, 0x1107,
    0x1107, 0x1127, 0x1107, 0x1107, 0x1928, 0x198A, 0x21AA, 0x21A9, 0x1147, 0x1106, 0x10E5, 0x10C5,
    0x1906, 0x1927, 0x08C6, 0x0062, 0x0041, 0x0084, 0x0084, 0x0884, 0x0021, 0x0821, 0x0841, 0x0820,
    0x0820, 0x0820, 0x0820, 0x0821, 0x0841, 0x0841, 0x0841, 0x0861, 0x0841, 0x1041, 0x0841, 0x20A2,
    0x4143, 0x4165, 0x9410, 0xFF7E, 0x834D, 0x4964, 0xD4AA, 0x4163, 0x1061, 0x1882, 0x1882, 0x1081,
    0x1081, 0x1081, 0x1081, 0x1882, 0x18A2, 0x1082, 0x1061, 0x39C7, 0x3166, 0x18C3, 0x41C7, 0x3986,
    0x3166, 0x5A6A, 0x3986, 0x0841, 0x1061, 0x1061, 0x1061, 0x1061, 0x0841, 0x1061, 0x1061, 0x0861,
    0x1061, 0x0861, 0x0841, 0x0841, 0x0841, 0x1041, 0x1041, 0x1061, 0x1061, 0x1061, 0x1061, 0x1062,
    0x1061, 0x1061, 0x1061, 0x1061, 0x1061, 0x1061, 0x1061, 0x1061, 0x1061, 0x1061, 0x1061, 0x1061,
    0x1082, 0x1882, 0x1082, 0x1082, 0x1082, 0x1082, 0x1082, 0x1082, 0x1061, 0x1061, 0x1062, 0x1082,
    0x0821, 0x41A6, 0x49E7, 0x0000, 0x3965, 0x5228, 0x28E3, 0x6AAA, 0x49C7, 0x5A49, 0x0820, 0x2904,
    0x93CE, 0x3124, 0x0821, 0x1041, 0x41A6, 0x628A, 0x28E3, 0x1061, 0x1082, 0x1061, 0x1061, 0x1061,
    0x1061, 0x1061, 0x1061, 0x1041, 0x0841, 0x0840, 0x0820, 0x0820, 0x0820, 0x0820, 0x1040, 0x1860,
    0x2080, 0x1840, 0x1882, 0x1926, 0x10E5, 0x10E5, 0x10E5, 0x10E5, 0x10E5, 0x1948, 0x29CC, 0x322E,
    0x322D, 0x29EB, 0x29AA, 0x2168, 0x2147, 0x2926, 0x8205, 0x9266, 0x9AA6, 0xAB07, 0xB327, 0xB348,
    0xBB69, 0xBB89, 0xC389, 0xC3A9, 0xC3A9, 0xC3A9, 0xCBC9, 0xCBC9, 0xCBC9, 0xCBC9, 0xCBE9, 0xCBC9,
    0xD3E9, 0xD3E9, 0xDC0A, 0xDC0A, 0xDC2A, 0xDC0A, 0xDC2A, 0xD40A, 0xD40A, 0xD40A, 0xD42A, 0xD42A,
    0xDC2A, 0xDC4B, 0xDC4B, 0xDC2B, 0xDC2B, 0xDC2A, 0xD42A, 0xDC2A, 0xDC2A, 0xDC0A, 0xDC0A, 0xD3E9,
    0xD3A8, 0xCB87, 0xBB26, 0xA2A5, 0x9244, 0x9224, 0x3103, 0x18C3, 0x20E3, 0x28E4, 0x2904, 0x20E3,
    0x1082, 0x0861, 0x1062, 0x1082, 0x1082, 0x4164, 0xAB6A, 0xBBEB, 0xBC2D, 0xBC4F, 0xC46F, 0xCCF1,
    0x832A, 0x4164, 0x7B0A, 0xCD12, 0x51C7, 0x30C3, 0x93AD, 0xC4D1, 0x6248, 0xD553, 0xD552, 0x7289,
    0x93AD, 0x3924, 0x4185, 0x51C6, 0xC511, 0x6248, 0xBCB0, 0xDD73, 0xC4D1, 0x4165, 0x51C6, 0x6A89,
    0xC512, 0x6228, 0x7289, 0x4985, 0x2146, 0x2146, 0x2166, 0x1925, 0x72CB, 0x9B2B, 0x9AE8, 0x9AC8,
    0x9AC8, 0x9AC8, 0xA2C7, 0x9AE7, 0xA2E7, 0xA2E7, 0xAB08, 0xAB28, 0xAB08, 0xAB08, 0xAB28, 0xAB49,
    0xAB28, 0xAB69, 0xB369, 0xB369, 0xB369, 0xAB69, 0xAB49, 0xAB29, 0xA309, 0xA2E8, 0x9AE8, 0x9AC7,
    0x92C7, 0x8AA7, 0x8A87, 0x8A67, 0x8247, 0x8247, 0x7A26, 0x7206, 0x69E5, 0x69C5, 0x61A5, 0x6185,
    0x5984, 0x5964, 0x5964, 0x5964, 0x6184, 0x5964, 0x5143, 0x5964, 0x5144, 0x4103, 0x2106, 0x1108,
    0x1108, 0x1149, 0x21AC, 0x21CC, 0x21AB, 0x1969, 0x1949, 0x1949, 0x1969, 0x1969, 0x198A, 0x198A,
    0x196A, 0x196A, 0x218A, 0x21AA, 0x1968, 0x1127, 0x10E5, 0x1906, 0x2146, 0x2147, 0x08E6, 0x0084,
    0x0021, 0x0063, 0x0063, 0x0884, 0x0842, 0x0841, 0x0841, 0x0820, 0x0820, 0x0820, 0x0820, 0x0820,
    0x0840, 0x0840, 0x0841, 0x0841, 0x0841, 0x1041, 0x1061, 0x1061, 0x3123, 0x4184, 0x51E8, 0xD639,
    0xD638, 0x49A6, 0x82E7, 0xBC4A, 0x1861, 0x20A2, 0x1882, 0x1882, 0x1882, 0x1081, 0x1061, 0x1081,
    0x1882, 0x1062, 0x18A3, 0x4A08, 0x3165, 0x20E3, 0x39A6, 0x3166, 0x41C7, 0x4A08, 0x1882, 0x1061,
    0x1061, 0x1061, 0x0861, 0x0861, 0x1061, 0x1061, 0x1061, 0x1061, 0x1061, 0x0841, 0x0841, 0x0841,
    0x0841, 0x0841, 0x1041, 0x0841, 0x1061, 0x1061, 0x1061, 0x1061, 0x1041, 0x1061, 0x1061, 0x1061,
    0x1061, 0x1061, 0x1061, 0x1061, 0x1062, 0x1062, 0x1062, 0x1062, 0x1082, 0x1882, 0x1082, 0x1082,
    0x1082, 0x1082, 0x1082, 0x1082, 0x1082, 0x1082, 0x1062, 0x1882, 0x0821, 0x5228, 0x2903, 0x0820,
    0x730B, 0x2904, 0x6AAA, 0x6A8A, 0x6A8A, 0x628A, 0x0820, 0x20C3, 0x5A48, 0x0840, 0x20A2, 0x4186,
    0x0841, 0x6289, 0x3965, 0x0821, 0x1082, 0x1061, 0x1061, 0x1061, 0x1061, 0x1061, 0x1061, 0x1041,
    0x0841, 0x0840, 0x0820, 0x0820, 0x0820, 0x0820, 0x1040, 0x1860, 0x2081, 0x1840, 0x1905, 0x1948,
    0x1106, 0x1907, 0x1927, 0x1927, 0x1127, 0x1969, 0x31ED, 0x3A4F, 0x3A4E, 0x320D, 0x31CB, 0x2989,
    0x2968, 0x2147, 0x5186, 0x9245, 0x9A86, 0xA2E6, 0xAB07, 0xB328, 0xBB69, 0xBB69, 0xBB89, 0xC389,
    0xC3A9, 0xC3A9, 0xC3C9, 0xCBC9, 0xCBC9, 0xCBC9, 0xCBC9, 0xCBC9, 0xD3C9, 0xD3E9, 0xDC0A, 0xDC2A,
    0xDC2A, 0xDC2A, 0xDC4A, 0xD42A, 0xD40A, 0xD40B, 0xDC2B, 0xDC2A, 0xDC2A, 0xDC4B, 0xDC4B, 0xDC4B,
    0xDC4B, 0xDC2B, 0xDC2A, 0xDC2A, 0xDC2A, 0xDC0A, 0xDC0A, 0xD3E9, 0xD3C8, 0xD3A7, 0xC366, 0xAAA5,
    0x9A44, 0x79E4, 0x18C3, 0x18C3, 0x18A3, 0x18C3, 0x20E3, 0x18C3, 0x1082, 0x0862, 0x1062, 0x1082,
    0x10A2, 0x3104, 0xA349, 0xC40B, 0xBC0D, 0xBC4E, 0xBC6F, 0xCD11, 0x7AEA, 0x9BAC, 0xE5D4, 0xC4D1,
    0x6A69, 0x7AEA, 0x830B, 0xC4F1, 0x6228, 0xEE15, 0xB490, 0x6A69, 0xA3EE, 0x830B, 0xFE77, 0x7AEA,
    0x72A9, 0x72A9, 0xD553, 0xEDF5, 0xB450, 0x6228, 0xC4D1, 0xD532, 0xB490, 0x6A68, 0xB44F, 0x28A2,
    0x2967, 0x2967, 0x2167, 0x3187, 0x936D, 0x9B0A, 0x9AE8, 0x9AC8, 0x9AC8, 0x9AC8, 0xA2E7, 0x9AC7,
    0x9AE7, 0xA2E7, 0xA2E7, 0xA2E8, 0xA2C7, 0xA2E8, 0xAB28, 0xAB48, 0xAB28, 0xAB28, 0xAB28, 0xAB49,
    0xAB28, 0xAB28, 0xA308, 0xA2E8, 0x9AE8, 0x9AC8, 0x92A7, 0x8A87, 0x8A86, 0x8A66, 0x8246, 0x7A26,
    0x7A06, 0x71E6, 0x69C5, 0x61A4, 0x61A4, 0x6184, 0x6164, 0x5964, 0x5944, 0x5964, 0x5964, 0x5984,
    0x6184, 0x5964, 0x5144, 0x5965, 0x4924, 0x3127, 0x198B, 0x198B, 0x198B, 0x198B, 0x21CC, 0x21AB,
    0x198A, 0x196A, 0x196A, 0x1969, 0x198A, 0x19CC, 0x220E, 0x220F, 0x21EE, 0x218B, 0x218B, 0x21AB,
    0x1989, 0x1147, 0x1106, 0x2127, 0x2988, 0x29C9, 0x1948, 0x00A5, 0x0063, 0x0042, 0x0042, 0x0043,
    0x0884, 0x0841, 0x0841, 0x0841, 0x0820, 0x0820, 0x0820, 0x0820, 0x0820, 0x0840, 0x0840, 0x0841,
    0x0841, 0x1041, 0x1041, 0x0841, 0x18A1, 0x49A4, 0x49A4, 0x836D, 0xF75D, 0x9C50, 0x4164, 0xC4AA,
    0x6A45, 0x1041, 0x20A2, 0x1882, 0x1881, 0x1081, 0x1081, 0x1081, 0x1882, 0x1062, 0x2925, 0x41E8,
    0x3986, 0x2945, 0x39A7, 0x3165, 0x3145, 0x1082, 0x1061, 0x1061, 0x1061, 0x0861, 0x1061, 0x1061,
    0x1062, 0x1062, 0x1062, 0x1062, 0x1062, 0x1061, 0x1061, 0x1061, 0x1041, 0x1041, 0x1061, 0x1061,
    0x1061, 0x1061, 0x1061, 0x1061, 0x1041, 0x1041, 0x1061, 0x1061, 0x0841, 0x1061, 0x1061, 0x1061,
    0x1061, 0x1061, 0x1061, 0x1062, 0x1082, 0x1082, 0x1082, 0x1062, 0x1082, 0x1082, 0x1082, 0x1082,
    0x1082, 0x1061, 0x1061, 0x1062, 0x1062, 0x6ACA, 0x4186, 0x62AA, 0x39A6, 0x3965, 0x6269, 0x0000,
    0x2904, 0x5A49, 0x0000, 0x49C6, 0x41A6, 0x0841, 0x1882, 0x5228, 0x6ACB, 0x49C7, 0x1061, 0x1061,
    0x1061, 0x1061, 0x1061, 0x1061, 0x1061, 0x1041, 0x1061, 0x1041, 0x0840, 0x0820, 0x0820, 0x0820,
    0x0820, 0x0820, 0x1840, 0x1860, 0x1860, 0x18A2, 0x2168, 0x1948, 0x1127, 0x2148, 0x2169, 0x1948,
    0x1969, 0x29AB, 0x31EC, 0x320D, 0x320D, 0x31EC, 0x31AA, 0x3189, 0x3168, 0x3188, 0x3168, 0x71E5,
    0x9265, 0xA2C6, 0xAB07, 0xAB27, 0xB348, 0xBB49, 0xBB69, 0xBB68, 0xBB88, 0xC388, 0xC3A9, 0xCBA9,
    0xCBC9, 0xCBC9, 0xCBC9, 0xD3E9, 0xD3E9, 0xD3E9, 0xDC09, 0xDC2A, 0xDC2A, 0xDC4A, 0xDC4A, 0xDC2A,
    0xDC2A, 0xD40A, 0xDC2B, 0xDC2B, 0xDC2A, 0xDC4B, 0xDC4B, 0xDC4B, 0xDC4C, 0xDC2B, 0xDC2A, 0xD42A,
    0xDC2A, 0xDC2A, 0xDC0A, 0xDBE9, 0xD3E8, 0xD3C8, 0xCB86, 0xAAC5, 0xA264, 0x61A4, 0x2104, 0x2904,
    0x20C3, 0x20C3, 0x20C3, 0x18A3, 0x1082, 0x0862, 0x0861, 0x1062, 0x1082, 0x20C3, 0x92E9, 0xBBEB,
    0xBC0D, 0xBC2E, 0xBC6F, 0xCCF1, 0x830A, 0x938C, 0xD553, 0xBCB0, 0x6A68, 0xDD94, 0x6248, 0x8B4B,
    0x72A9, 0x7B0A, 0x5A07, 0xB44F, 0x9BAD, 0x7289, 0xA40E, 0x51C6, 0x9BCD, 0x51C6, 0x8B6C, 0x832B,
    0x8B6C, 0x5A07, 0x9B8D, 0x7AEA, 0x8B4C, 0x72A9, 0xD532, 0xBC90, 0x2968, 0x2968, 0x1927, 0x4A0A,
    0xA38D, 0x9B09, 0x9AE7, 0x9AC7, 0x9AA7, 0x9AA7, 0x9AA6, 0x9AA6, 0x9AC7, 0x9AE8, 0xA309, 0x9B0A,
    0x9B0A, 0xA36C, 0xA38C, 0xABAD, 0xABED, 0xB40E, 0xBC4F, 0xBC6F, 0xBC6F, 0xBC90, 0xBC90, 0xBC91,
    0xBC71, 0xBC71, 0xBC70, 0xB450, 0xB44F, 0xB44F, 0xB430, 0xB410, 0xABEF, 0xA3AE, 0x9B6D, 0x934B,
    0x8B0A, 0x82CA, 0x7A69, 0x7228, 0x71E7, 0x69A5, 0x6164, 0x5964, 0x5943, 0x48E2, 0x4904, 0x4904,
    0x3126, 0x19AC, 0x19AC, 0x19AC, 0x19AC, 0x198B, 0x21AB, 0x198A, 0x196A, 0x1969, 0x1949, 0x1949,
    0x19AC, 0x222F, 0x2271, 0x2291, 0x2230, 0x21CD, 0x218B, 0x21AB, 0x21AA, 0x1968, 0x1906, 0x2148,
    0x29CA, 0x320C, 0x1148, 0x0083, 0x0063, 0x0063, 0x0063, 0x0001, 0x0063, 0x0863, 0x0841, 0x0841,
    0x0820, 0x0820, 0x0820, 0x0820, 0x0820, 0x0840, 0x0840, 0x0840, 0x0841, 0x0841, 0x0841, 0x1061,
    0x0841, 0x3123, 0x59E4, 0x5A06, 0xC5B6, 0xEEFB, 0x6A89, 0x6A46, 0xDD4C, 0x3102, 0x1882, 0x1882,
    0x1081, 0x1081, 0x1081, 0x1061, 0x1082, 0x20C3, 0x41C8, 0x526A, 0x39A7, 0x3166, 0x3166, 0x18A3,
    0x1061, 0x1061, 0x1061, 0x1061, 0x1061, 0x1061, 0x1061, 0x1061, 0x1061, 0x0861, 0x1061, 0x1061,
    0x1061, 0x1061, 0x0861, 0x0861, 0x1041, 0x1061, 0x1061, 0x1061, 0x1061, 0x1061, 0x1061, 0x1061,
    0x1061, 0x1061, 0x1061, 0x1061, 0x1061, 0x1061, 0x1061, 0x1061, 0x1061, 0x1061, 0x1061, 0x1061,
    0x1061, 0x1081, 0x1061, 0x1061, 0x1082, 0x1082, 0x1082, 0x1082, 0x1082, 0x1061, 0x1062, 0x1062,
    0x1082, 0x5208, 0x49E7, 0x20E3, 0x0820, 0x3144, 0x20A2, 0x1041, 0x18A2, 0x20E3, 0x1061, 0x20C2,
    0x1882, 0x1061, 0x1061, 0x0841, 0x1061, 0x0841, 0x1061, 0x1061, 0x1061, 0x1061, 0x1061, 0x1061,
    0x1041, 0x1041, 0x1041, 0x1041, 0x0820, 0x0820, 0x0820, 0x0820, 0x0820, 0x1040, 0x1860, 0x1860,
    0x20A2, 0x2148, 0x2169, 0x1928, 0x1127, 0x2169, 0x2169, 0x1949, 0x29CC, 0x322E, 0x3A2E, 0x320D,
    0x31EC, 0x31EC, 0x31AB, 0x3189, 0x3169, 0x3989, 0x3189, 0x4187, 0x8204, 0x9265, 0xA2C6, 0xAAE7,
    0xB308, 0xB348, 0xBB48, 0xBB68, 0xBB68, 0xBB88, 0xC388, 0xC3A9, 0xCBA9, 0xCBC9, 0xCBC9, 0xD3E9,
    0xD3C9, 0xD3E9, 0xDC0A, 0xDC0A, 0xDC2A, 0xDC4A, 0xDC4A, 0xDC2A, 0xDC2A, 0xDC0A, 0xDC0A, 0xDC2B,
    0xDC2A, 0xDC2A, 0xDC2B, 0xDC2B, 0xDC2B, 0xDC4B, 0xDC2A, 0xDC2A, 0xDC2A, 0xDC2A, 0xDC2A, 0xDBE9,
    0xD3C8, 0xD3C8, 0xD3C7, 0xC326, 0xAA84, 0x4165, 0x2946, 0x3146, 0x3146, 0x3146, 0x2905, 0x20C3,
    0x1082, 0x1082, 0x1062, 0x1082, 0x1082, 0x1082, 0x82A8, 0xBBEB, 0xBC0D, 0xB42E, 0xBC6F, 0xC490,
    0xBC6F, 0xBCB0, 0xCD11, 0xC4F1, 0xB44F, 0xCD12, 0xC4F1, 0xAC4F, 0xCD12, 0x832B, 0xA40E, 0xDDB4,
    0xAC2F, 0x6207, 0x6248, 0xAC2F, 0xD552, 0x7AC9, 0x72A9, 0x936C, 0xBC90, 0x7AA9, 0x7269, 0x938C,
    0xAC2E, 0xAC0E, 0xCD12, 0xC4D1, 0x1947, 0x1947, 0x1107, 0x6A8B, 0xA36C, 0x9B08, 0x9AC7, 0x9AC7,
    0x9AA7, 0x92C9, 0x9B4C, 0xA3AD, 0xAC2F, 0xAC50, 0xA431, 0xB472, 0xBCB2, 0xAC72, 0x9C31, 0xAC72,
    0xBCF3, 0xC514, 0xB4B4, 0xAC73, 0x9412, 0x83D2, 0x7392, 0x7373, 0x6B53, 0x6B53, 0x6B53, 0x6B74,
    0x6BB4, 0x7C15, 0x9476, 0x9456, 0x9436, 0x9C35, 0xA454, 0xAC94, 0xBCD4, 0xC514, 0xCD35, 0xCD14,
    0xC4D3, 0xBCB1, 0xB450, 0xAC0E, 0xA3AD, 0x932C, 0x82AA, 0x61C8, 0x31AB, 0x118C, 0x118C, 0x19AC,
    0x19AB, 0x198B, 0x198B, 0x198A, 0x196A, 0x198A, 0x196A, 0x198B, 0x220E, 0x22B2, 0x2AF3, 0x2AF3,
    0x2AB2, 0x220F, 0x21AC, 0x21AB, 0x21AA, 0x2189, 0x1927, 0x2148, 0x29CB, 0x2A0C, 0x1128, 0x0062,
    0x0063, 0x0084, 0x0043, 0x0001, 0x0021, 0x0863, 0x0842, 0x0841, 0x0841, 0x0821, 0x0820, 0x0820,
    0x0820, 0x0840, 0x0840, 0x0840, 0x0841, 0x0841, 0x1041, 0x1060, 0x1061, 0x18A1, 0x51C4, 0x59E4,
    0x7B4C, 0xEF3C, 0xBD54, 0x7267, 0xB3E9, 0x7264, 0x1041, 0x20A2, 0x1881, 0x1081, 0x1081, 0x1061,
    0x1062, 0x2925, 0x5A6B, 0x5AAC, 0x39A7, 0x2124, 0x20E3, 0x0861, 0x0861, 0x1061, 0x0841, 0x0861,
    0x1061, 0x0841, 0x0841, 0x0841, 0x0841, 0x0841, 0x0841, 0x0841, 0x0840, 0x0840, 0x0841, 0x0841,
    0x0841, 0x0841, 0x0841, 0x1041, 0x1041, 0x1061, 0x1061, 0x1061, 0x1041, 0x1041, 0x1041, 0x1041,
    0x0841, 0x0841, 0x1061, 0x1061, 0x1061, 0x1061, 0x1061, 0x1061, 0x1061, 0x1082, 0x1061, 0x1061,
    0x1061, 0x1082, 0x1082, 0x1082, 0x1081, 0x1062, 0x1062, 0x1062, 0x1062, 0x0841, 0x0841, 0x1061,
    0x1082, 0x0841, 0x1061, 0x1061, 0x0841, 0x1061, 0x1081, 0x0840, 0x0820, 0x1061, 0x1061, 0x1062,
    0x1061, 0x1061, 0x1061, 0x1882, 0x1061, 0x1061, 0x1061, 0x1061, 0x1041, 0x1041, 0x0841, 0x0840,
    0x0820, 0x0820, 0x0820, 0x0820, 0x0820, 0x1040, 0x1861, 0x1860, 0x2105, 0x29AA, 0x2169, 0x1948,
    0x1127, 0x1948, 0x1947, 0x1948, 0x29EC, 0x3A4F, 0x3A2E, 0x31ED, 0x31EC, 0x3A0C, 0x39CB, 0x3189,
    0x3169, 0x39A9, 0x39A9, 0x2947, 0x5164, 0x9244, 0x9265, 0xA2C6, 0xB307, 0xB328, 0xBB48, 0xBB48,
    0xBB68, 0xBB68, 0xC388, 0xC389, 0xC3A9, 0xCBA9, 0xCBA9, 0xCBC9, 0xD3C9, 0xD3E9, 0xDBE9, 0xDC0A,
    0xDC0A, 0xDC2A, 0xDC2A, 0xDC4A, 0xDC4B, 0xDC2B, 0xDC2A, 0xDC2A, 0xDC2A, 0xDC2A, 0xDC0A, 0xDC0A,
    0xDC0A, 0xDC2B, 0xDC2B, 0xDC2A, 0xDC2A, 0xDC4B, 0xDC2A, 0xDC09, 0xD3E8, 0xD3C8, 0xDBC7, 0xD3A6,
    0xAAC4, 0x3125, 0x2946, 0x2946, 0x3166, 0x39A8, 0x39A7, 0x3146, 0x20E4, 0x18C4, 0x18A3, 0x18A3,
    0x18A3, 0x10A2, 0x7267, 0xBBEB, 0xBC0D, 0xB40E, 0xBC4F, 0xBC90, 0xC4B0, 0xC4D0, 0xC4D1, 0xCCF1,
    0xCD32, 0xCD12, 0xCD12, 0xD553, 0xCD32, 0xDDB4, 0xDD93, 0xCD32, 0xD553, 0xD573, 0xDD73, 0xD553,
    0xCD32, 0xDD73, 0xDD93, 0xDD73, 0xD553, 0xDD53, 0xDD73, 0xD553, 0xD532, 0xCD12, 0xCCF1, 0xCCF1,
    0x1947, 0x1927, 0x1107, 0x726A, 0x9B09, 0x9AE7, 0x9AC7, 0x9AC7, 0x9AA7, 0xA3D0, 0xB4F5, 0xB4F3,
    0xBD13, 0xBCF3, 0xB492, 0xBCB3, 0xC4F3, 0xB4B3, 0xA452, 0xB4B2, 0xC513, 0xA432, 0x4A50, 0x4A2F,
    0x298D, 0x092C, 0x012C, 0x012D, 0x012E, 0x0150, 0x0191, 0x09D2, 0x1254, 0x22D6, 0x4398, 0x3B58,
    0x22B7, 0x1A55, 0x1A14, 0x1A13, 0x2A12, 0x3A51, 0x6AD2, 0xB473, 0xCD34, 0xCD13, 0xCD32, 0xCD32,
    0xD553, 0xD573, 0xD553, 0xCCF3, 0xB471, 0x9BCF, 0x526C, 0x198B, 0x19AB, 0x196A, 0x196B, 0x198C,
    0x19AD, 0x19CE, 0x19EE, 0x19EE, 0x2250, 0x2AD3, 0x2AF3, 0x3334, 0x2B13, 0x2A92, 0x220E, 0x29CC,
    0x29CA, 0x2169, 0x2127, 0x2127, 0x2989, 0x31EB, 0x1969, 0x0083, 0x0084, 0x00A5, 0x0042, 0x0001,
    0x0000, 0x0041, 0x0862, 0x0841, 0x0841, 0x0821, 0x0820, 0x0820, 0x0820, 0x0820, 0x0820, 0x0840,
    0x0841, 0x0841, 0x0841, 0x0840, 0x1061, 0x1061, 0x3123, 0x5A24, 0x5A26, 0xC593, 0xEE53, 0xC426,
    0xAB86, 0x7223, 0x20A1, 0x1882, 0x1081, 0x1061, 0x1061, 0x1061, 0x1041, 0x3166, 0x5AAB, 0x526B,
    0x39A7, 0x1082, 0x18C2, 0x1061, 0x0841, 0x0841, 0x0841, 0x0861, 0x1061, 0x0841, 0x0841, 0x0841,
    0x0841, 0x0841, 0x0841, 0x0841, 0x0841, 0x0841, 0x0841, 0x0841, 0x0840, 0x0841, 0x0820, 0x0840,
    0x0840, 0x0840, 0x0840, 0x0841, 0x0841, 0x0841, 0x0841, 0x0841, 0x0841, 0x0841, 0x0841, 0x0841,
    0x0841, 0x1041, 0x1041, 0x1041, 0x1061, 0x1061, 0x1061, 0x1061, 0x1061, 0x1061, 0x1062, 0x1061,
    0x1081, 0x1061, 0x1061, 0x1062, 0x1062, 0x1062, 0x1081, 0x1081, 0x1061, 0x1061, 0x1061, 0x1062,
    0x20C3, 0x1041, 0x0840, 0x3124, 0x3945, 0x1061, 0x1061, 0x1062, 0x1061, 0x1061, 0x1061, 0x1061,
    0x1061, 0x1061, 0x1041, 0x1041, 0x0841, 0x0841, 0x0841, 0x0840, 0x0820, 0x0820, 0x0820, 0x0820,
    0x0820, 0x1040, 0x1860, 0x2081, 0x2968, 0x29AA, 0x218A, 0x1948, 0x1106, 0x1106, 0x10E5, 0x1906,
    0x298A, 0x31CC, 0x29AB, 0x298A, 0x31CB, 0x39CB, 0x318A, 0x2947, 0x3147, 0x3968, 0x3988, 0x3167,
    0x2925, 0x69C4, 0x9245, 0x9A86, 0xAAE7, 0xB307, 0xB328, 0xBB48, 0xB348, 0xBB68, 0xBB68, 0xC368,
    0xC389, 0xCBA9, 0xC3A9, 0xCBA9, 0xCBC9, 0xD3C9, 0xD3E9, 0xDBE9, 0xDC0A, 0xDC2A, 0xDC2A, 0xDC4B,
    0xDC4B, 0xDC2B, 0xDC2A, 0xDC0A, 0xDC2A, 0xDC2A, 0xDC0A, 0xD40A, 0xD40A, 0xDC0A, 0xDC2A, 0xDC2A,
    0xDC2A, 0xDC4B, 0xDC4A, 0xDC2A, 0xD3E9, 0xD3C8, 0xD3E8, 0xDBC7, 0xB2E5, 0x2925, 0x2925, 0x20E4,
    0x2105, 0x3187, 0x39A7, 0x3187, 0x2925, 0x2105, 0x2905, 0x20E4, 0x20E4, 0x18C4, 0x6227, 0xBBCB,
    0xBC0C, 0xB40E, 0xBC4F, 0xBC90, 0xC4B0, 0xC4B0, 0xC4D1, 0xCCF1, 0xCCF1, 0xCD12, 0xCD12, 0xCD32,
    0xD532, 0xCD32, 0xCD52, 0xD553, 0xCD32, 0xCD32, 0xD533, 0xCD12, 0xCD32, 0xCD32, 0xD553, 0xCD32,
    0xCD12, 0xCD12, 0xCD12, 0xCD11, 0xCCF1, 0xCCF1, 0xCCF1, 0xCCD1, 0x1947, 0x1947, 0x1127, 0x6A28,
    0x9AE8, 0x9AC7, 0x92C7, 0x9AA7, 0x9AA8, 0x9C11, 0xA4D5, 0x9453, 0x7BD2, 0x7392, 0x7B92, 0x8392,
    0x83B2, 0x93F2, 0xA452, 0xAC72, 0xB4B2, 0xBCB3, 0xA432, 0x93B1, 0x8350, 0x7B0F, 0x62CF, 0x5A8E,
    0x524F, 0x422F, 0x3A30, 0x3251, 0x3272, 0x3AD4, 0x4B36, 0x4B36, 0x42F5, 0x42D4, 0x4AD4, 0x4AD3,
    0x5AD2, 0x62D2, 0x7B32, 0xB453, 0xCD13, 0xCD13, 0xCD12, 0xCD12, 0xCD12, 0xCD12, 0xCD12, 0xD553,
    0xDD93, 0xF634, 0xCCF0, 0x21AA, 0x198B, 0x198B, 0x19AD, 0x19CE, 0x21EF, 0x1A10, 0x1A30, 0x1A30,
    0x1A30, 0x2251, 0x2292, 0x2AD3, 0x2AD3, 0x2A92, 0x2A0E, 0x29CB, 0x2968, 0x2906, 0x28E4, 0x28E5,
    0x2926, 0x3167, 0x2947, 0x00C5, 0x0042, 0x0084, 0x0042, 0x0001, 0x0001, 0x0000, 0x0041, 0x0842,
    0x0841, 0x0021, 0x0820, 0x0020, 0x0820, 0x0820, 0x0820, 0x0820, 0x0840, 0x0840, 0x0840, 0x0860,
    0x1060, 0x1061, 0x1881, 0x49C4, 0x72A6, 0xBC28, 0xE610, 0xF758, 0xFE8E, 0x7263, 0x2082, 0x20C2,
    0x1881, 0x1881, 0x1081, 0x1061, 0x0841, 0x3145, 0x5A6B, 0x526A, 0x3987, 0x0841, 0x18E3, 0x1081,
    0x0841, 0x0841, 0x1061, 0x0841, 0x0841, 0x0841, 0x0841, 0x0841, 0x0841, 0x0841, 0x0841, 0x0841,
    0x0841, 0x0841, 0x1041, 0x1061, 0x1041, 0x1041, 0x0841, 0x0841, 0x0841, 0x0840, 0x0840, 0x0840,
    0x0820, 0x0820, 0x0820, 0x0820, 0x0841, 0x0841, 0x0841, 0x0841, 0x0841, 0x0841, 0x0841, 0x0841,
    0x0841, 0x1061, 0x1061, 0x1061, 0x1061, 0x1061, 0x1061, 0x1061, 0x1061, 0x1061, 0x1061, 0x1061,
    0x1061, 0x1061, 0x1081, 0x1061, 0x1061, 0x1061, 0x1062, 0x49C7, 0x51E7, 0x3986, 0x3985, 0x49C7,
    0x5228, 0x3145, 0x0841, 0x1882, 0x1082, 0x1061, 0x1061, 0x1061, 0x1061, 0x1041, 0x0841, 0x0841,
    0x0840, 0x0840, 0x0840, 0x0820, 0x0820, 0x0820, 0x0820, 0x0820, 0x0820, 0x1040, 0x1840, 0x20E4,
    0x29AB, 0x29AA, 0x298A, 0x1948, 0x1106, 0x10C5, 0x10A4, 0x10C4, 0x2107, 0x2128, 0x2128, 0x2948,
    0x318A, 0x31AA, 0x3168, 0x2906, 0x2906, 0x3147, 0x3167, 0x3166, 0x2104, 0x4964, 0x8A04, 0x9245,
    0xA2A6, 0xAAC7, 0xB307, 0xB327, 0xB348, 0xBB68, 0xBB68, 0xBB68, 0xC368, 0xC369, 0xC388, 0xCBA9,
    0xCBA9, 0xCBA8, 0xD3C9, 0xDC0A, 0xDBEA, 0xDC0A, 0xDC0A, 0xDC4B, 0xDC4B, 0xDC0A, 0xDC2A, 0xDC0A,
    0xDC0A, 0xD40A, 0xDC0A, 0xD40A, 0xD40A, 0xD40A, 0xD40A, 0xDC2A, 0xD40A, 0xDC2B, 0xDC4B, 0xDC2A,
    0xD3E9, 0xD3A8, 0xD3A7, 0xDBC6, 0xBB25, 0x3146, 0x3167, 0x2926, 0x2925, 0x3166, 0x3187, 0x3166,
    0x2925, 0x2105, 0x2105, 0x20E4, 0x20E4, 0x18C4, 0x51C6, 0xB3AA, 0xBBEC, 0xB40E, 0xBC2F, 0xBC90,
    0xC490, 0xC4B0, 0xC4D1, 0xC4D1, 0xCCF1, 0xCD11, 0xCD32, 0xCD32, 0xD552, 0xD552, 0xD553, 0xD553,
    0xD553, 0xD533, 0xC4D1, 0xD553, 0xCD32, 0xD553, 0xB46F, 0xC4D1, 0xD532, 0xCD12, 0xCD12, 0xCD12,
    0xCD11, 0xCCF1, 0xC4D1, 0xC4D1, 0x1927, 0x1947, 0x1127, 0x5A07, 0x9AC7, 0x92C7, 0x9AC6, 0x9AA7,
    0x9287, 0x8B0C, 0x83B1, 0x6B71, 0x3A90, 0x2A10, 0x3A71, 0x5AF2, 0x7BB3, 0xA493, 0xC554, 0xCD95,
    0xCD95, 0xCD95, 0xD596, 0xD576, 0xCD55, 0xCD55, 0xD555, 0xD575, 0xCD34, 0xC4D4, 0xC4B3, 0xBCB3,
    0xBCB4, 0xBCB4, 0xBCD5, 0xC4D5, 0xC4D5, 0xCCF5, 0xCD14, 0xCD14, 0xD534, 0xDD75, 0xDD75, 0xD575,
    0xD575, 0xD594, 0xD5B4, 0xDDD5, 0xE5F5, 0xEE55, 0xEE55, 0xEE75, 0xF675, 0xF653, 0xCCEE, 0x29AA,
    0x118C, 0x19CD, 0x21CE, 0x19AD, 0x198C, 0x19CD, 0x1A0E, 0x1A0E, 0x19EE, 0x19EE, 0x1A10, 0x2251,
    0x2251, 0x220F, 0x29CC, 0x2968, 0x20E5, 0x20C3, 0x20A3, 0x20C3, 0x28E4, 0x3104, 0x3125, 0x08C6,
    0x0063, 0x0042, 0x0043, 0x0021, 0x0041, 0x0021, 0x0000, 0x0021, 0x0842, 0x0821, 0x0020, 0x0020,
    0x0820, 0x0820, 0x0820, 0x0840, 0x0840, 0x0840, 0x0840, 0x1040, 0x1060, 0x1081, 0x1041, 0x3143,
    0xC469, 0xE4C7, 0xFF57, 0xF7FF, 0xFF56, 0xA3A6, 0x28A2, 0x28E2, 0x1881, 0x1081, 0x1061, 0x1061,
    0x0840, 0x20E3, 0x526A, 0x526A, 0x39A7, 0x0020, 0x2924, 0x10A2, 0x0840, 0x0861, 0x0841, 0x0841,
    0x0841, 0x0841, 0x0841, 0x0840, 0x0841, 0x0841, 0x0841, 0x0841, 0x0841, 0x0841, 0x0840, 0x0841,
    0x0840, 0x0841, 0x1041, 0x0841, 0x0841, 0x1041, 0x0841, 0x0840, 0x0840, 0x0840, 0x0841, 0x0840,
    0x0841, 0x0841, 0x0841, 0x0841, 0x0841, 0x0841, 0x1041, 0x0841, 0x0841, 0x1061, 0x1061, 0x1061,
    0x1061, 0x1061, 0x1061, 0x1061, 0x1061, 0x1061, 0x1061, 0x1061, 0x1062, 0x1061, 0x1082, 0x1061,
    0x1061, 0x0841, 0x3145, 0x4186, 0x0000, 0x5A28, 0x49E7, 0x0000, 0x3145, 0x4186, 0x0821, 0x1062,
    0x1061, 0x1061, 0x1061, 0x1061, 0x1041, 0x1041, 0x0841, 0x0840, 0x0840, 0x0840, 0x0820, 0x0820,
    0x0820, 0x0820, 0x0820, 0x0820, 0x1040, 0x1040, 0x1860, 0x2947, 0x29AB, 0x29AB, 0x29AA, 0x1948,
    0x1106, 0x10C4, 0x0883, 0x10C4, 0x2107, 0x2127, 0x2107, 0x2948, 0x318A, 0x39AB, 0x3189, 0x2927,
    0x3127, 0x3988, 0x3987, 0x3145, 0x20E4, 0x2903, 0x81E4, 0x81E4, 0x9245, 0xA2A6, 0xAAE6, 0xAB07,
    0xB307, 0xB347, 0xBB28, 0xBB48, 0xBB48, 0xBB48, 0xC368, 0xC388, 0xCBA8, 0xCBA8, 0xD3C9, 0xD3E9,
    0xDBC9, 0xDBEA, 0xDC2A, 0xE44B, 0xE44B, 0xE44B, 0xE42B, 0xDC2A, 0xDC0A, 0xDC0A, 0xDC0A, 0xD40A,
    0xD40B, 0xD40A, 0xD40A, 0xDC0A, 0xD40A, 0xDC2A, 0xDC2A, 0xDC0A, 0xD3E9, 0xD3A8, 0xCB67, 0xCB86,
    0xCB45, 0x4187, 0x31A9, 0x3188, 0x3167, 0x3167, 0x3187, 0x3187, 0x3146, 0x2905, 0x20E4, 0x20E4,
    0x20E4, 0x18E4, 0x4165, 0xAB6A, 0xB3EB, 0xB3ED, 0xBC2E, 0xBC4F, 0xC490, 0xC4B0, 0xC4D0, 0xC4F1,
    0xC4F1, 0xC4F1, 0xCD12, 0xCD32, 0xCD32, 0xD552, 0xD552, 0xD553, 0xCD32, 0x6A48, 0x51A6, 0x832B,
    0xCD32, 0x6227, 0x6248, 0x6207, 0xBCB0, 0xD532, 0xCCF1, 0xCCF1, 0xCCF1, 0xC4D1, 0xC4D0, 0xC4B0,
    0x1947, 0x1947, 0x1127, 0x49E7, 0x9AC7, 0x92A6, 0x92A6, 0x92A7, 0x9266, 0x8A67, 0x8268, 0x72AA,
    0x526B, 0x31ED, 0x422F, 0x5AD1, 0x8BF3, 0xBD35, 0xD5F6, 0xDE57, 0xDE77, 0xDE58, 0xE659, 0xE659,
    0xDE59, 0xE678, 0xE6B9, 0xF73B, 0xEEFA, 0xE658, 0xDE37, 0xDE37, 0xDE37, 0xDE37, 0xDE17, 0xDE17,
    0xDE17, 0xDE17, 0xDE17, 0xDE17, 0xDE17, 0xDE17, 0xDE17, 0xDE17, 0xDDF7, 0xDDF7, 0xDE17, 0xDE16,
    0xE636, 0xF6B6, 0xFEB5, 0xF653, 0xEE12, 0xE54F, 0x936C, 0x19AC, 0x19CD, 0x19CE, 0x19AD, 0x1929,
    0x1929, 0x198B, 0x19ED, 0x19CD, 0x19AC, 0x118C, 0x19AD, 0x19CE, 0x19EE, 0x19CD, 0x2169, 0x2106,
    0x20A3, 0x18A2, 0x20A2, 0x20A3, 0x20C3, 0x28E4, 0x2904, 0x08A5, 0x00A5, 0x0064, 0x0042, 0x0042,
    0x0042, 0x0021, 0x0000, 0x0000, 0x0841, 0x0841, 0x0020, 0x0020, 0x0020, 0x0820, 0x0820, 0x0820,
    0x0840, 0x0840, 0x0840, 0x0840, 0x0860, 0x1061, 0x1061, 0x1881, 0x7285, 0x92E4, 0xF64E, 0xFFDD,
    0xFFDE, 0xF60E, 0x5162, 0x20A2, 0x18A1, 0x1061, 0x1061, 0x1061, 0x0841, 0x1061, 0x4A29, 0x524A,
    0x4209, 0x0841, 0x2924, 0x20E3, 0x0820, 0x0841, 0x0841, 0x0841, 0x0841, 0x0841, 0x0840, 0x0840,
    0x0820, 0x0820, 0x0820, 0x0820, 0x0820, 0x0820, 0x0820, 0x0840, 0x0840, 0x0820, 0x0820, 0x0820,
    0x0820, 0x0840, 0x0840, 0x0840, 0x0840, 0x1041, 0x1041, 0x1041, 0x1041, 0x1041, 0x1041, 0x1041,
    0x1041, 0x0841, 0x1041, 0x1041, 0x1041, 0x1061, 0x1061, 0x1061, 0x1061, 0x1061, 0x1061, 0x1061,
    0x1061, 0x1061, 0x1061, 0x1061, 0x1061, 0x1061, 0x1061, 0x1061, 0x1061, 0x1041, 0x28E3, 0x49A7,
    0x0820, 0x1081, 0x0841, 0x1061, 0x5228, 0x1882, 0x1061, 0x1061, 0x1061, 0x1061, 0x0841, 0x0841,
    0x0841, 0x0841, 0x0840, 0x0840, 0x0840, 0x0820, 0x0820, 0x0820, 0x0800, 0x0820, 0x0820, 0x0820,
    0x1040, 0x1840, 0x20A3, 0x2969, 0x296A, 0x29AB, 0x298A, 0x1948, 0x1106, 0x10A4, 0x0883, 0x10E6,
    0x296A, 0x298A, 0x2948, 0x2148, 0x2989, 0x318A, 0x3169, 0x3148, 0x3989, 0x41EA, 0x41EA, 0x3187,
    0x2925, 0x20E4, 0x61A4, 0x8A04, 0x81E4, 0x9265, 0xA2A5, 0xAAC6, 0xAAE6, 0xB307, 0xB327, 0xB328,
    0xB328, 0xBB28, 0xBB48, 0xC368, 0xC388, 0xCB88, 0xCBA8, 0xD3C9, 0xD3C9, 0xDBEA, 0xDC0A, 0xE44B,
    0xE46B, 0xE44A, 0xE42B, 0xDC2A, 0xDC0A, 0xDC0B, 0xDC0A, 0xDC0A, 0xD3EA, 0xD3EA, 0xD40A, 0xDC0A,
    0xD3EA, 0xD40A, 0xD40A, 0xDC09, 0xD3C9, 0xCBA8, 0xC347, 0xC346, 0xCB45, 0x41A7, 0x2989, 0x31A9,
    0x3168, 0x3988, 0x41E9, 0x41E9, 0x41A7, 0x3146, 0x2905, 0x2905, 0x2925, 0x2105, 0x3124, 0x9B29,
    0xB3CB, 0xB3CD, 0xB40E, 0xBC4F, 0xBC70, 0xBC90, 0xC4B0, 0xC4D1, 0xC4F1, 0xC511, 0xCD12, 0xCD32,
    0xCD32, 0xD532, 0xD532, 0xDD93, 0x93AD, 0x72A9, 0xD553, 0x6A68, 0x4144, 0x8B4C, 0xE5B4, 0x7AEA,
    0x8B4B, 0xD553, 0xCCF1, 0xCCD1, 0xC4D1, 0xC4D1, 0xC4B0, 0xBC90, 0x1107, 0x1127, 0x0927, 0x3187,
    0x92A7, 0x8A86, 0x92A6, 0x92A6, 0x8A66, 0x8A66, 0x8A46, 0x8A86, 0x7A67, 0x3988, 0x2128, 0x3989,
    0x5A4C, 0x836F, 0xA431, 0xB4F2, 0xC574, 0xD5B5, 0xD5B6, 0xDDD7, 0xDE17, 0xDE38, 0xDE38, 0xE678,
    0xE659, 0xE638, 0xDE38, 0xDE38, 0xDE38, 0xDE38, 0xDE38, 0xDE38, 0xDE18, 0xD618, 0xD618, 0xD5F8,
    0xD5D8, 0xD5B7, 0xCD97, 0xCD77, 0xC536, 0xBCF5, 0xBCD4, 0xBCF4, 0xC4F2, 0xCCF1, 0xC48F, 0xAC0E,
    0x832D, 0x524C, 0x21AC, 0x11AC, 0x19AC, 0x19AC, 0x194A, 0x10E7, 0x1108, 0x198B, 0x19ED, 0x19AC,
    0x1149, 0x1129, 0x196B, 0x19CD, 0x19ED, 0x19CC, 0x198A, 0x18E5, 0x1882, 0x1082, 0x18A2, 0x20A3,
    0x20C3, 0x28E4, 0x2106, 0x00A5, 0x0084, 0x00A5, 0x0064, 0x0042, 0x0042, 0x0042, 0x0021, 0x0000,
    0x0000, 0x0021, 0x0841, 0x0020, 0x0020, 0x0820, 0x0820, 0x0840, 0x0820, 0x0840, 0x0840, 0x0840,
    0x0840, 0x1041, 0x1061, 0x1061, 0x1041, 0x1840, 0x9B25, 0xFF32, 0xF7BE, 0xFF57, 0x9B25, 0x1881,
    0x20A2, 0x1061, 0x1061, 0x0861, 0x0861, 0x0820, 0x2104, 0x526B, 0x4A2A, 0x18C3, 0x18C3, 0x2104,
    0x0820, 0x0841, 0x0841, 0x0841, 0x0841, 0x0841, 0x0840, 0x0840, 0x0840, 0x0840, 0x0820, 0x0820,
    0x0820, 0x0820, 0x0820, 0x0840, 0x0820, 0x0820, 0x0820, 0x0020, 0x0820, 0x0820, 0x0820, 0x0820,
    0x0820, 0x0840, 0x0840, 0x1041, 0x0841, 0x0841, 0x0841, 0x0841, 0x0841, 0x0841, 0x1041, 0x0841,
    0x1041, 0x1041, 0x1041, 0x1061, 0x1061, 0x1061, 0x1061, 0x1061, 0x1061, 0x1061, 0x1061, 0x1061,
    0x1061, 0x1061, 0x1061, 0x1061, 0x1061, 0x1061, 0x0821, 0x41A6, 0x2924, 0x0000, 0x0841, 0x5208,
    0x2904, 0x0821, 0x1061, 0x1061, 0x1061, 0x0861, 0x0841, 0x0841, 0x0841, 0x0841, 0x0840, 0x0840,
    0x0840, 0x0820, 0x0820, 0x0800, 0x0000, 0x0820, 0x0820, 0x1040, 0x1861, 0x1860, 0x2927, 0x2969,
    0x2948, 0x298A, 0x298A, 0x1948, 0x1106, 0x08A4, 0x0883, 0x1907, 0x29CC, 0x320E, 0x29EC, 0x298A,
    0x2968, 0x2947, 0x2926, 0x2906, 0x3147, 0x41C9, 0x41EA, 0x3987, 0x2925, 0x20E4, 0x3104, 0x8A25,
    0x81E4, 0x81E4, 0x9244, 0x9A85, 0xA2A6, 0xAAE6, 0xAAE7, 0xB307, 0xB327, 0xB327, 0xBB48, 0xC368,
    0xC368, 0xC388, 0xC388, 0xCBC9, 0xD3EA, 0xDBE9, 0xDC0A, 0xDC2A, 0xE44A, 0xE42A, 0xE44B, 0xDC2B,
    0xDC2B, 0xDC0A, 0xDBEA, 0xDC0A, 0xD3EA, 0xD3EA, 0xD3EA, 0xD3EA, 0xD3EA, 0xD3EA, 0xD3E9, 0xD3E9,
    0xD3C9, 0xCB88, 0xC327, 0xBAE6, 0xC325, 0x4186, 0x2127, 0x2968, 0x2948, 0x39A8, 0x4A0A, 0x41E9,
    0x3187, 0x3146, 0x3126, 0x3126, 0x3146, 0x2926, 0x2104, 0x92C8, 0xAB8A, 0xABCC, 0xB3EE, 0xBC2F,
    0xBC6F, 0xBC6F, 0xC4B0, 0xC4D0, 0xC4F1, 0xCCF1, 0xCD12, 0xCD32, 0xCD32, 0xCD32, 0xCD32, 0xDD93,
    0x938C, 0x8B6C, 0xE5B4, 0xAC0F, 0x6A48, 0xDD74, 0xD553, 0x6A88, 0x9BAD, 0xD532, 0xC4F1, 0xC4D1,
    0xC4D1, 0xC4D1, 0xC4B0, 0xBCB0, 0x39C9, 0x39A9, 0x31A8, 0x3987, 0x8246, 0x8A66, 0x8A86, 0x8A46,
    0x8226, 0x8226, 0x8225, 0x8A65, 0x8287, 0x39C9, 0x18C5, 0x18A4, 0x20C4, 0x3106, 0x3967, 0x49C8,
    0x5A29, 0x6A6B, 0x728C, 0x7AED, 0x8B4E, 0x9BCF, 0xAC50, 0xC513, 0xCD33, 0xB492, 0xA431, 0xAC52,
    0xAC53, 0xAC54, 0xAC54, 0xAC54, 0xA434, 0xA434, 0x9C13, 0x9BD3, 0x9393, 0x8B72, 0x8B52, 0x8331,
    0x830F, 0xABEE, 0xCC8F, 0x7ACC, 0x59EA, 0x4989, 0x314A, 0x216C, 0x114C, 0x114B, 0x198C, 0x19AC,
    0x19AC, 0x198C, 0x194A, 0x10E7, 0x1107, 0x198B, 0x19ED, 0x11AC, 0x1128, 0x1107, 0x114A, 0x19CD,
    0x1A0E, 0x1A0E, 0x19AB, 0x1105, 0x1082, 0x1082, 0x18A3, 0x20A3, 0x20C3, 0x2905, 0x1948, 0x00C6,
    0x0063, 0x0084, 0x00A5, 0x0063, 0x0042, 0x0062, 0x0042, 0x0020, 0x0000, 0x0000, 0x0000, 0x0821,
    0x0820, 0x0820, 0x0820, 0x0840, 0x0820, 0x0820, 0x0820, 0x0820, 0x0840, 0x0840, 0x1041, 0x1061,
    0x1881, 0x20C2, 0x28A1, 0xB3C5, 0xFF14, 0xFFDE, 0xE54B, 0x38E1, 0x1881, 0x1061, 0x1061, 0x0841,
    0x0840, 0x0841, 0x0840, 0x4A09, 0x5ACC, 0x3187, 0x1061, 0x18A2, 0x0840, 0x0840, 0x0840, 0x0841,
    0x0841, 0x1041, 0x1041, 0x1041, 0x1041, 0x0841, 0x1041, 0x1041, 0x1041, 0x1041, 0x1041, 0x1061,
    0x0841, 0x0841, 0x0841, 0x0841, 0x0820, 0x0820, 0x0820, 0x0020, 0x0020, 0x0820, 0x0820, 0x0820,
    0x0820, 0x0820, 0x0820, 0x0840, 0x0820, 0x0820, 0x0820, 0x0840, 0x0841, 0x0841, 0x0841, 0x0841,
    0x1041, 0x1041, 0x1041, 0x1041, 0x1061, 0x1061, 0x1061, 0x1061, 0x1061, 0x1061, 0x1061, 0x1061,
    0x1061, 0x1061, 0x1061, 0x1041, 0x49C7, 0x2924, 0x41A6, 0x2904, 0x0820, 0x1061, 0x1041, 0x1061,
    0x0841, 0x0841, 0x0841, 0x0841, 0x0840, 0x0840, 0x0820, 0x0820, 0x0820, 0x0820, 0x0820, 0x0000,
    0x0000, 0x0820, 0x0820, 0x1040, 0x1861, 0x20C3, 0x318A, 0x2949, 0x2928, 0x298A, 0x298A, 0x1969,
    0x1106, 0x10A4, 0x10A4, 0x1928, 0x29CD, 0x322F, 0x322F, 0x2A0D, 0x29AB, 0x2948, 0x28E5, 0x20C5,
    0x28E5, 0x2925, 0x2925, 0x2904, 0x20C3, 0x20C4, 0x18C4, 0x5965, 0x9225, 0x79C3, 0x81E3, 0x8A44,
    0x9265, 0x9A86, 0xA2A6, 0xAAC7, 0xAB07, 0xB307, 0xBB27, 0xBB48, 0xC368, 0xC368, 0xC388, 0xCB89,
    0xD3C9, 0xDBE9, 0xDC0A, 0xDC2A, 0xE44B, 0xE44B, 0xE44B, 0xDC4B, 0xDC2B, 0xDC2B, 0xDC0A, 0xDBEA,
    0xDBEA, 0xDBEA, 0xD3C9, 0xD3CA, 0xD3CA, 0xD3A9, 0xD3C9, 0xD3C9, 0xCB88, 0xCB68, 0xBB06, 0xAAA5,
    0xB2C5, 0x3945, 0x1906, 0x2947, 0x2948, 0x31A9, 0x39C9, 0x2946, 0x20E4, 0x20E4, 0x20E5, 0x2905,
    0x2906, 0x2926, 0x18E4, 0x7A67, 0xAB8A, 0xABAC, 0xB3ED, 0xB42E, 0xBC4F, 0xBC6F, 0xC4B0, 0xC4D0,
    0xC4F1, 0xCCF1, 0xCD12, 0xCD12, 0xCD12, 0xCD32, 0xCD32, 0xD553, 0xB490, 0x6A48, 0xCD32, 0xC4F2,
    0xCD12, 0xD533, 0xB470, 0x51C6, 0xC4F1, 0xC4F1, 0xC4F1, 0xC4D1, 0xC4D1, 0xC4B0, 0xBCB0, 0xBC90,
    0x62CF, 0x62AE, 0x626D, 0x5A0B, 0x61A7, 0x71A4, 0x7184, 0x6964, 0x6143, 0x6123, 0x5103, 0x4102,
    0x49A7, 0x39CC, 0x2106, 0x20C4, 0x20C4, 0x3105, 0x3126, 0x3147, 0x3967, 0x3967, 0x4167, 0x4968,
    0x51A8, 0x6A69, 0x9BCD, 0xCD93, 0xD5B4, 0x8B6D, 0x5A09, 0x51A9, 0x49AA, 0x498C, 0x498D, 0x416D,
    0x416C, 0x418C, 0x416C, 0x394C, 0x392B, 0x392B, 0x414B, 0x498A, 0x51C8, 0xC48C, 0xED6E, 0x7248,
    0x4168, 0x3929, 0x3129, 0x316B, 0x296B, 0x296B, 0x298C, 0x29AB, 0x29AC, 0x31CD, 0x31AD, 0x298C,
    0x216A, 0x19AC, 0x19ED, 0x19CC, 0x114A, 0x1129, 0x196B, 0x19CC, 0x222F, 0x1A0E, 0x19AB, 0x10E5,
    0x0841, 0x0862, 0x1882, 0x20A3, 0x20C3, 0x2926, 0x1128, 0x0085, 0x0084, 0x0043, 0x0084, 0x0084,
    0x0042, 0x0041, 0x0041, 0x0041, 0x0021, 0x0000, 0x0000, 0x0000, 0x0000, 0x0020, 0x0820, 0x0820,
    0x0820, 0x0820, 0x0820, 0x0840, 0x0840, 0x0840, 0x1040, 0x1061, 0x1061, 0x1881, 0x20A1, 0x30C0,
    0xBBC5, 0xFF78, 0xFF16, 0x7A23, 0x1061, 0x1881, 0x1061, 0x1061, 0x0841, 0x0841, 0x0820, 0x3987,
    0x6B2E, 0x39C8, 0x10A2, 0x0841, 0x0840, 0x0840, 0x0840, 0x0840, 0x0841, 0x0841, 0x1041, 0x1041,
    0x1041, 0x1040, 0x1041, 0x1041, 0x1041, 0x1041, 0x1061, 0x1061, 0x1061, 0x1061, 0x1061, 0x1041,
    0x1041, 0x1041, 0x1041, 0x0840, 0x0840, 0x0840, 0x0840, 0x0820, 0x0820, 0x0820, 0x0820, 0x0820,
    0x0820, 0x0820, 0x0840, 0x0820, 0x0820, 0x0841, 0x0841, 0x0841, 0x1041, 0x1041, 0x1041, 0x1041,
    0x1041, 0x1061, 0x1061, 0x1061, 0x1061, 0x1061, 0x1061, 0x1061, 0x1061, 0x1061, 0x1061, 0x0841,
    0x1061, 0x49E7, 0x20E3, 0x0820, 0x1061, 0x1041, 0x1041, 0x1041, 0x0841, 0x0840, 0x0840, 0x0840,
    0x0840, 0x0820, 0x0820, 0x0820, 0x0820, 0x0820, 0x0020, 0x0820, 0x0820, 0x0820, 0x1040, 0x1861,
    0x1881, 0x2969, 0x31AB, 0x2949, 0x2948, 0x2969, 0x298A, 0x2169, 0x1927, 0x10C5, 0x10C5, 0x1907,
    0x21AC, 0x322E, 0x324E, 0x322E, 0x31ED, 0x31AA, 0x2948, 0x2906, 0x28E4, 0x20C3, 0x18A2, 0x18A2,
    0x18A2, 0x18A3, 0x20C4, 0x20E5, 0x79E5, 0x8A04, 0x71A3, 0x79E4, 0x8A25, 0x9265, 0x9A66, 0x9A86,
    0xA2A6, 0xAAC7, 0xB307, 0xB327, 0xBB47, 0xC348, 0xC368, 0xCB89, 0xD3A9, 0xD3C9, 0xDBEA, 0xDC2A,
    0xE44B, 0xE46B, 0xE46B, 0xE44B, 0xE42B, 0xDC0B, 0xDC2B, 0xDBEA, 0xDBE9, 0xDBC9, 0xD3C9, 0xD3C9,
    0xD3A9, 0xCB89, 0xCB88, 0xCB68, 0xCB67, 0xC327, 0xB2C6, 0xAA65, 0x9244, 0x2105, 0x18E5, 0x2105,
    0x2127, 0x2969, 0x2948, 0x20E5, 0x18C3, 0x18C3, 0x18C4, 0x18C4, 0x20C5, 0x28E5, 0x18C4, 0x59C6,
    0xB38A, 0xABAB, 0xABCD, 0xB42E, 0xBC4F, 0xBC70, 0xC4B0, 0xC4B0, 0xC4D1, 0xCCF1, 0xCD12, 0xCCF2,
    0xCD12, 0xCD32, 0xCD12, 0xCD12, 0xD573, 0x7AC9, 0x8B2B, 0xD573, 0xCD12, 0xCD12, 0x51C6, 0x9BCD,
    0xD532, 0xC4D1, 0xC4D1, 0xC4D1, 0xC4B1, 0xBCB0, 0xBC90, 0xBC6F, 0x52CF, 0x4AB0, 0x4A90, 0x4A6E,
    0x41C8, 0x5964, 0x7163, 0x7143, 0x6923, 0x6903, 0x60E2, 0x4080, 0x3126, 0x39ED, 0x2127, 0x20A4,
    0x28C5, 0x3925, 0x3947, 0x4187, 0x41C8, 0x41A8, 0x51C9, 0x59E9, 0x6229, 0x7AEB, 0xB490, 0xF6D9,
    0xEE98, 0xA3EE, 0x6229, 0x51C8, 0x49A8, 0x498A, 0x418B, 0x418B, 0x418B, 0x418B, 0x418C, 0x416D,
    0x394A, 0x392A, 0x416B, 0x498A, 0x7269, 0xF5F0, 0xF632, 0x8AA9, 0x49A9, 0x416A, 0x314A, 0x398D,
    0x396D, 0x314C, 0x314B, 0x20E6, 0x18A4, 0x20A4, 0x28E6, 0x3928, 0x396A, 0x4189, 0x41A9, 0x41EA,
    0x41EB, 0x41EC, 0x41CB, 0x41CB, 0x41EB, 0x41EB, 0x39CB, 0x318A, 0x296A, 0x316A, 0x3149, 0x3168,
    0x3168, 0x3188, 0x2947, 0x20E4, 0x20E5, 0x18C4, 0x18A4, 0x18C4, 0x10A3, 0x1082, 0x0841, 0x0841,
    0x0841, 0x0820, 0x0000, 0x0000, 0x0000, 0x0000, 0x0000, 0x0000, 0x0000, 0x0000, 0x0000, 0x0000,
    0x0020, 0x0820, 0x0820, 0x0820, 0x0820, 0x1041, 0x1881, 0x1881, 0x30C0, 0xDCA9, 0xFFFC, 0xD4AA,
    0x2080, 0x1881, 0x1041, 0x0841, 0x0841, 0x0841, 0x0841, 0x39C7, 0x62ED, 0x41E9, 0x18C4, 0x0820,
    0x0840, 0x0820, 0x0820, 0x0820, 0x0800, 0x0800, 0x0820, 0x0820, 0x0820, 0x0840, 0x0840, 0x0841,
    0x1041, 0x1041, 0x1041, 0x1041, 0x1041, 0x1041, 0x1041, 0x1041, 0x1041, 0x1041, 0x1041, 0x1061,
    0x1061, 0x1061, 0x1041, 0x1041, 0x1041, 0x1041, 0x1041, 0x0841, 0x0840, 0x0840, 0x0840, 0x0840,
    0x0841, 0x0841, 0x0840, 0x0841, 0x0841, 0x1041, 0x0841, 0x0841, 0x0841, 0x1041, 0x1061, 0x1041,
    0x1061, 0x1041, 0x1041, 0x1061, 0x1061, 0x1041, 0x1041, 0x1061, 0x0841, 0x0820, 0x0840, 0x1061,
    0x1041, 0x1041, 0x1041, 0x1041, 0x0841, 0x0840, 0x0840, 0x0840, 0x0820, 0x0820, 0x0820, 0x0820,
    0x0820, 0x0820, 0x0820, 0x0820, 0x0820, 0x1040, 0x1861, 0x1861, 0x2926, 0x31CB, 0x318A, 0x2949,
    0x2928, 0x2969, 0x298A, 0x2168, 0x1947, 0x18E6, 0x10C5, 0x1907, 0x218B, 0x320E, 0x322E, 0x320D,
    0x31EC, 0x39AB, 0x3169, 0x3168, 0x2926, 0x20E4, 0x18C3, 0x18A3, 0x20A3, 0x20C4, 0x20E5, 0x20E5,
    0x3925, 0x8A25, 0x8204, 0x71A3, 0x79C4, 0x8A25, 0x9245, 0x9246, 0x9A66, 0xA2A6, 0xA2C6, 0xAB07,
    0xB327, 0xBB28, 0xBB48, 0xC368, 0xCB89, 0xD3C9, 0xDBEA, 0xDC2A, 0xDC4B, 0xDC4B, 0xE48C, 0xE44B,
    0xE44C, 0xE44B, 0xDC2A, 0xDC0A, 0xDBE9, 0xD3C9, 0xD3C9, 0xD3A9, 0xD389, 0xCB88, 0xCB68, 0xC347,
    0xBB06, 0xBAE6, 0xAA85, 0xAA64, 0x79E4, 0x18E5, 0x18E4, 0x18C4, 0x20E6, 0x2948, 0x2127, 0x18E5,
    0x18C4, 0x18E4, 0x18C4, 0x10A3, 0x18C4, 0x20E5, 0x18C4, 0x3965, 0xB389, 0xB3CB, 0xABCD, 0xB42E,
    0xBC4F, 0xBC6F, 0xBC90, 0xC4B0, 0xC4D0, 0xC4F1, 0xCCF2, 0xCCF2, 0xCD12, 0xCD12, 0xCD12, 0xCD12,
    0xCD32, 0xCD12, 0x6227, 0x938D, 0xDD73, 0x6207, 0x8B2B, 0xD532, 0xC4D1, 0xC4D1, 0xC4D1, 0xC4B1,
    0xC491, 0xBC90, 0xBC6F, 0xB46F, 0x732D, 0x6B0D, 0x628B, 0x51E6, 0x4164, 0x4965, 0x6964, 0x6123,
    0x6103, 0x68E3, 0x58C3, 0x40A1, 0x3925, 0x31AA, 0x2106, 0x20A4, 0x20C4, 0x3105, 0x4167, 0x41A8,
    0x49E9, 0x51E9, 0x5A0A, 0x624B, 0x72CC, 0x93AE, 0xC533, 0xF6FA, 0xEED9, 0xB4B1, 0x72CB, 0x5A0A,
    0x51CA, 0x49AB, 0x49AC, 0x498C, 0x498C, 0x49AC, 0x498D, 0x414D, 0x392B, 0x392A, 0x416B, 0x51AA,
    0x82C9, 0xF651, 0xF652, 0x930A, 0x59E9, 0x49AA, 0x2908, 0x18C6, 0x10C5, 0x1084, 0x10A5, 0x10C6,
    0x10C6, 0x18C6, 0x10A5, 0x10A5, 0x1884, 0x20A4, 0x28C4, 0x3105, 0x3106, 0x3948, 0x3969, 0x3989,
    0x41AA, 0x41CA, 0x41CA, 0x41CA, 0x41AB, 0x49CC, 0x49ED, 0x49ED, 0x4A0C, 0x41EA, 0x4166, 0x4945,
    0x4145, 0x4124, 0x4124, 0x4924, 0x4143, 0x4943, 0x4923, 0x4123, 0x4122, 0x4122, 0x4122, 0x3902,
    0x3901, 0x30E1, 0x28C1, 0x28A1, 0x2081, 0x1860, 0x1860, 0x1040, 0x1040, 0x1040, 0x1040, 0x1040,
    0x1040, 0x1040, 0x1060, 0x1881, 0x1061, 0x5961, 0xEDF0, 0xFF35, 0x61A1, 0x0821, 0x0840, 0x0820,
    0x0820, 0x0020, 0x0861, 0x4229, 0x4A4A, 0x39E9, 0x1083, 0x0000, 0x0000, 0x0000, 0x0000, 0x0000,
    0x0000, 0x0000, 0x0000, 0x0000, 0x0000, 0x0000, 0x0000, 0x0000, 0x0820, 0x0820, 0x0820, 0x0820,
    0x0840, 0x0840, 0x0840, 0x0841, 0x0841, 0x1041, 0x1041, 0x1061, 0x1061, 0x1061, 0x1061, 0x1061,
    0x1061, 0x1061, 0x1061, 0x1061, 0x1061, 0x1061, 0x1061, 0x1061, 0x1041, 0x1041, 0x1041, 0x1041,
    0x0841, 0x0841, 0x0841, 0x1041, 0x1041, 0x1041, 0x1041, 0x1041, 0x1041, 0x1041, 0x1041, 0x1041,
    0x1041, 0x1041, 0x1041, 0x1041, 0x1041, 0x1061, 0x0861, 0x0841, 0x1041, 0x1041, 0x0841, 0x0841,
    0x0840, 0x0840, 0x0840, 0x0820, 0x0820, 0x0820, 0x0820, 0x0820, 0x0020, 0x0020, 0x0820, 0x0820,
    0x0820, 0x1861, 0x1861, 0x20E5, 0x29AA, 0x31AB, 0x318A, 0x2949, 0x2928, 0x298A, 0x298A, 0x1948,
    0x1947, 0x1906, 0x18E5, 0x1907, 0x216A, 0x31ED, 0x320D, 0x31ED, 0x39CC, 0x318B, 0x3169, 0x3169,
    0x3148, 0x28E5, 0x20C4, 0x20E4, 0x2905, 0x2905, 0x20E5, 0x2106, 0x2106, 0x5185, 0x9224, 0x8204,
    0x71A3, 0x79C4, 0x8A04, 0x8A45, 0x9245, 0x9A66, 0x9AA6, 0xA2C6, 0xAAE7, 0xB327, 0xBB28, 0xBB28,
    0xCB89, 0xD3A9, 0xD3EA, 0xDC2A, 0xDC2A, 0xE44B, 0xE46C, 0xE46C, 0xE46C, 0xE42B, 0xE44B, 0xDC2A,
    0xDC09, 0xD3C9, 0xD3A9, 0xD3A9, 0xCB88, 0xCB68, 0xCB67, 0xC326, 0xB2E6, 0xAAA5, 0xA245, 0xAA44,
    0x5985, 0x1906, 0x20E5, 0x18E4, 0x2106, 0x2127, 0x18E6, 0x18E5, 0x20E5, 0x2105, 0x18E4, 0x10A3,
    0x18C4, 0x20E5, 0x18E5, 0x2904, 0xA329, 0xBBEB, 0xABCD, 0xB40E, 0xBC4F, 0xBC6F, 0xBC90, 0xC4B0,
    0xC4D0, 0xC4F1, 0xC4F2, 0xCCF2, 0xCCF2, 0xCD12, 0xCD12, 0xCD12, 0xCD11, 0xCD32, 0xC4D1, 0x6228,
    0x51C6, 0x830B, 0xD532, 0xBCB1, 0xC4D1, 0xC4D0, 0xBCD0, 0xC4B1, 0xBC90, 0xBC90, 0xBC70, 0xB46F,
    0x6A25, 0x61E5, 0x6248, 0x628A, 0x3987, 0x3987, 0x3166, 0x3126, 0x3126, 0x2905, 0x28E4, 0x20A2,
    0x2127, 0x2A2D, 0x2126, 0x20A3, 0x28C4, 0x3125, 0x3946, 0x4187, 0x41A8, 0x49C8, 0x5A0A, 0x6A2B,
    0x7ACC, 0x9BEF, 0xD5B5, 0xF73B, 0xEEFA, 0xBD13, 0x834D, 0x6A6B, 0x5A0C, 0x59ED, 0x59EE, 0x51CD,
    0x49CD, 0x49CE, 0x49AE, 0x416E, 0x394C, 0x414B, 0x496B, 0x51C9, 0x9B0A, 0xF693, 0xEE32, 0x8AC9,
    0x51C9, 0x49AA, 0x2908, 0x1083, 0x1062, 0x1083, 0x18C5, 0x10A5, 0x10A6, 0x10C7, 0x18E8, 0x10C7,
    0x10C7, 0x18A5, 0x2840, 0x3840, 0x3840, 0x3840, 0x3841, 0x3861, 0x3882, 0x30C3, 0x30E4, 0x28E4,
    0x20E5, 0x20E5, 0x2907, 0x3168, 0x39A9, 0x39A8, 0x4186, 0x4965, 0x4965, 0x4945, 0x4944, 0x4944,
    0x4943, 0x4143, 0x4122, 0x4122, 0x4922, 0x4922, 0x4942, 0x4942, 0x5142, 0x5162, 0x5962, 0x5982,
    0x5982, 0x5982, 0x5982, 0x5982, 0x5962, 0x5162, 0x5982, 0x5982, 0x5983, 0x5983, 0x5983, 0x5982,
    0x61A3, 0x5983, 0x8A43, 0xFED4, 0xBC6B, 0x4901, 0x5143, 0x5122, 0x4922, 0x4922, 0x51A3, 0x7B4C,
    0x730B, 0x628A, 0x3103, 0x28A1, 0x20A1, 0x2080, 0x1880, 0x1881, 0x1861, 0x1861, 0x1861, 0x1060,
    0x1060, 0x1040, 0x0840, 0x0820, 0x0820, 0x0820, 0x0820, 0x0000, 0x0000, 0x0000, 0x0000, 0x0000,
    0x0000, 0x0000, 0x0000, 0x0000, 0x0000, 0x0020, 0x0000, 0x0020, 0x0020, 0x0020, 0x0820, 0x0820,
    0x0840, 0x0840, 0x0840, 0x0840, 0x0841, 0x1041, 0x1041, 0x0841, 0x1041, 0x1041, 0x1041, 0x1061,
    0x1041, 0x1041, 0x1061, 0x1061, 0x1061, 0x1041, 0x1061, 0x1061, 0x1061, 0x1061, 0x1061, 0x1061,
    0x1061, 0x1061, 0x1061, 0x1041, 0x1041, 0x1041, 0x0841, 0x0841, 0x0840, 0x0840, 0x0840, 0x0820,
    0x0820, 0x0820, 0x0820, 0x0820, 0x0820, 0x0820, 0x0820, 0x0820, 0x1061, 0x1040, 0x20C4, 0x2989,
    0x298A, 0x31AB, 0x29AB, 0x2949, 0x2928, 0x2969, 0x2169, 0x1948, 0x1947, 0x1906, 0x18E6, 0x1907,
    0x214A, 0x31AC, 0x39ED, 0x39CC, 0x39AC, 0x318A, 0x3169, 0x3148, 0x2927, 0x28E5, 0x20E4, 0x2906,
    0x2927, 0x2926, 0x2106, 0x2106, 0x2926, 0x2106, 0x5184, 0x8A04, 0x81E4, 0x7183, 0x71A3, 0x81E4,
    0x8A04, 0x9225, 0x9265, 0x9A85, 0xAAC6, 0xAAE7, 0xBB07, 0xBB28, 0xC348, 0xCBA9, 0xD3EA, 0xDC2A,
    0xDC2B, 0xE44B, 0xE48C, 0xE46C, 0xE46C, 0xE44B, 0xE44B, 0xE42A, 0xDC0A, 0xDBC9, 0xD3A8, 0xD388,
    0xCB68, 0xCB48, 0xC327, 0xBB06, 0xB2C6, 0xA265, 0xA244, 0x9A24, 0x2906, 0x2126, 0x2106, 0x2105,
    0x2127, 0x2107, 0x18E5, 0x18E5, 0x20E5, 0x2105, 0x18E5, 0x18C4, 0x20C5, 0x20E5, 0x20E5, 0x18E4,
    0x92E8, 0xC40A, 0xABCC, 0xB40E, 0xBC4F, 0xBC4F, 0xBC90, 0xC4B0, 0xBCB0, 0xC4D1, 0xC4F1, 0xC4F1,
    0xCCF2, 0xCCF2, 0xCD12, 0xCD12, 0xCD11, 0xCCF1, 0xCD32, 0xB470, 0x830B, 0xCD12, 0xC4D1, 0xC4D1,
    0xC4D1, 0xBCD0, 0xBC90, 0xBC70, 0xB450, 0xB44F, 0xB42E, 0xB42E, 0x59C4, 0x4943, 0x6206, 0x6227,
    0x4164, 0x4164, 0x20E2, 0x10A3, 0x20E4, 0x20C3, 0x18A3, 0x1061, 0x2126, 0x29EB, 0x2105, 0x20C4,
    0x28E4, 0x3105, 0x3947, 0x41A9, 0x49E9, 0x5209, 0x622A, 0x6A6C, 0x830E, 0xAC51, 0xDE37, 0xFFBD,
    0xF73B, 0xC554, 0x938E, 0x728C, 0x5A0B, 0x59ED, 0x59ED, 0x51CD, 0x49AD, 0x49AE, 0x498F, 0x414D,
    0x394B, 0x394A, 0x416A, 0x51A9, 0xA36A, 0xFF36, 0xFED5, 0xAB6A, 0x6209, 0x49AA, 0x28E7, 0x1062,
    0x1862, 0x1861, 0x1861, 0x0840, 0x0840, 0x0841, 0x0841, 0x1062, 0x1083, 0x1083, 0x28A3, 0x3882,
    0x3861, 0x3841, 0x3041, 0x2841, 0x2841, 0x3860, 0x80E0, 0x78E1, 0x68E1, 0x58E2, 0x48C2, 0x38C3,
    0x28C3, 0x28E3, 0x3103, 0x38E3, 0x3904, 0x4925, 0x5984, 0x61A3, 0x69E3, 0x6A03, 0x71E3, 0x69E4,
    0x69C4, 0x61C4, 0x59A3, 0x59A3, 0x5982, 0x59A3, 0x61A3, 0x6183, 0x6183, 0x61A3, 0x6183, 0x5982,
    0x5982, 0x5982, 0x6182, 0x6183, 0x61A3, 0x61C3, 0x61C3, 0x61C3, 0x69C3, 0x69E4, 0x5962, 0xA388,
    0xFEB4, 0x71E2, 0x6183, 0x61A3, 0x61A3, 0x61A3, 0x7A66, 0x9BED, 0x9BCD, 0x82A8, 0x6183, 0x61A3,
    0x61A3, 0x61A3, 0x61C3, 0x61A3, 0x61A3, 0x61A3, 0x61A3, 0x61A3, 0x61A2, 0x59A2, 0x5982, 0x5983,
    0x5963, 0x5963, 0x5162, 0x4942, 0x4942, 0x4922, 0x4122, 0x4122, 0x4122, 0x4122, 0x4122, 0x4122,
    0x3902, 0x3902, 0x38E2, 0x30E2, 0x30E2, 0x30C2, 0x28C1, 0x28C1, 0x20A1, 0x2081, 0x2081, 0x1861,
    0x1040, 0x1040, 0x1020, 0x0820, 0x0820, 0x0820, 0x0820, 0x0820, 0x0820, 0x0820, 0x0820, 0x0020,
    0x0020, 0x0020, 0x0820, 0x0820, 0x0820, 0x0841, 0x0820, 0x0841, 0x0841, 0x0841, 0x0841, 0x0841,
    0x0841, 0x0841, 0x0840, 0x0820, 0x0840, 0x0820, 0x0820, 0x0820, 0x0820, 0x0000, 0x0000, 0x0000,
    0x0000, 0x0820, 0x0820, 0x1041, 0x0820, 0x1082, 0x2969, 0x298A, 0x31AA, 0x31CB, 0x29AB, 0x2949,
    0x2928, 0x2969, 0x2969, 0x2148, 0x2147, 0x1906, 0x18E6, 0x2107, 0x2149, 0x31AB, 0x39CC, 0x39CC,
    0x39AC, 0x318A, 0x3149, 0x3148, 0x2927, 0x28E5, 0x2905, 0x2926, 0x2947, 0x2927, 0x2106, 0x2106,
    0x2926, 0x2926, 0x2125, 0x4964, 0x81E4, 0x81C4, 0x71A3, 0x7183, 0x79C4, 0x8A04, 0x8A24, 0x9A85,
    0xA286, 0xA2A6, 0xAAC7, 0xB307, 0xBB28, 0xCB88, 0xD3E9, 0xDC2A, 0xDC2B, 0xE44B, 0xE48D, 0xE46C,
    0xE46C, 0xE46B, 0xE44B, 0xE42A, 0xDC09, 0xDBC9, 0xD388, 0xCB68, 0xCB28, 0xC327, 0xC326, 0xB2E6,
    0xAAA5, 0xA265, 0xAA64, 0x69C5, 0x18E6, 0x2927, 0x2106, 0x18E5, 0x2126, 0x2107, 0x18E6, 0x20E5,
    0x20E5, 0x20E5, 0x18E5, 0x18C4, 0x20E5, 0x2906, 0x2906, 0x18C5, 0x7A87, 0xC40A, 0xABCC, 0xB40E,
    0xBC2F, 0xBC4F, 0xBC70, 0xBCB0, 0xBCB0, 0xC4D0, 0xC4D1, 0xC4F1, 0xCCF2, 0xCCF2, 0xCCF1, 0xCD12,
    0xCD11, 0xCD12, 0xC4F1, 0xCCF1, 0xCD12, 0xC4D1, 0xC4D1, 0xB44F, 0xABED, 0xA3CC, 0xA3AB, 0xA36B,
    0x9B4A, 0x9308, 0x82C7, 0x7A86, 0x6A25, 0x7A45, 0x7225, 0x69E4, 0x6A04, 0x6A04, 0x59C4, 0x28E2,
    0x1061, 0x1062, 0x1062, 0x1061, 0x2988, 0x328F, 0x2126, 0x20C3, 0x28E5, 0x3125, 0x3947, 0x4188,
    0x41C9, 0x49E8, 0x51E9, 0x620B, 0x7ACD, 0x9BEF, 0xCD54, 0xEF1A, 0xE699, 0xBCD3, 0x8B8E, 0x728C,
    0x622C, 0x622D, 0x620E, 0x59EE, 0x51ED, 0x51EE, 0x51AF, 0x416E, 0x414B, 0x414A, 0x498A, 0x6209,
    0xAB6A, 0xF632, 0xE5B1, 0x82A9, 0x5A08, 0x49AA, 0x3109, 0x1042, 0x0841, 0x1041, 0x1041, 0x1861,
    0x1861, 0x1041, 0x1041, 0x1040, 0x0820, 0x0841, 0x1062, 0x1062, 0x1862, 0x2082, 0x1862, 0x1041,
    0x1041, 0x5880, 0x80E0, 0x7901, 0x9121, 0x9962, 0x9981, 0x9161, 0x99C0, 0x99C0, 0x81E1, 0x8263,
    0x8B04, 0x7AA5, 0x6225, 0x6205, 0x6204, 0x6204, 0x6A04, 0x71E4, 0x79E4, 0x7A04, 0x7A24, 0x7A24,
    0x8244, 0x7A44, 0x7A24, 0x7A24, 0x7A04, 0x7A03, 0x7A03, 0x7A03, 0x69C3, 0x79E3, 0x79E3, 0x79E3,
    0x7A03, 0x7A03, 0x7A04, 0x7A04, 0x7A03, 0x7A04, 0x7204, 0x69A2, 0xDD90, 0xBC6C, 0x6982, 0x7A04,
    0x71E4, 0x61A3, 0x7A86, 0x9BED, 0x934B, 0x69E4, 0x69A4, 0x69A4, 0x61A3, 0x61C3, 0x61C3, 0x61A3,
    0x61A3, 0x6183, 0x61A3, 0x61A3, 0x61C3, 0x59A3, 0x61A3, 0x61A3, 0x69A3, 0x69A3, 0x69C3, 0x69E3,
    0x69E3, 0x69E3, 0x71E4, 0x71C4, 0x69C4, 0x69C4, 0x69E3, 0x69E4, 0x69E3, 0x69E3, 0x69C3, 0x69A3,
    0x61C3, 0x61A3, 0x61A3, 0x61A3, 0x61C3, 0x61A3, 0x61A3, 0x61A3, 0x5983, 0x5183, 0x5163, 0x5163,
    0x4942, 0x4942, 0x4922, 0x4922, 0x4922, 0x4122, 0x4122, 0x4102, 0x3902, 0x38E1, 0x30E1, 0x30E1,
    0x30E2, 0x30E2, 0x28C2, 0x28A1, 0x20A1, 0x20A1, 0x1881, 0x1061, 0x1061, 0x1061, 0x1861, 0x1040,
    0x1040, 0x1040, 0x1040, 0x1040, 0x1040, 0x1040, 0x1040, 0x1040, 0x0840, 0x1040, 0x1040, 0x1020,
    0x0820, 0x2905, 0x2969, 0x3189, 0x31AA, 0x31CB, 0x29AA, 0x2149, 0x2128, 0x2969, 0x2169, 0x1948,
    0x1927, 0x1907, 0x18E6, 0x1907, 0x1928, 0x298B, 0x31CC, 0x39CC, 0x31AB, 0x316A, 0x2949, 0x2948,
    0x2927, 0x18C5, 0x18E5, 0x2127, 0x2127, 0x1906, 0x18C5, 0x18E6, 0x2106, 0x1906, 0x2105, 0x18E5,
    0x2904, 0x5964, 0x7183, 0x7183, 0x7183, 0x79C3, 0x8204, 0x8A24, 0x9A65, 0x9A86, 0xA286, 0xAAC7,
    0xB2E7, 0xCB68, 0xD3E9, 0xDC2A, 0xDC2B, 0xE44B, 0xE46C, 0xE46C, 0xE46C, 0xE44B, 0xE42A, 0xDC09,
    0xDBE9, 0xDBA9, 0xD388, 0xCB48, 0xC307, 0xC306, 0xBAE6, 0xB2A5, 0xA264, 0xA244, 0xA265, 0x2926,
    0x2127, 0x2947, 0x2126, 0x2105, 0x2127, 0x2107, 0x20E6, 0x20E6, 0x20E5, 0x20E5, 0x18E5, 0x18C5,
    0x20E5, 0x2906, 0x2906, 0x18C5, 0x6226, 0xCBE9, 0xABAB, 0xB40D, 0xBC4F, 0xBC50, 0xBC70, 0xBC90,
    0xBCB0, 0xC4B0, 0xC4D1, 0xC4D1, 0xC4F2, 0xCCF2, 0xCD12, 0xCD12, 0xCD12, 0xCD11, 0xC4F1, 0xC4D1,
    0xC4D1, 0xC4D1, 0x938D, 0x5A08, 0x51A6, 0x61E5, 0x7A25, 0x92A6, 0x92A6, 0x8265, 0x69E3, 0x59A3,
    0x5A07, 0x5A07, 0x5A07, 0x51C7, 0x49A6, 0x4186, 0x49A6, 0x4186, 0x3104, 0x28C3, 0x28A2, 0x2081,
    0x2988, 0x2A0C, 0x2105, 0x20C4, 0x28E5, 0x3946, 0x4188, 0x49C9, 0x520A, 0x5A4A, 0x6A6D, 0x72AE,
    0x936F, 0xB4B2, 0xDE37, 0xF75B, 0xEEB9, 0xAC71, 0x7ACC, 0x6A4B, 0x5A0C, 0x59ED, 0x51ED, 0x51ED,
    0x51CE, 0x51CF, 0x498F, 0x414E, 0x394B, 0x394A, 0x498A, 0x6A4A, 0xC42C, 0xFF36, 0xF653, 0xA34A,
    0x5A09, 0x4189, 0x28C6, 0x2062, 0x2062, 0x2062, 0x1861, 0x1840, 0x1860, 0x1860, 0x1841, 0x1841,
    0x1021, 0x0841, 0x0841, 0x0840, 0x0020, 0x0020, 0x1062, 0x1041, 0x1041, 0x20A2, 0x28A1, 0x2881,
    0x2881, 0x30A1, 0x3103, 0x3944, 0x3903, 0x4122, 0x59E5, 0x6A25, 0x82A6, 0x6A45, 0x6205, 0x7AA6,
    0x8B27, 0x8B89, 0x8B8A, 0x9C0C, 0xBC4A, 0xA346, 0x8244, 0x7A44, 0x7A44, 0x7A44, 0x8A64, 0x8A85,
    0x8A85, 0x8A44, 0x7203, 0x51E4, 0x4A04, 0x31A3, 0x3983, 0x41A3, 0x39A3, 0x39A3, 0x41C3, 0x41E3,
    0x49E4, 0x5204, 0x5A04, 0x59E3, 0x7265, 0xE5D1, 0x7265, 0x6A04, 0x6A04, 0x69E4, 0x8B29, 0xA44F,
    0x82E8, 0x7A04, 0x7A45, 0x8265, 0x8265, 0x7A44, 0x7A44, 0x7A44, 0x7A24, 0x7A04, 0x7A04, 0x7204,
    0x7204, 0x7224, 0x7204, 0x7204, 0x71E4, 0x71E4, 0x69E4, 0x69E3, 0x69E4, 0x6A04, 0x69E4, 0x7204,
    0x7204, 0x7204, 0x7204, 0x7204, 0x7224, 0x7204, 0x71E4, 0x71E4, 0x7204, 0x69C4, 0x69E3, 0x69C3,
    0x61C3, 0x61C3, 0x61C4, 0x61C4, 0x61C4, 0x61C4, 0x59A3, 0x5983, 0x5983, 0x5983, 0x5183, 0x5983,
    0x5983, 0x5983, 0x5983, 0x5983, 0x5983, 0x5182, 0x5163, 0x5983, 0x61A3, 0x61A4, 0x61A3, 0x61A3,
    0x61C3, 0x61C3, 0x61A3, 0x59A3, 0x5983, 0x5983, 0x5983, 0x5163, 0x5163, 0x5183, 0x5183, 0x5163,
    0x5163, 0x5983, 0x5983, 0x5163, 0x5162, 0x5162, 0x5142, 0x4922, 0x4922, 0x4923, 0x4123, 0x4143,
    0x4144, 0x4964, 0x51A6, 0x51A6, 0x59C6, 0x59E7, 0x59E6, 0x51C6, 0x51A6, 0x4986, 0x4986, 0x4986,
    0x4987, 0x49A7, 0x51E8, 0x49C8, 0x49C8, 0x49C8, 0x49A8, 0x4987, 0x49A7, 0x51A5, 0x51A5, 0x51E6,
    0x51E6, 0x51C6, 0x51C6, 0x51C6, 0x51C6, 0x49A5, 0x49A5, 0x41A5, 0x3985, 0x3944, 0x5163, 0x71A3,
    0x6983, 0x6982, 0x79C3, 0x8204, 0x8A24, 0x9245, 0x9A66, 0x9A66, 0xA2A6, 0xBB27, 0xD3C9, 0xDC2A,
    0xDC2A, 0xE42B, 0xE42B, 0xE44B, 0xE42B, 0xE42A, 0xDC0A, 0xDBE9, 0xDBC8, 0xD388, 0xD368, 0xC307,
    0xBAC6, 0xB2C6, 0xB2A5, 0xAA64, 0xA244, 0xAA44, 0x4985, 0x18E6, 0x2106, 0x2127, 0x1906, 0x18E5,
    0x1906, 0x2107, 0x18E6, 0x18E6, 0x18E5, 0x18E5, 0x18E5, 0x18E5, 0x20E5, 0x2906, 0x2906, 0x18E5,
    0x49C6, 0xC3E9, 0xABAB, 0xABED, 0xB42E, 0xBC50, 0xBC70, 0xBC90, 0xBCB0, 0xBCB0, 0xC4D1, 0xC4D1,
    0xC4D1, 0xCCF2, 0xCCF2, 0xCD11, 0xCD12, 0xCD11, 0xC4F1, 0xC4D1, 0xC4F1, 0xB42F, 0x49E9, 0x1906,
    0x18C4, 0x20C3, 0x3104, 0x4144, 0x4984, 0x51A4, 0x59E4, 0x6204, 0x18E5, 0x18E6, 0x18E6, 0x18E6,
    0x10A5, 0x10A4, 0x10C4, 0x18C4, 0x18A4, 0x20A3, 0x20A3, 0x28A2, 0x2988, 0x2A0C, 0x2925, 0x28E4,
    0x28E5, 0x3926, 0x4167, 0x49A8, 0x49E8, 0x5A0A, 0x624C, 0x72AE, 0x8B6F, 0xB4B2, 0xDE16, 0xF73B,
    0xEEB9, 0xBCF3, 0x8B4E, 0x7AAD, 0x6A6C, 0x622D, 0x622D, 0x5A0E, 0x51EF, 0x51CF, 0x518F, 0x496D,
    0x416C, 0x416B, 0x498A, 0x6209, 0xAB6B, 0xF653, 0xDD50, 0x82A9, 0x51C8, 0x49AA, 0x3929, 0x30E7,
    0x30E7, 0x28E6, 0x18A4, 0x0862, 0x0862, 0x0841, 0x0820, 0x0821, 0x0820, 0x0820, 0x0841, 0x0841,
    0x0820, 0x0820, 0x0821, 0x0841, 0x0842, 0x0882, 0x0882, 0x0882, 0x10A3, 0x18A3, 0x18A3, 0x20E4,
    0x2925, 0x18C3, 0x2104, 0x2904, 0x3966, 0x49A7, 0x4145, 0x30E3, 0x4122, 0x4942, 0x5163, 0x7286,
    0x8B48, 0x7A85, 0x59C4, 0x28C1, 0x18A1, 0x18A1, 0x30E2, 0x3922, 0x3102, 0x4184, 0x4A26, 0x2143,
    0x4A05, 0x2143, 0x1102, 0x08C2, 0x49E6, 0x2184, 0x0142, 0x1163, 0x29C4, 0x1163, 0x11A4, 0x19C4,
    0x0142, 0x83CA, 0x8BCB, 0x0122, 0x1A05, 0x2A66, 0x740E, 0x742F, 0x19A5, 0x3206, 0x2984, 0x2184,
    0x31A4, 0x39E5, 0x4A45, 0x4204, 0x49E5, 0x6A87, 0x6A66, 0x51E4, 0x5A25, 0x6224, 0x6A04, 0x61C3,
    0x69E3, 0x7A24, 0x7A24, 0x7A24, 0x8245, 0x8244, 0x8A44, 0x9265, 0x8A44, 0x8244, 0x8A64, 0x8A64,
    0x8244, 0x8244, 0x7A24, 0x8265, 0x8265, 0x8265, 0x8265, 0x8264, 0x8265, 0x8265, 0x8265, 0x8265,
    0x8285, 0x8265, 0x7A44, 0x7224, 0x7204, 0x7204, 0x7204, 0x7204, 0x7204, 0x69C4, 0x69E4, 0x69E4,
    0x69C3, 0x69C3, 0x61C3, 0x69E4, 0x7204, 0x71E4, 0x7204, 0x7204, 0x7204, 0x7A24, 0x7204, 0x7224,
    0x7224, 0x7204, 0x7205, 0x7205, 0x6A04, 0x6A04, 0x61C4, 0x59A3, 0x5983, 0x5983, 0x5983, 0x59A3,
    0x5983, 0x5983, 0x5983, 0x5163, 0x5163, 0x5143, 0x5142, 0x5142, 0x5163, 0x5963, 0x61A4, 0x69C4,
    0x69E5, 0x7205, 0x7205, 0x7205, 0x69E5, 0x71E5, 0x71E5, 0x71E5, 0x71E5, 0x69E5, 0x69E5, 0x69E5,
    0x61E5, 0x61E6, 0x61E6, 0x61E6, 0x6A06, 0x7246, 0x7A66, 0x7A66, 0x8286, 0x92A6, 0x9AE6, 0xA307,
    0xA327, 0xA326, 0xA306, 0xA305, 0xA305, 0x9AE6, 0x92C6, 0x8A85, 0x69C4, 0x5122, 0x5942, 0x71A3,
    0x81E4, 0x8A04, 0x8A25, 0x8A25, 0x9245, 0xB2E6, 0xCBA8, 0xDBE9, 0xDC0A, 0xDC0B, 0xE40B, 0xE40A,
    0xE40A, 0xDC0A, 0xDBC9, 0xDBC8, 0xD3A8, 0xD368, 0xCB27, 0xC307, 0xB2A6, 0xAA85, 0xA264, 0x9A44,
    0xA243, 0x9A64, 0x51C5, 0x49A6, 0x4986, 0x4186, 0x4185, 0x3965, 0x3965, 0x3966, 0x3146, 0x3125,
    0x3145, 0x2945, 0x2925, 0x2905, 0x2905, 0x2905, 0x2905, 0x20E5, 0x3144, 0xBBA8, 0xB3AA, 0xABCC,
    0xB40E, 0xB42F, 0xBC50, 0xBC70, 0xBC90, 0xBCB0, 0xC4D1, 0xC4D1, 0xC4D1, 0xC4F1, 0xCCF1, 0xCD11,
    0xC4F1, 0xCCF1, 0xC4F1, 0xC4D1, 0xC4F1, 0x9B8D, 0x3147, 0x1948, 0x18C4, 0x10A3, 0x1083, 0x1083,
    0x18A3, 0x18C3, 0x20E3, 0x3103, 0x28E2, 0x3103, 0x3103, 0x3923, 0x4943, 0x61C3, 0x5183, 0x4122,
    0x30E2, 0x30C2, 0x28A1, 0x1861, 0x2147, 0x2146, 0x20C3, 0x20C3, 0x28E4, 0x3925, 0x4187, 0x51E9,
    0x5A2A, 0x628C, 0x72CE, 0x7AEF, 0x9BD0, 0xBCF4, 0xE678, 0xF75C, 0xE678, 0xAC51, 0x7ACC, 0x6A4B,
    0x620A, 0x59EB, 0x59EC, 0x59ED, 0x51CE, 0x51AF, 0x496E, 0x414D, 0x414B, 0x416A, 0x49AA, 0x6A29,
    0xBBEC, 0xFED5, 0xEE33, 0xA34A, 0x59E8, 0x3948, 0x3107, 0x3905, 0x3927, 0x3926, 0x3947, 0x3967,
    0x3146, 0x2926, 0x2107, 0x2107, 0x18C6, 0x10A4, 0x1084, 0x1083, 0x1082, 0x1063, 0x0863, 0x0842,
    0x0841, 0x0821, 0x0841, 0x0861, 0x0861, 0x18A2, 0x28A2, 0x30E3, 0x4964, 0x4163, 0x18C3, 0x18A3,
    0x18A3, 0x20A3, 0x20A2, 0x20A2, 0x20C2, 0x20A2, 0x20A2, 0x3103, 0x4965, 0x1042, 0x2082, 0x1861,
    0x1061, 0x10A1, 0x18E2, 0x2964, 0x4A68, 0x5AA8, 0x93EC, 0x5AA7, 0x7287, 0x51E6, 0x18E2, 0x2964,
    0x4A06, 0x4206, 0x31A4, 0x3183, 0x39A5, 0x29A4, 0x2205, 0x19E4, 0x11E4, 0x11C4, 0xA42C, 0x29E5,
    0x09C4, 0x4B2A, 0xB5B6, 0x538C, 0x1184, 0x4AAA, 0x21C6, 0x21C6, 0x1124, 0x52A9, 0x942E, 0x31C5,
    0x1984, 0x4A8A, 0x31E7, 0x1123, 0x0923, 0x0963, 0x1184, 0x3A47, 0x3A26, 0x1983, 0x21A3, 0x29C4,
    0x29A3, 0x39E4, 0x5A87, 0x41E4, 0x41C4, 0x49E4, 0x49E3, 0x59E3, 0x5A04, 0x6A04, 0x7A45, 0x8B6A,
    0x8AC6, 0x8265, 0x8265, 0x8A65, 0x8A85, 0x92A5, 0x92A6, 0x92A5, 0x8AA5, 0x8285, 0x8265, 0x8265,
    0x8244, 0x8244, 0x8244, 0x7A44, 0x8245, 0x8245, 0x8245, 0x7A45, 0x7A24, 0x7A44, 0x7A24, 0x7A25,
    0x7A45, 0x8245, 0x7A45, 0x8245, 0x8265, 0x8245, 0x8245, 0x8265, 0x8A65, 0x8A85, 0x8A86, 0x8A86,
    0x8AA6, 0x8AC6, 0x8AA6, 0x8265, 0x8265, 0x8266, 0x8286, 0x8286, 0x8266, 0x8265, 0x7A25, 0x7205,
    0x6A04, 0x61C4, 0x5983, 0x5983, 0x5983, 0x5983, 0x61A4, 0x69E4, 0x69E5, 0x7205, 0x7205, 0x7205,
    0x7205, 0x7205, 0x69E5, 0x6A05, 0x69E5, 0x69E5, 0x69C5, 0x69C5, 0x69E5, 0x61C5, 0x69C5, 0x69C6,
    0x61A6, 0x61A5, 0x59A5, 0x59A5, 0x51A5, 0x5185, 0x5965, 0x6165, 0x6145, 0x6144, 0x5944, 0x4945,
    0x4104, 0x38E4, 0x30E4, 0x30E4, 0x30E3, 0x28C3, 0x28A2, 0x4902, 0x79E4, 0x8204, 0x8205, 0x8205,
    0x8205, 0xA286, 0xC347, 0xD3C9, 0xDBC9, 0xDBCA, 0xDBEA, 0xDBE9, 0xDBE9, 0xDBC9, 0xD3A8, 0xD3A8,
    0xCB68, 0xC327, 0xBAE7, 0xAAA6, 0x9245, 0x8204, 0x79E4, 0x7A04, 0x8204, 0x9AA5, 0x9AC5, 0x8245,
    0x59A4, 0x5184, 0x7226, 0x9AC6, 0xB326, 0xCB86, 0xCB86, 0xC386, 0xC365, 0xC365, 0xBB65, 0xBB65,
    0xC3A6, 0xCBA6, 0xC366, 0xBB65, 0xBB65, 0xC3C7, 0xAB8A, 0xABAC, 0xB40E, 0xB42F, 0xB44F, 0xBC6F,
    0xBC90, 0xBCB0, 0xC4B0, 0xC4D1, 0xC4D1, 0xC4D1, 0xC4F1, 0xC511, 0xC4F1, 0xCCF1, 0xC4D1, 0xC4D1,
    0xC4F1, 0x936D, 0x2904, 0x18A3, 0x10A2, 0x18A3, 0x1883, 0x18A3, 0x18A3, 0x10A3, 0x10A3, 0x10A3,
    0x3125, 0x3966, 0x49A6, 0x59C6, 0x6A05, 0x7A66, 0x8A86, 0x8A86, 0x8A65, 0x8245, 0x8245, 0x7A04,
    0x5AAD, 0x326F, 0x20E4, 0x20C3, 0x28E4, 0x3105, 0x3946, 0x4167, 0x41A8, 0x51E9, 0x5A2B, 0x6A6D,
    0x8B4E, 0xB4B2, 0xDE37, 0xF73B, 0xE699, 0xB4B2, 0x830D, 0x728C, 0x6A4B, 0x622C, 0x5A0C, 0x5A0D,
    0x51CF, 0x51AF, 0x496E, 0x416C, 0x414B, 0x416A, 0x49AA, 0x6A29, 0xABAB, 0xE5B1, 0xBC6D, 0x6A29,
    0x49A9, 0x4189, 0x2906, 0x20A3, 0x30C5, 0x30E6, 0x3927, 0x4167, 0x4166, 0x4165, 0x4186, 0x4986,
    0x49A7, 0x49E9, 0x41C8, 0x41A7, 0x49C6, 0x5A28, 0x51E8, 0x3966, 0x2946, 0x2125, 0x2104, 0x18E4,
    0x10A3, 0x10A2, 0x10A3, 0x20C3, 0x20C2, 0x4183, 0x3986, 0x18C5, 0x18A3, 0x1082, 0x1062, 0x1062,
    0x1882, 0x1882, 0x1081, 0x18A2, 0x28E3, 0x18A2, 0x18A2, 0x5A87, 0x39A4, 0x39C4, 0x5226, 0x938A,
    0x6309, 0x6B28, 0x5B07, 0x3A24, 0x5A66, 0x29E4, 0x0962, 0x1A64, 0x1224, 0x4A66, 0x838A, 0x2204,
    0x11E4, 0x01A3, 0x09E3, 0x09C3, 0x11A3, 0x0983, 0x4A66, 0x836A, 0x0163, 0x8CD2, 0x9D94, 0x32A7,
    0x8BEE, 0x4A88, 0x29E6, 0x31E7, 0x31E6, 0x5247, 0x8B8A, 0x39E5, 0x21A5, 0x39E7, 0x2144, 0x2143,
    0x5A88, 0x3A06, 0x3247, 0xCE17, 0x836B, 0x4A04, 0x21C3, 0x19A4, 0x1183, 0x5B2A, 0x42C9, 0x0183,
    0x0963, 0x0163, 0x19C4, 0x19A3, 0x19C4, 0x1943, 0x6AA7, 0x93CD, 0x4A05, 0x29A3, 0x31C4, 0x41E4,
    0x41E4, 0x41E4, 0x51E4, 0x5A03, 0x8328, 0xCD92, 0x72A6, 0x7245, 0x7A65, 0x8265, 0x8265, 0x8A85,
    0x9285, 0x9AA5, 0x9AC5, 0x9AC5, 0x9AA5, 0x8A65, 0x92A6, 0x92A6, 0x8A85, 0x8A85, 0x8A85, 0x8A85,
    0x8A85, 0x8A65, 0x8A65, 0x8265, 0x8265, 0x8265, 0x8265, 0x8A86, 0x8286, 0x8265, 0x8286, 0x82A7,
    0x7A66, 0x8265, 0x8286, 0x7A66, 0x8286, 0x8286, 0x7A66, 0x7A86, 0x7AA6, 0x82A6, 0x8AA6, 0x9308,
    0x9308, 0x8AC7, 0x8266, 0x8286, 0x8246, 0x7A05, 0x79E5, 0x71E5, 0x61C4, 0x69A4, 0x8184, 0x8963,
    0x9143, 0x9123, 0x9123, 0x9122, 0x9102, 0x9902, 0x9902, 0x90E2, 0x90E2, 0x9902, 0x9903, 0x9903,
    0x9102, 0x9102, 0x90E2, 0x90C2, 0x98C2, 0x90C2, 0x88C2, 0x78E2, 0x6123, 0x4924, 0x4104, 0x3104,
    0x28E3, 0x28A3, 0x20A2, 0x1881, 0x4923, 0x8A25, 0x8A05, 0x8205, 0x79E4, 0x8A45, 0xB2E7, 0xCB88,
    0xD3A9, 0xD3A9, 0xD3A9, 0xD3A9, 0xCB68, 0xBB47, 0xB307, 0x9AA6, 0x8A66, 0x7A25, 0x7A05, 0x7A25,
    0x7225, 0x59E4, 0x4163, 0x4164, 0x4984, 0x3944, 0x3103, 0x20C3, 0x1062, 0x0862, 0x18A2, 0x2904,
    0x51A5, 0x8266, 0xAB06, 0xC366, 0xCB85, 0xC385, 0xCBA5, 0xCBC5, 0xD3C6, 0xCBA6, 0xD3A6, 0xCBA6,
    0xCBA5, 0xC3A7, 0xAB6A, 0xA3AC, 0xABED, 0xB42F, 0xB42F, 0xB44F, 0xB490, 0xBC90, 0xBCB0, 0xC4B1,
    0xC4B1, 0xC4D1, 0xC4D1, 0xC511, 0xC511, 0xC4F1, 0xC4F1, 0xC4D1, 0xC4D1, 0x832C, 0x20C3, 0x1082,
    0x1082, 0x1082, 0x1082, 0x1082, 0x1082, 0x10A2, 0x10A2, 0x18C3, 0x2127, 0x2127, 0x2127, 0x2926,
    0x2925, 0x3125, 0x4164, 0x5184, 0x7205, 0x9AA6, 0x92A6, 0x9AA6, 0x6A26, 0x2988, 0x2904, 0x28E3,
    0x3104, 0x3946, 0x4987, 0x51C9, 0x5A2A, 0x626B, 0x6A6C, 0x728D, 0x936F, 0xBCB3, 0xDE17, 0xF6FA,
    0xDE38, 0xA451, 0x7AEC, 0x624B, 0x5A0B, 0x59EB, 0x51EC, 0x51EE, 0x51CF, 0x498F, 0x416E, 0x414C,
    0x414C, 0x416B, 0x59CA, 0x7A8A, 0xD510, 0xFF77, 0xE550, 0x8AEB, 0x5A09, 0x4189, 0x59E9, 0x6A48,
    0x6207, 0x6207, 0x6208, 0x5A2A, 0x51EA, 0x49CA, 0x49CA, 0x49C9, 0x51C9, 0x51E8, 0x5A08, 0x6249,
    0x6A89, 0x7AC9, 0x7AC9, 0x6A89, 0x39A7, 0x2125, 0x1905, 0x18E4, 0x18E4, 0x18C3, 0x18A3, 0x20C3,
    0x20A2, 0x18A2, 0x3144, 0x20E4, 0x18C3, 0x18C3, 0x18C3, 0x18C3, 0x18C3, 0x18A2, 0x1082, 0x18C3,
    0x18C3, 0x1903, 0x1944, 0x73CD, 0x5226, 0x5246, 0x8B6B, 0x8B49, 0x5A05, 0x3983, 0x31C3, 0x1101,
    0x29A3, 0x09C3, 0x4286, 0x3B06, 0x0243, 0x7328, 0xC4CE, 0x2224, 0x3AA5, 0x9C2A, 0x5326, 0x0A64,
    0x1AC5, 0x1AA5, 0x1224, 0x73CB, 0x5BCD, 0xAE38, 0x5C2D, 0x4329, 0xC595, 0x5309, 0x2A46, 0x2AA6,
    0x01E4, 0x32A7, 0x83EB, 0x3265, 0x3A87, 0x7BAC, 0x6B4A, 0x3A86, 0x8C4D, 0x632A, 0x3A87, 0x7BED,
    0x6B6A, 0x62E8, 0x4247, 0x8C2E, 0x5AC8, 0x7B6A, 0x2182, 0x3A26, 0x6B6B, 0x4A67, 0x8BAC, 0x836B,
    0x5A87, 0x2963, 0x5247, 0x7B2A, 0x3983, 0x2183, 0x1183, 0x19A4, 0x29E6, 0x2184, 0x5AA9, 0x52A7,
    0x6B69, 0xD5B2, 0x3A25, 0x0921, 0x1942, 0x21A3, 0x21C4, 0x29E4, 0x29C4, 0x39E4, 0x5225, 0x4A25,
    0x5205, 0x8B28, 0x6A65, 0x7265, 0x7265, 0x7A85, 0x7A85, 0x82A5, 0x8AA5, 0x8A85, 0x8A85, 0x9285,
    0x92A5, 0x9AC6, 0x9AC6, 0x9AA5, 0x9AA6, 0x9AC6, 0x92A6, 0x9329, 0x9B8A, 0x9B8B, 0x9B8B, 0x8B0A,
    0x7288, 0x7AC9, 0x7AA9, 0x6A47, 0x6A67, 0x72A8, 0x7287, 0x59A4, 0x5184, 0x59C4, 0x61E5, 0x6A06,
    0x61E6, 0x7923, 0x98E2, 0x98C1, 0x80E2, 0x7103, 0x9102, 0xA102, 0xA102, 0xA102, 0xA0E2, 0xA0E2,
    0xA102, 0xA102, 0xA902, 0xA902, 0xA902, 0xA8E2, 0xA8E2, 0xA902, 0xA902, 0xA902, 0xA902, 0xA902,
    0xA102, 0xA122, 0x9902, 0x90C1, 0x80C2, 0x6123, 0x5144, 0x4924, 0x3904, 0x30E3, 0x28C2, 0x20A2,
    0x1861, 0x6183, 0x8A25, 0x8A25, 0x79E4, 0x7A04, 0x9A86, 0xAAC6, 0xAAE7, 0xA2A6, 0x9286, 0x8246,
    0x7A45, 0x6A04, 0x59C4, 0x51A4, 0x4984, 0x4964, 0x4964, 0x51A4, 0x51A4, 0x3943, 0x20A1, 0x1881,
    0x18A2, 0x1882, 0x1882, 0x1061, 0x1082, 0x1082, 0x1081, 0x0862, 0x1082, 0x20A3, 0x4145, 0x7226,
    0xA2E6, 0xBB45, 0xCBA4, 0xCBC5, 0xCBC5, 0xCBA6, 0xD3C6, 0xCBA6, 0xCBA5, 0xCBA6, 0xAB89, 0xA38B,
    0xA3CD, 0xABEE, 0xB40F, 0xB44F, 0xB46F, 0xB490, 0xBC90, 0xBCB1, 0xC4B1, 0xC4B1, 0xC4D1, 0xC4F1,
    0xC4F1, 0xC4D1, 0xC4D1, 0xBCB1, 0xBCB1, 0x7AEB, 0x20C3, 0x1082, 0x1082, 0x1082, 0x1082, 0x1082,
    0x1082, 0x1082, 0x1082, 0x10A2, 0x2126, 0x2126, 0x2945, 0x3945, 0x4144, 0x4943, 0x4142, 0x28C2,
    0x5963, 0x9A86, 0x9AA6, 0x9AA6, 0x6A48, 0x2968, 0x20E4, 0x28E4, 0x3105, 0x4146, 0x4987, 0x51A8,
    0x5209, 0x5A2A, 0x624B, 0x6A6C, 0x830D, 0xA410, 0xCD75, 0xDE37, 0xC575, 0x9BEF, 0x7AEC, 0x6A6B,
    0x622B, 0x5A0C, 0x5A0C, 0x5A0E, 0x59EE, 0x51AE, 0x498D, 0x414C, 0x414C, 0x496B, 0x51CB, 0x7A6B,
    0xBBEC, 0xFE93, 0xCC8D, 0x6209, 0x4188, 0x49AA, 0x622A, 0x8AE8, 0x9309, 0x9309, 0x9309, 0x9309,
    0x82C9, 0x728B, 0x726D, 0x6A4E, 0x6A4E, 0x622E, 0x59EB, 0x41A8, 0x49E9, 0x5209, 0x49E9, 0x41E9,
    0x3168, 0x2926, 0x3126, 0x3945, 0x4145, 0x4124, 0x4144, 0x3924, 0x3124, 0x2924, 0x2945, 0x2145,
    0x2124, 0x2145, 0x2104, 0x20E4, 0x18E3, 0x39A5, 0x5287, 0x10E3, 0x10E3, 0x08C2, 0x29E6, 0x7B6B,
    0x18A1, 0x41C6, 0x730A, 0x39A4, 0x3122, 0x3122, 0x5245, 0x4A45, 0x2A24, 0x01C3, 0x73AB, 0x940B,
    0x22C5, 0x43A8, 0x7C6A, 0x1B05, 0x1B25, 0x6429, 0x43A7, 0x1B45, 0x3428, 0x2C27, 0x3408, 0x6C8B,
    0xCE16, 0xBE77, 0x7D0C, 0x74AA, 0x9D4D, 0x6C6A, 0x74CA, 0x856C, 0x6D2B, 0x95CD, 0xB5AC, 0x8487,
    0x8488, 0x8C6B, 0x848C, 0x3AE7, 0x4AC7, 0x4246, 0x3A46, 0x4246, 0x4AC7, 0x4A87, 0x29C5, 0x5AE8,
    0x5AA7, 0x6AC6, 0x5A86, 0x5AE9, 0x7BCD, 0x4A67, 0x8C71, 0x9C70, 0x83AC, 0x5287, 0x5267, 0x6BCA,
    0x6307, 0x51C5, 0x31A5, 0x6AE7, 0x8BCA, 0x9C4E, 0x7B6B, 0x6BAA, 0x4245, 0x9BAB, 0x62A7, 0x7329,
    0x6AE9, 0x3184, 0x29A4, 0x2983, 0x2163, 0x6B08, 0x7309, 0x1963, 0x4A67, 0xC531, 0x39C5, 0x1963,
    0x1963, 0x1163, 0x3225, 0x21C4, 0x2183, 0x31C4, 0x39C4, 0x39A4, 0x39C4, 0x49E4, 0x5A04, 0x6224,
    0x6A24, 0x7225, 0x7A65, 0x7265, 0x7AC8, 0x9BEE, 0xA430, 0xC534, 0xC534, 0xBCF3, 0xB4D3, 0xAC91,
    0xA450, 0xA430, 0x8B6C, 0x8B6D, 0x8BAE, 0x8B6D, 0x832C, 0x7ACB, 0x6248, 0x81C6, 0xAA07, 0xB207,
    0xB184, 0x9123, 0xB163, 0xB963, 0xB142, 0xB922, 0xB902, 0xB902, 0xB921, 0xB101, 0xB101, 0xA902,
    0xA8E2, 0xA0E1, 0xA0E1, 0xA0E1, 0xA0E1, 0xA0E1, 0xA0E1, 0xA0E1, 0xA0E2, 0x98C1, 0x98C1, 0x98C1,
    0x90A1, 0x70E2, 0x5944, 0x5944, 0x5144, 0x4944, 0x4124, 0x4123, 0x3903, 0x5143, 0x8A45, 0x9285,
    0x8A85, 0x8285, 0x7A65, 0x7225, 0x6A25, 0x6205, 0x51A4, 0x4163, 0x3943, 0x3122, 0x3102, 0x30E2,
    0x28E2, 0x28C2, 0x20A2, 0x20A2, 0x18A2, 0x1881, 0x1881, 0x18A2, 0x1882, 0x1882, 0x1882, 0x1062,
    0x1082, 0x1061, 0x1061, 0x1061, 0x1061, 0x1062, 0x1082, 0x20C3, 0x4165, 0x7225, 0x9AA4, 0xBB64,
    0xCBC5, 0xD3E6, 0xD3E6, 0xDC06, 0xD3C5, 0x9AC4, 0x7A46, 0x9B4A, 0xA3CD, 0xABEE, 0xB42F, 0xB42F,
    0xAC4F, 0xB46F, 0xB46F, 0xBC90, 0xBC91, 0xBCB1, 0xBCD1, 0xC4D1, 0xC4D1, 0xBCD1, 0xBCB1, 0xBCB1,
    0xBCB0, 0x72CB, 0x18A2, 0x1081, 0x1082, 0x1082, 0x1082, 0x1082, 0x1082, 0x1082, 0x1082, 0x1082,
    0x4984, 0x4943, 0x4943, 0x5163, 0x4942, 0x4122, 0x4122, 0x3902, 0x71E4, 0xAAC6, 0xB2E7, 0xB2E7,
    0x7247, 0x2988, 0x2105, 0x20C3, 0x28E4, 0x3125, 0x4166, 0x49C8, 0x5209, 0x626A, 0x72AC, 0x7AED,
    0x9BD0, 0xBCF3, 0xE678, 0xEEFA, 0xD5F7, 0xA410, 0x728B, 0x5A0B, 0x59EB, 0x51CB, 0x51CC, 0x51CD,
    0x51CE, 0x51AE, 0x496D, 0x416C, 0x416C, 0x496B, 0x59CA, 0x6A2A, 0xB3EC, 0xFEF3, 0xDD0E, 0x92A9,
    0x59E8, 0x4169, 0x6A4A, 0x9309, 0x9329, 0x9329, 0x9B29, 0x9B49, 0x9B49, 0x8B0A, 0x82AC, 0x6A4C,
    0x59EB, 0x51A9, 0x4147, 0x3104, 0x3924, 0x4166, 0x4186, 0x3967, 0x3946, 0x3925, 0x3924, 0x3124,
    0x3924, 0x3125, 0x3105, 0x3105, 0x2905, 0x2905, 0x2905, 0x2104, 0x2104, 0x2104, 0x2964, 0x2984,
    0x2164, 0x31C4, 0x4246, 0x1923, 0x10E2, 0x10E2, 0x3205, 0x7329, 0x2943, 0x4A67, 0x4226, 0x31C4,
    0x72C7, 0x3142, 0x7349, 0xCD6E, 0x4B86, 0x0204, 0x738A, 0xBCCE, 0x4345, 0x1C05, 0x5549, 0x3D68,
    0x3D49, 0x5DAB, 0x65CB, 0x6E0C, 0x760C, 0x7E2C, 0x964F, 0xC673, 0xE6B7, 0xE739, 0xCEF4, 0xBED2,
    0xBE4E, 0xBE6E, 0xAE4E, 0x960C, 0x7DCB, 0x8DCB, 0x7D2A, 0x7D4D, 0x2BA6, 0x3B47, 0x4AC7, 0x39E5,
    0x3964, 0x3964, 0x3964, 0x3144, 0x3164, 0x3184, 0x2943, 0x1903, 0x2144, 0x2985, 0x39E6, 0x31C5,
    0x31C5, 0x29C5, 0x4267, 0x4225, 0x31C3, 0x29E4, 0x31C4, 0x6B87, 0x5BA6, 0x3244, 0x5ACA, 0xBCAD,
    0x6B25, 0x73AB, 0x5266, 0x5B08, 0x736A, 0x9C0C, 0x942C, 0xBCAE, 0x632A, 0x2164, 0x2984, 0x2963,
    0x8BED, 0xAC4D, 0x82E8, 0x31C5, 0x8BEE, 0xAC2C, 0x5A45, 0x21A4, 0x21C4, 0x4287, 0x4287, 0x29E5,
    0x31C4, 0x72C8, 0x5A67, 0x21A4, 0x21A4, 0x1943, 0x31C5, 0x1123, 0x31A5, 0x6268, 0x2944, 0x1923,
    0x2964, 0x2984, 0x2964, 0x39C6, 0x6289, 0x8B4C, 0x93CE, 0xA430, 0xA471, 0x9C0F, 0x6A49, 0x9BCE,
    0xBCF3, 0xBCF3, 0xB4D3, 0xBCF3, 0x93AE, 0x7AAA, 0x936D, 0x93CE, 0x82EA, 0x89A5, 0x98E2, 0xA922,
    0x90C2, 0x88A2, 0x88C2, 0x88C1, 0x90C1, 0x90C1, 0x90C1, 0x88C1, 0x88A1, 0x80A1, 0x78A1, 0x80A1,
    0x90A1, 0x90A1, 0x90C1, 0x90C1, 0x90A1, 0x90A1, 0x90A1, 0x8881, 0x8881, 0x8102, 0x71C4, 0x7205,
    0x71E5, 0x7A45, 0x7A66, 0x6A05, 0x61E5, 0x6205, 0x61E4, 0x6204, 0x6A04, 0x6204, 0x51A3, 0x4963,
    0x4143, 0x3103, 0x3923, 0x4143, 0x3922, 0x30E2, 0x20C2, 0x1882, 0x20A2, 0x2082, 0x20A2, 0x20A2,
    0x18A1, 0x1881, 0x1881, 0x20A2, 0x1882, 0x1882, 0x1882, 0x1882, 0x1882, 0x1061, 0x1061, 0x1061,
    0x1061, 0x1061, 0x1061, 0x1082, 0x18A3, 0x2904, 0x4164, 0x6A05, 0x92A5, 0xBB46, 0xD3A6, 0xAB06,
    0x71E4, 0x5964, 0x4943, 0x4964, 0x6206, 0x82CA, 0x9B8D, 0xAC0E, 0xB46F, 0xBC8F, 0xBC90, 0xBC91,
    0xBC91, 0xBCB1, 0xBCB0, 0xBCB0, 0xBCB1, 0xBCB1, 0xBCB1, 0xBC90, 0xB490, 0x6A8A, 0x18A2, 0x1081,
    0x1082, 0x1082, 0x1082, 0x1082, 0x1082, 0x1082, 0x1082, 0x1082, 0x5162, 0x3902, 0x30E1, 0x28E2,
    0x28C2, 0x28C1, 0x28C1, 0x20A1, 0x3902, 0x6184, 0x69A4, 0x61A4, 0x49A7, 0x2106, 0x20E4, 0x28E4,
    0x3105, 0x3946, 0x4187, 0x49A8, 0x51E8, 0x5A09, 0x5A2A, 0x624B, 0x830D, 0xAC31, 0xCDB5, 0xDE38,
    0xC574, 0x93AE, 0x6A6A, 0x59EA, 0x51C9, 0x51AA, 0x49AA, 0x49AA, 0x49AB, 0x498B, 0x496A, 0x416A,
    0x496A, 0x518A, 0x59EA, 0x82EB, 0xDD0F, 0xFEF4, 0xD4EE, 0x7248, 0x49A8, 0x3969, 0x59E9, 0x7268,
    0x7248, 0x7A88, 0x8AE9, 0x82C8, 0x7267, 0x51C6, 0x4165, 0x3924, 0x30E4, 0x30E4, 0x3904, 0x3104,
    0x3104, 0x3103, 0x30E3, 0x30E3, 0x30E4, 0x3104, 0x3124, 0x3125, 0x3125, 0x3125, 0x3125, 0x2905,
    0x28E5, 0x2905, 0x39A6, 0x31C6, 0x3165, 0x3945, 0x3985, 0x41C5, 0x49C5, 0x49C5, 0x5A46, 0x31A4,
    0x2984, 0x62C7, 0x6B07, 0x3204, 0x21E4, 0x9CEF, 0x5B29, 0x5AC6, 0xCD6E, 0x3A25, 0x4AA7, 0x8C0A,
    0x3265, 0x19C3, 0x7B8A, 0xDE75, 0x850B, 0x4446, 0x8D8C, 0x8D2A, 0x64C8, 0x5CE9, 0x5D6A, 0x4549,
    0x2CC8, 0x34C8, 0x654B, 0xB611, 0x85F0, 0xAED3, 0x856E, 0x9D8F, 0xAD6F, 0x5409, 0x3409, 0x4448,
    0x84EB, 0x6BA9, 0x742B, 0x5CAC, 0x1A45, 0x29A5, 0x3985, 0x41A5, 0x3985, 0x3964, 0x3144, 0x3144,
    0x3144, 0x3144, 0x2924, 0x2904, 0x2904, 0x2923, 0x20E2, 0x2902, 0x2923, 0x41A5, 0x5B07, 0x5AA7,
    0x9BEC, 0x6AC6, 0x6B28, 0xA48E, 0x7B27, 0x7BAA, 0x83AD, 0x8349, 0x7328, 0x9C6E, 0x72E6, 0x840D,
    0x6BAC, 0x740D, 0x6BAA, 0x7308, 0x2184, 0x21C5, 0x21A4, 0x21A4, 0x8BCC, 0x9C4E, 0x41C4, 0x21C5,
    0x530A, 0x6B08, 0x3A04, 0x19A3, 0x3246, 0x5B09, 0x4205, 0x41E4, 0x39C4, 0x72C8, 0x41E5, 0x1983,
    0x31A4, 0x39C5, 0x41E5, 0x2143, 0x31C5, 0x5247, 0x2144, 0x2964, 0x31C5, 0x1943, 0x2183, 0x2983,
    0x3143, 0x4985, 0x4165, 0x4145, 0x3965, 0x3945, 0x3945, 0x3924, 0x4144, 0x51A5, 0x4985, 0x2903,
    0x3103, 0x4944, 0x59C6, 0x5185, 0x3103, 0x4923, 0x68C1, 0x80C2, 0x80C2, 0x78A2, 0x78C2, 0x70A1,
    0x80A1, 0x80A1, 0x80A1, 0x80A1, 0x80A1, 0x80A1, 0x80A1, 0x80A1, 0x80A1, 0x80A1, 0x78A1, 0x7881,
    0x7881, 0x7081, 0x7081, 0x68A2, 0x58E2, 0x79C4, 0x9AC6, 0x7A65, 0x59C4, 0x51A4, 0x4984, 0x3923,
    0x3103, 0x28E2, 0x28E3, 0x3103, 0x3923, 0x3923, 0x30E2, 0x28C2, 0x28E2, 0x3103, 0x4144, 0x6A05,
    0x9306, 0x9B27, 0x82A6, 0x59A4, 0x59C4, 0x7A86, 0x7A66, 0x59C4, 0x51C4, 0x6A25, 0x51C4, 0x51A4,
    0x59A4, 0x4964, 0x3944, 0x2903, 0x20C2, 0x18A2, 0x1881, 0x1061, 0x1061, 0x1061, 0x1061, 0x1061,
    0x1882, 0x18A2, 0x20C2, 0x3124, 0x4164, 0x61C4, 0x8245, 0x69C5, 0x61A5, 0x7205, 0x7A46, 0x7226,
    0x61E6, 0x59A5, 0x59A5, 0x6207, 0x7268, 0x82E9, 0x936B, 0x9BAD, 0xAC2F, 0xB470, 0xBCB0, 0xC4F1,
    0xC4D1, 0xC4D2, 0xC4D1, 0xC4F1, 0xB470, 0x5208, 0x1882, 0x1082, 0x1082, 0x1082, 0x1082, 0x1082,
    0x1082, 0x1082, 0x1082, 0x1082, 0x18A1, 0x20A1, 0x28C1, 0x28C1, 0x28C2, 0x28C1, 0x20A1, 0x20A1,
    0x1881, 0x1861, 0x2081, 0x2081, 0x2126, 0x218A, 0x2105, 0x20E4, 0x3105, 0x4146, 0x4987, 0x51C8,
    0x5A29, 0x6A8A, 0x72CC, 0x7AED, 0xAC31, 0xD5B6, 0xEEBA, 0xEEFA, 0xDDF7, 0xA450, 0x7AEC, 0x6A6B,
    0x622B, 0x59EB, 0x51CB, 0x51CC, 0x49CD, 0x49AC, 0x498B, 0x498C, 0x498C, 0x518B, 0x59EB, 0x726A,
    0xBC2C, 0xF672, 0xC46D, 0x7249, 0x51C9, 0x4189, 0x4146, 0x4144, 0x4124, 0x4124, 0x4125, 0x4124,
    0x3923, 0x4123, 0x4144, 0x4144, 0x4145, 0x4145, 0x4124, 0x4124, 0x3924, 0x3924, 0x3924, 0x3904,
    0x3904, 0x3925, 0x3925, 0x3125, 0x3125, 0x3925, 0x3925, 0x2905, 0x1905, 0x2126, 0x4AEA, 0x4B8A,
    0x4B28, 0x5B28, 0x4266, 0x3A46, 0x3A66, 0x42C6, 0x5328, 0x32A6, 0x3AE9, 0x5B6A, 0x42E7, 0x1A45,
    0x1A65, 0x8CF0, 0x638A, 0x4AA6, 0x62E7, 0x3A65, 0x3246, 0x42A7, 0x3286, 0x22A6, 0x8CEF, 0xA550,
    0x3B46, 0x63C7, 0xA50A, 0x8489, 0x94E9, 0x2BC6, 0x2427, 0x3C46, 0x6446, 0x7466, 0xD630, 0xBDF0,
    0x3C88, 0x44CA, 0x8D50, 0xBD92, 0x8BEA, 0x6328, 0x63EB, 0x848D, 0x8BEA, 0x7329, 0x5B68, 0x43A8,
    0x4266, 0x834A, 0x5246, 0x5247, 0x6268, 0x51E6, 0x49E6, 0x3164, 0x3144, 0x3123, 0x2904, 0x2904,
    0x2903, 0x2943, 0x3983, 0x62A7, 0x8388, 0x8C2A, 0x5B28, 0x3247, 0x5B09, 0x6308, 0x6B28, 0x6B6A,
    0xBD10, 0x942D, 0x736A, 0x4A66, 0x9C6F, 0xACAF, 0x62E7, 0x83CA, 0x6B28, 0x5AE8, 0x62E7, 0x8B48,
    0x7B28, 0x72E6, 0x6286, 0x5A87, 0xA46F, 0x62A6, 0x4A45, 0x2184, 0x4A88, 0x8328, 0x5A86, 0x29C4,
    0x31E5, 0x8BAD, 0x5225, 0x8AA6, 0x41A4, 0x29A4, 0x1963, 0x2163, 0x31A4, 0x41C4, 0xA387, 0x51C3,
    0x92E7, 0x92C7, 0x3143, 0x2964, 0x1123, 0x21A3, 0x3203, 0x41C3, 0x4185, 0x49A7, 0x51E8, 0x51E8,
    0x49C7, 0x41A7, 0x3966, 0x3125, 0x3104, 0x2904, 0x28E3, 0x20C2, 0x3103, 0x4924, 0x4944, 0x4123,
    0x20A2, 0x1861, 0x2881, 0x3881, 0x58A1, 0x60E2, 0x50A1, 0x5081, 0x6080, 0x6060, 0x6060, 0x6060,
    0x6061, 0x5861, 0x5861, 0x5881, 0x5081, 0x4881, 0x4881, 0x4081, 0x4081, 0x4881, 0x48A2, 0x3125,
    0x3125, 0x59A4, 0x92A5, 0x7204, 0x3102, 0x1881, 0x1061, 0x1041, 0x1061, 0x1061, 0x1882, 0x28E3,
    0x3923, 0x3102, 0x3923, 0x4143, 0x4984, 0x4964, 0x4143, 0x51A4, 0x7A85, 0x9327, 0x92E6, 0x8286,
    0x8AA7, 0xABC9, 0xA368, 0x8AC6, 0x8AE6, 0x9B47, 0x82C7, 0x7A86, 0x8AC7, 0x8AC7, 0x7A87, 0x6A46,
    0x59E5, 0x49A5, 0x3944, 0x3103, 0x28E3, 0x28C3, 0x1882, 0x1082, 0x18A2, 0x1882, 0x1061, 0x1082,
    0x1082, 0x1062, 0x4144, 0x69C5, 0x69C5, 0x7226, 0x7246, 0x7A67, 0x7A88, 0x8288, 0x8288, 0x7A68,
    0x7247, 0x6A26, 0x6A06, 0x61E6, 0x61E6, 0x6206, 0x6A27, 0x7288, 0x7AA9, 0x82CA, 0x82EB, 0x8B4B,
    0x7AEA, 0x3124, 0x1081, 0x18A2, 0x18A2, 0x1082, 0x1082, 0x1082, 0x1082, 0x1082, 0x1082, 0x1082,
    0x1881, 0x20C1, 0x28C1, 0x28C1, 0x28C2, 0x28C2, 0x28C2, 0x3902, 0x61A4, 0x71C4, 0x71E4, 0x7A05,
    0x51A6, 0x2106, 0x20E4, 0x2904, 0x3125, 0x4166, 0x49A8, 0x51E9, 0x5209, 0x6249, 0x6A8B, 0x7AEC,
    0x93AF, 0xBCD3, 0xDE37, 0xE699, 0xCD95, 0x9C0F, 0x72CC, 0x6A4B, 0x622B, 0x620B, 0x5A0C, 0x5A0D,
    0x59EE, 0x51CD, 0x51AC, 0x51AC, 0x518B, 0x59AB, 0x620B, 0x930B, 0xD4CE, 0xFF14, 0xD4CD, 0x6A08,
    0x4187, 0x4189, 0x3126, 0x2904, 0x3104, 0x3904, 0x4145, 0x4145, 0x4145, 0x3924, 0x4144, 0x4144,
    0x4944, 0x4945, 0x5165, 0x4964, 0x5184, 0x59A4, 0x59A5, 0x61A5, 0x61A5, 0x61A5, 0x61C5, 0x61C5,
    0x59C5, 0x59C5, 0x59A5, 0x5185, 0x4166, 0x3966, 0x2966, 0x2985, 0x29C5, 0x2A05, 0x2A65, 0x2A85,
    0x32E6, 0x53E7, 0x5406, 0x4BE6, 0x43C5, 0x43C6, 0x43C6, 0x43C6, 0x43C6, 0x4C28, 0x4BE7, 0x4386,
    0x4366, 0x4386, 0x3326, 0x2B26, 0x2306, 0x12C5, 0x9550, 0xAD91, 0x2AA5, 0x5326, 0xA4AA, 0x3366,
    0x3386, 0x53E6, 0x7CA7, 0xA546, 0xD609, 0xF733, 0xE6B2, 0x74A9, 0x3C68, 0x23A6, 0x74CE, 0xD636,
    0x6389, 0x4286, 0x4AE8, 0x7C0C, 0x5287, 0x83AB, 0xACEF, 0x5B06, 0x83CB, 0xEE97, 0x9449, 0xA4CE,
    0x93AD, 0x93CC, 0x8C2D, 0x8BCB, 0x736C, 0x8BCD, 0x7B28, 0x49E6, 0x5AA9, 0x6B09, 0x8B89, 0xD613,
    0x7C29, 0x3285, 0x21E5, 0x52C9, 0x3AC7, 0x2AC5, 0x3AA7, 0x6B6A, 0x7C2C, 0x4AC7, 0x6369, 0x8CAD,
    0x5B68, 0x534A, 0x5308, 0x8B87, 0x6AE6, 0x62A6, 0x6B07, 0xA3EA, 0x8B67, 0x6264, 0x6286, 0x4A26,
    0x62C8, 0x4A66, 0x3204, 0x29A4, 0x39C5, 0xA42F, 0x5A67, 0x1943, 0x39E6, 0xAC90, 0x4204, 0x7A86,
    0x7246, 0x2983, 0x21A4, 0x6B09, 0x39A5, 0x39A3, 0xBC07, 0x7A64, 0x9AC6, 0x9307, 0x2943, 0x2163,
    0x29C4, 0x4A64, 0x41C3, 0x28E2, 0x28E4, 0x2905, 0x3946, 0x3966, 0x2925, 0x2904, 0x28E4, 0x2904,
    0x2904, 0x3104, 0x18A2, 0x28C2, 0x3103, 0x30C2, 0x30A2, 0x1861, 0x1861, 0x2081, 0x1861, 0x0820,
    0x38C1, 0x5943, 0x40C1, 0x1840, 0x1820, 0x2060, 0x2881, 0x30A1, 0x40E2, 0x40E2, 0x40E1, 0x5102,
    0x5922, 0x5943, 0x6163, 0x6963, 0x7143, 0x7923, 0x5944, 0x2967, 0x2947, 0x2905, 0x4965, 0x61C4,
    0x59A4, 0x4943, 0x30E2, 0x1861, 0x1041, 0x1061, 0x18A2, 0x20A2, 0x20A2, 0x30E2, 0x61E4, 0x92E7,
    0x9B27, 0x8AC7, 0x7266, 0x6A45, 0x59E4, 0x59C4, 0x5184, 0x4964, 0x51A4, 0x51A4, 0x4963, 0x51C4,
    0x7265, 0x7265, 0x61E5, 0x59C5, 0x59A5, 0x51A5, 0x4985, 0x4984, 0x51C5, 0x51E5, 0x59E5, 0x51A5,
    0x3924, 0x3924, 0x3924, 0x28E2, 0x3902, 0x4122, 0x4962, 0x5181, 0x5981, 0x4121, 0x30E3, 0x4144,
    0x5185, 0x6A06, 0x7247, 0x7A67, 0x7A67, 0x7A68, 0x7A88, 0x8288, 0x82A9, 0x82C9, 0x8AC9, 0x8AC9,
    0x8AC9, 0x82A8, 0x82A8, 0x7A88, 0x7267, 0x7227, 0x7227, 0x6A27, 0x6A06, 0x4144, 0x20A1, 0x1881,
    0x18A2, 0x1882, 0x1882, 0x18A2, 0x10A2, 0x1082, 0x1082, 0x1082, 0x1881, 0x20A1, 0x28C1, 0x30E2,
    0x30E2, 0x30E2, 0x3102, 0x59A4, 0x8225, 0x8245, 0x8266, 0x8246, 0x5209, 0x2989, 0x20E4, 0x28E4,
    0x3105, 0x3946, 0x4187, 0x49C8, 0x5209, 0x626A, 0x72CB, 0x830D, 0xAC51, 0xD5D6, 0xF6FB, 0xF71B,
    0xDE17, 0xAC71, 0x7ACB, 0x624B, 0x620A, 0x59EB, 0x51CB, 0x51CC, 0x51AC, 0x49AC, 0x498C, 0x498C,
    0x496C, 0x518B, 0x51CA, 0x7249, 0xC46C, 0xFED3, 0xCCAC, 0x7A68, 0x59C8, 0x3969, 0x28E6, 0x20E4,
    0x20E4, 0x20E5, 0x2905, 0x2105, 0x2946, 0x20E3, 0x20C3, 0x28E3, 0x30E3, 0x30E4, 0x3904, 0x3904,
    0x3923, 0x4964, 0x51A4, 0x59A5, 0x69E5, 0x7206, 0x7A46, 0x8A86, 0x8A86, 0x8AA6, 0x92C6, 0x92C6,
    0x92A6, 0x92A6, 0x8A86, 0x8265, 0x7A65, 0x7A65, 0x6A25, 0x6205, 0x5A05, 0x5205, 0x4204, 0x3A04,
    0x3204, 0x3224, 0x3244, 0x3264, 0x32A4, 0x32E4, 0x3B45, 0x3B85, 0x43A5, 0x4405, 0x4C46, 0x4C66,
    0x4C86, 0x5486, 0x5CC8, 0x5CC8, 0x4466, 0x3C46, 0x4446, 0x5CC6, 0x8527, 0xB568, 0xE64C, 0xFF34,
    0xFF54, 0xF755, 0xD60D, 0x5C47, 0x2C07, 0x23C6, 0x546B, 0xCE36, 0x642B, 0x1B26, 0x1B06, 0x2B07,
    0x3AC6, 0x944D, 0x8C2C, 0x2A26, 0x6B6C, 0xC553, 0x52C7, 0x4AC8, 0x29E6, 0x3A47, 0x3AA7, 0x4AC7,
    0x6B8D, 0xBD73, 0x93A8, 0x4A46, 0x52A9, 0x8BCD, 0xBD52, 0xBD10, 0x6B67, 0x42A6, 0x3225, 0xB513,
    0x8C4D, 0x2243, 0x63AB, 0xA4D1, 0x3225, 0x6B8B, 0xC573, 0x942B, 0x4AC5, 0x1183, 0x4AC7, 0x9BE8,
    0x4A45, 0x4A66, 0x52A6, 0x4225, 0x4204, 0x39E5, 0x3A05, 0x31C5, 0x62A8, 0x7349, 0x29E4, 0x31E5,
    0x5268, 0x940E, 0x5247, 0x1943, 0x4226, 0xB4D1, 0x4A66, 0x4225, 0x5A25, 0x31A4, 0x21C3, 0x6309,
    0x4A06, 0x5205, 0xABE9, 0x6286, 0x39E4, 0x31A4, 0x1963, 0x3A04, 0x5AC5, 0x5244, 0x1060, 0x0820,
    0x1882, 0x28E3, 0x3124, 0x3965, 0x3125, 0x2904, 0x3124, 0x2905, 0x2905, 0x3125, 0x2904, 0x3923,
    0x4944, 0x28C2, 0x28A2, 0x4922, 0x30E2, 0x20A1, 0x30C1, 0x69C2, 0x9A64, 0x6982, 0x38C1, 0x30C2,
    0x4963, 0x61C3, 0x7204, 0x7A25, 0x8A45, 0x8A45, 0x8A45, 0x8A04, 0x81C4, 0x79A4, 0x89A4, 0x89A3,
    0x89A3, 0x89A4, 0x5923, 0x20C4, 0x2905, 0x2904, 0x28E4, 0x3104, 0x4144, 0x4984, 0x5184, 0x4123,
    0x30E2, 0x20A2, 0x18A2, 0x1081, 0x1061, 0x20C2, 0x51A4, 0x7266, 0x7AA7, 0x82C7, 0x7286, 0x6A45,
    0x6205, 0x51C4, 0x4984, 0x3943, 0x4164, 0x4143, 0x3923, 0x3123, 0x3943, 0x4163, 0x4143, 0x4123,
    0x4143, 0x4143, 0x4122, 0x4142, 0x51A2, 0x61C2, 0x7222, 0x8AA3, 0x8AA2, 0x92C2, 0xAB22, 0xAB41,
    0xBB81, 0xCBC1, 0xD400, 0xD400, 0xDC00, 0xCBC1, 0xB321, 0x92A2, 0x7A23, 0x7225, 0x7246, 0x7A67,
    0x8288, 0x82A8, 0x82A9, 0x8AC9, 0x8AC9, 0x8AC9, 0x8AC9, 0x8AC9, 0x8AC9, 0x8AE9, 0x8B09, 0x932A,
    0x930A, 0x8AEA, 0x930A, 0x8AEA, 0x8B0A, 0x6A27, 0x20C2, 0x1861, 0x1881, 0x1881, 0x1881, 0x1881,
    0x1882, 0x1082, 0x1882, 0x1082, 0x1881, 0x1881, 0x20A1, 0x30E2, 0x3902, 0x30E2, 0x4123, 0x7205,
    0x8266, 0x8266, 0x8266, 0x7A45, 0x4187, 0x2148, 0x2105, 0x2904, 0x3945, 0x4186, 0x49A7, 0x49C8,
    0x51E8, 0x5A29, 0x6A6A, 0x72AB, 0x9BAF, 0xC534, 0xE679, 0xEEBA, 0xD5D6, 0xA430, 0x7ACC, 0x6A4B,
    0x620B, 0x59EB, 0x59CC, 0x51AD, 0x49AD, 0x49AC, 0x498C, 0x498C, 0x496C, 0x518B, 0x59EB, 0x82AA,
    0xD4CD, 0xFF14, 0xCCAD, 0x6A08, 0x4188, 0x4169, 0x28E6, 0x20C4, 0x18C4, 0x20E4, 0x10A3, 0x1082,
    0x1082, 0x10A2, 0x18A2, 0x1882, 0x18A2, 0x18A2, 0x18A3, 0x18A2, 0x18A2, 0x20C2, 0x20E3, 0x2904,
    0x2904, 0x3125, 0x3944, 0x4164, 0x4984, 0x59C5, 0x61E5, 0x7226, 0x7A66, 0x8286, 0x8AC6, 0x9B06,
    0xA347, 0xAB67, 0xAB67, 0xAB67, 0xAB67, 0xA367, 0xA367, 0x9B46, 0x9326, 0x82E6, 0x72A6, 0x6A65,
    0x5A24, 0x4A04, 0x41C4, 0x31A3, 0x3183, 0x29A3, 0x21A2, 0x21C2, 0x2203, 0x2243, 0x2A84, 0x2AE4,
    0x3344, 0x33A4, 0x43E5, 0x4C25, 0x5CA6, 0x7528, 0x95AB, 0xBE8F, 0xD6F1, 0xB64B, 0x8DA9, 0x5D09,
    0x44C8, 0x3467, 0x4C89, 0xB613, 0x64AB, 0x2386, 0x2386, 0x2386, 0x2326, 0x4B88, 0x3307, 0x0A25,
    0x534A, 0x944F, 0x1A05, 0x2226, 0x19E5, 0x19C5, 0x2266, 0x2266, 0x842F, 0xC595, 0x3A67, 0x19C6,
    0x0964, 0x636B, 0x9C6F, 0xB4AE, 0x52E7, 0x532A, 0x83CD, 0xBD54, 0xACAF, 0x6B06, 0x6BAB, 0xBD74,
    0x3A46, 0x6B6B, 0xA46F, 0xB4AF, 0x62A6, 0x1922, 0x6B4B, 0xF674, 0xA409, 0x6AE6, 0x39C4, 0x5A88,
    0x838C, 0x31A5, 0x4A06, 0x41E5, 0x834B, 0x732A, 0x29E4, 0x3A06, 0xACF3, 0xA3EC, 0x6AA7, 0x29A4,
    0x3A25, 0x736A, 0x29C4, 0x2183, 0x29A3, 0x3204, 0x31E4, 0x21A4, 0x62A8, 0x8B4A, 0x72C7, 0x3A05,
    0x1963, 0x31A4, 0x4224, 0x5AA5, 0x62A5, 0x20E1, 0x0820, 0x1882, 0x28E3, 0x3104, 0x3104, 0x3945,
    0x49A6, 0x4185, 0x4165, 0x3945, 0x3945, 0x3945, 0x3125, 0x3944, 0x59C5, 0x4964, 0x6183, 0xB2E5,
    0x8224, 0x5962, 0x8A43, 0x9263, 0x69A3, 0x4922, 0x5984, 0x7A45, 0x8265, 0x8265, 0x8A86, 0x9286,
    0x9286, 0x9286, 0x9AA6, 0x9265, 0x8A45, 0x8A45, 0x8A25, 0x9224, 0x9204, 0x8A04, 0x5143, 0x2081,
    0x28A2, 0x28C2, 0x28E3, 0x28E4, 0x2904, 0x3105, 0x3924, 0x3944, 0x4164, 0x4984, 0x4164, 0x30E2,
    0x1881, 0x1881, 0x28E2, 0x3923, 0x3944, 0x49A5, 0x4184, 0x3944, 0x3923, 0x3923, 0x4143, 0x4142,
    0x4962, 0x59A2, 0x61E2, 0x6A22, 0x7242, 0x7A62, 0x8A82, 0x9AE2, 0xAB22, 0xB341, 0xBB81, 0xC3C0,
    0xCBE0, 0xD400, 0xDC20, 0xDC40, 0xE460, 0xE480, 0xE481, 0xECA0, 0xECA0, 0xECC0, 0xE480, 0xD420,
    0xDC40, 0xE460, 0xE440, 0xE440, 0xDC01, 0xCBC2, 0xB363, 0xA325, 0x8AC7, 0x8268, 0x8288, 0x8AC9,
    0x8AC9, 0x8AE9, 0x8AEA, 0x8AC9, 0x8AEA, 0x8AE9, 0x8AE9, 0x82C9, 0x8AC9, 0x82C9, 0x82A9, 0x82C9,
    0x8AE9, 0x6207, 0x20C2, 0x1861, 0x1861, 0x1861, 0x1861, 0x1881, 0x1881, 0x1881, 0x1881, 0x1881,
    0x1061, 0x1881, 0x20A1, 0x28C1, 0x30E2, 0x30E2, 0x4123, 0x61C5, 0x7A45, 0x8265, 0x8A86, 0x8A86,
    0x49A6, 0x2126, 0x20E5, 0x28E4, 0x3125, 0x4166, 0x49A7, 0x49C8, 0x5209, 0x624A, 0x6A8B, 0x7AED,
    0xA3F0, 0xCD95, 0xEEBA, 0xEEDA, 0xD5F6, 0xAC71, 0x830C, 0x6A6B, 0x622B, 0x59EB, 0x59CB, 0x51AD,
    0x51AD, 0x51CC, 0x49AC, 0x498C, 0x498C, 0x498B, 0x51CA, 0x7AA9, 0xD4ED, 0xFEB2, 0xC44B, 0x7228,
    0x59C8, 0x4988, 0x18C5, 0x1082, 0x1082, 0x1082, 0x0862, 0x1062, 0x1061, 0x1081, 0x1082, 0x1082,
    0x1082, 0x1882, 0x1882, 0x1882, 0x18A2, 0x18A2, 0x20E3, 0x2904, 0x2905, 0x2905, 0x2904, 0x2904,
    0x20E4, 0x2904, 0x2904, 0x2904, 0x3125, 0x3945, 0x3945, 0x4164, 0x51A5, 0x59E5, 0x6A26, 0x7266,
    0x8286, 0x8AC6, 0x9306, 0x9B66, 0xA387, 0xABC8, 0xABE8, 0xABE8, 0xB408, 0xB408, 0xABE8, 0xA3C8,
    0x9BA8, 0x9367, 0x8326, 0x72C6, 0x5A65, 0x4A04, 0x41C4, 0x3184, 0x2943, 0x2122, 0x1942, 0x1962,
    0x1962, 0x1183, 0x11C2, 0x1201, 0x1A62, 0x1A62, 0x1A63, 0x22C4, 0x2B25, 0x2B65, 0x33A6, 0x43E6,
    0x4427, 0x4448, 0x4C48, 0x4C68, 0x4448, 0x4428, 0x3C08, 0x3BE8, 0x43E8, 0x4C09, 0x33A7, 0x3387,
    0x2B47, 0x2B06, 0x2B27, 0x2B26, 0x640C, 0x9D11, 0x2AC6, 0x1A25, 0x1205, 0x3308, 0x4B89, 0x4B69,
    0x2286, 0x22A8, 0x2A88, 0xAD13, 0x638B, 0x11E3, 0x744F, 0xAD74, 0x3266, 0x3226, 0x7BAC, 0xD5D6,
    0x5246, 0x3184, 0xA4D2, 0xF6B7, 0xAC28, 0x8325, 0x39A4, 0x62A9, 0x83AD, 0x39C5, 0x31C4, 0x3A06,
    0xB4D1, 0x8369, 0x52A7, 0x52A8, 0x9CD2, 0x7B8B, 0x52A6, 0x3225, 0x2A04, 0x2204, 0x21C3, 0x3204,
    0x3224, 0x3A24, 0x4AA6, 0x4265, 0x4A66, 0x4A66, 0x31C4, 0x3A24, 0x4A45, 0x5265, 0x5AC5, 0x6AC5,
    0x2901, 0x0820, 0x20C2, 0x3123, 0x3944, 0x3944, 0x3924, 0x3924, 0x49A6, 0x51E7, 0x6A26, 0x7A25,
    0x61C6, 0x59A5, 0x6206, 0x51C6, 0x4985, 0x59A5, 0x8A45, 0xCBA7, 0xBB88, 0x8A24, 0x71C3, 0x5962,
    0x6183, 0x8204, 0x9286, 0x9285, 0x9286, 0x9286, 0x9286, 0x9286, 0x9286, 0x8A66, 0x8A46, 0x8225,
    0x8225, 0x7A05, 0x79E5, 0x71E4, 0x79E5, 0x8205, 0x5143, 0x20A1, 0x28A2, 0x28A1, 0x28A2, 0x28A2,
    0x28C2, 0x28E3, 0x2904, 0x3104, 0x3125, 0x3944, 0x4985, 0x4984, 0x4143, 0x30E2, 0x28E2, 0x20A2,
    0x1882, 0x18A2, 0x20C2, 0x20C2, 0x3942, 0x8AA1, 0xB361, 0xBBA1, 0xCBE1, 0xDC21, 0xDC41, 0xE460,
    0xE460, 0xE480, 0xE480, 0xEC80, 0xEC80, 0xECA0, 0xECA0, 0xECC0, 0xECA0, 0xE480, 0xE480, 0xE480,
    0xDC40, 0xDC20, 0xD420, 0xDC20, 0xD420, 0xD420, 0xC3A0, 0xAB20, 0xBB80, 0xCBC0, 0xCBC0, 0xCBC0,
    0xDC21, 0xE481, 0xE481, 0xE482, 0xDC23, 0xC3A4, 0xA326, 0x9AE8, 0x82A8, 0x7A88, 0x7248, 0x7268,
    0x7A89, 0x7A89, 0x7A88, 0x7A88, 0x7A88, 0x7268, 0x7248, 0x7268, 0x82A9, 0x6A27, 0x28E2, 0x1861,
    0x1881, 0x1881, 0x1881, 0x1881, 0x1881, 0x1881, 0x1861, 0x1061, 0x1081, 0x1881, 0x18A1, 0x20A1,
    0x20A1, 0x1881, 0x38E3, 0x61C5, 0x7A26, 0x7247, 0x6A2A, 0x49EB, 0x218A, 0x1928, 0x20E4, 0x28E4,
    0x3945, 0x4186, 0x49A8, 0x51E8, 0x5A09, 0x626A, 0x72CC, 0x8B4D, 0xAC50, 0xD5B6, 0xF6FB, 0xF73B,
    0xDDF7, 0xAC71, 0x832D, 0x6A4A, 0x622B, 0x59EB, 0x51CB, 0x51AC, 0x51CD, 0x51ED, 0x51CC, 0x49AC,
    0x498C, 0x51AB, 0x5A0A, 0x8B0A, 0xDD6F, 0xFF13, 0xCC6B, 0x7228, 0x4987, 0x4168, 0x3128, 0x18E6,
    0x1083, 0x0841, 0x0841, 0x0841, 0x0841, 0x1061, 0x1061, 0x1081, 0x1082, 0x1882, 0x1882, 0x1882,
    0x20A2, 0x20C2, 0x28E3, 0x3124, 0x3145, 0x3145, 0x3145, 0x3145, 0x3145, 0x3145, 0x3145, 0x3125,
    0x3125, 0x3125, 0x3124, 0x2904, 0x2904, 0x2904, 0x2904, 0x2904, 0x3124, 0x3124, 0x3944, 0x4184,
    0x51C5, 0x59E5, 0x6A46, 0x7266, 0x7AA6, 0x82C6, 0x8B07, 0x9327, 0x9347, 0x9388, 0x9BA8, 0x9BC8,
    0x9BC8, 0x9BC8, 0x93C8, 0x8BC7, 0x83A7, 0x83A7, 0x7BA7, 0x7B87, 0x7367, 0x6B26, 0x6B06, 0x6B05,
    0x5AA4, 0x4A23, 0x3983, 0x2902, 0x20E2, 0x18E2, 0x1901, 0x10E1, 0x1101, 0x1122, 0x1162, 0x19A2,
    0x19E3, 0x2223, 0x2284, 0x2AC5, 0x32E5, 0x3326, 0x4386, 0x43C7, 0x4BE7, 0x4C07, 0x4C27, 0x4C47,
    0x4C48, 0x5448, 0x4C48, 0x4C28, 0x4C28, 0x4C27, 0x4C27, 0x3BE7, 0x3BC7, 0x3BA7, 0x3346, 0x5C4B,
    0x3B88, 0x1AA5, 0x43AA, 0x5C0C, 0x1A65, 0x2266, 0x5B6B, 0xACF1, 0x42E7, 0x21E5, 0x9491, 0xDE14,
    0x5AA6, 0x4A25, 0x2984, 0x3A06, 0x5A89, 0x3A06, 0x29E4, 0x52A7, 0xC4F0, 0xCC6B, 0x72E7, 0x5AC8,
    0x83CD, 0x5A66, 0x3A03, 0x3A44, 0x3A44, 0x4264, 0x4A85, 0x4AA5, 0x5285, 0x7AC6, 0x5AA6, 0x4A66,
    0x8B88, 0x7B27, 0x4A65, 0x5AC6, 0x5AA5, 0x62E5, 0x6B05, 0x3142, 0x1040, 0x28C2, 0x4144, 0x4984,
    0x4964, 0x4964, 0x4964, 0x4964, 0x4964, 0x49A6, 0x6227, 0x92E7, 0x92C7, 0x6A06, 0x7246, 0x9308,
    0x7267, 0x5185, 0x5984, 0x7A46, 0x8AA7, 0x8225, 0x8A03, 0x9A44, 0xB305, 0xCC29, 0xA307, 0x9AA5,
    0x9AA5, 0x9285, 0x8A65, 0x8A45, 0x8A25, 0x8A25, 0x8225, 0x8A45, 0x9A85, 0xA2C5, 0xB305, 0xBB46,
    0xCBA6, 0xD3C6, 0x8224, 0x2082, 0x28C2, 0x28C2, 0x28C2, 0x28A1, 0x2081, 0x28A1, 0x28C2, 0x30E3,
    0x3104, 0x3104, 0x3124, 0x3944, 0x4144, 0x4984, 0x51C4, 0x5184, 0x3103, 0x20C2, 0x18A2, 0x18A2,
    0x7A61, 0xDC40, 0xECC0, 0xF4E0, 0xF500, 0xF500, 0xF4E0, 0xECC0, 0xE480, 0xE480, 0xE480, 0xE460,
    0xE460, 0xDC40, 0xDC20, 0xD420, 0xD400, 0xCBE0, 0xC3A0, 0xC3A0, 0xBB80, 0xBB80, 0xB360, 0xAB20,
    0xAB40, 0xB340, 0xB340, 0xB340, 0xBB80, 0xC3A0, 0xC3A0, 0xBB80, 0xC3C1, 0xCC01, 0xD441, 0xE461,
    0xECA1, 0xECC2, 0xE4A2, 0xDC43, 0xCBE4, 0xAB46, 0x8287, 0x7247, 0x6A27, 0x6A27, 0x7248, 0x7A88,
    0x7A88, 0x7AA9, 0x7AA9, 0x7A88, 0x7A88, 0x6A27, 0x3103, 0x1861, 0x1861, 0x1881, 0x1881, 0x1881,
    0x1881, 0x1881, 0x1861, 0x1061, 0x0840, 0x0840, 0x1040, 0x1061, 0x1881, 0x30E2, 0x59A5, 0x7227,
    0x5A2B, 0x39EE, 0x21EF, 0x11AE, 0x114A, 0x1928, 0x20E5, 0x28E4, 0x3925, 0x4166, 0x49A8, 0x51E8,
    0x5209, 0x626A, 0x72CC, 0x8B6E, 0xB491, 0xDDF6, 0xF6FA, 0xEEFA, 0xD5B6, 0x9BEF, 0x72CB, 0x624A,
    0x622B, 0x5A0B, 0x59CC, 0x51CD, 0x59EE, 0x59EE, 0x51CD, 0x51AD, 0x51AC, 0x51AB, 0x59EA, 0x82A9,
    0xE58F, 0xFF34, 0xC42B, 0x7227, 0x51A7, 0x4189, 0x418B, 0x41AC, 0x318B, 0x2107, 0x0842, 0x0821,
    0x0821, 0x1061, 0x1081, 0x1881, 0x1882, 0x20A2, 0x20A2, 0x28C2, 0x28E3, 0x2903, 0x3124, 0x3125,
    0x3145, 0x3125, 0x3145, 0x3145, 0x3965, 0x3966, 0x3965, 0x3945, 0x3945, 0x3145, 0x3145, 0x3145,
    0x3145, 0x3145, 0x3145, 0x3125, 0x3125, 0x3125, 0x3124, 0x3124, 0x3144, 0x3945, 0x4165, 0x4985,
    0x59C5, 0x6A26, 0x7A86, 0x8AC6, 0x9306, 0x9347, 0x9347, 0x9387, 0x9BC7, 0x9BC8, 0x9BE8, 0x9C28,
    0x9C48, 0x9C88, 0xA4C9, 0xAD0A, 0xB56B, 0xC5CB, 0xD66D, 0xEF10, 0xEF10, 0xD64C, 0xB54A, 0x9C68,
    0x8BE8, 0x83A8, 0x8367, 0x7307, 0x6286, 0x5A25, 0x49E5, 0x4184, 0x3163, 0x2923, 0x2102, 0x10E2,
    0x10C1, 0x08A1, 0x08C1, 0x08C1, 0x08E1, 0x1102, 0x1142, 0x1982, 0x2203, 0x2A44, 0x3285, 0x32C5,
    0x3B26, 0x4366, 0x43A6, 0x4BE7, 0x4BE7, 0x5407, 0x5408, 0x5407, 0x5427, 0x5427, 0x5427, 0x5428,
    0x4BC8, 0x4BC7, 0x5408, 0x6C4A, 0x4387, 0x2AE5, 0x63CA, 0x946C, 0x4AE6, 0x3AA6, 0x3245, 0x3A66,
    0x42A7, 0x3245, 0x3245, 0x6B48, 0x93EB, 0x93A9, 0x8B89, 0x4AA6, 0x4245, 0x4A24, 0x4A64, 0x7387,
    0x83A7, 0x7306, 0x93AA, 0x8B69, 0x7285, 0x9AE7, 0x8AE8, 0x7AC7, 0xA389, 0xABA8, 0x62C5, 0x52A5,
    0x6B25, 0x7345, 0x3982, 0x1861, 0x3903, 0x5184, 0x59A4, 0x59C4, 0x61C5, 0x61C5, 0x59A4, 0x59A4,
    0x5184, 0x5184, 0x4985, 0x51C6, 0x7267, 0x7247, 0x6206, 0x7A87, 0x82A7, 0x6A26, 0x4965, 0x4164,
    0x5185, 0x61C4, 0x7A04, 0x8A24, 0xC3A7, 0xED0B, 0xBB47, 0xA2C5, 0xA2C5, 0xA2C5, 0xA2C6, 0xAB06,
    0xBB46, 0xC346, 0xCB86, 0xD3C6, 0xDC27, 0xE447, 0xE467, 0xE487, 0xE467, 0xE427, 0x8A44, 0x28A2,
    0x30C2, 0x28C2, 0x28A1, 0x28C2, 0x28A1, 0x28A1, 0x28A1, 0x28C2, 0x28C2, 0x30C3, 0x30E3, 0x3104,
    0x3104, 0x3945, 0x49A5, 0x59C5, 0x61E4, 0x51A4, 0x3123, 0x3102, 0x92E1, 0xD420, 0xD440, 0xDC60,
    0xE480, 0xE4A0, 0xECC0, 0xECC0, 0xECA0, 0xE4A0, 0xECA0, 0xE460, 0xDC40, 0xD420, 0xCBE0, 0xC3C0,
    0xBB80, 0xBB60, 0xB340, 0xB340, 0xB340, 0xB340, 0xAB40, 0xAB40, 0xAB40, 0xAB40, 0xB360, 0xBB80,
    0xBBA0, 0xC3A0, 0xCBC0, 0xCBE0, 0xCBE1, 0xCBE1, 0xCBE1, 0xD401, 0xD421, 0xDC60, 0xE481, 0xECA1,
    0xECA1, 0xE482, 0xDC43, 0xC3A5, 0xA326, 0x82A7, 0x7A68, 0x7A68, 0x7A89, 0x7AA9, 0x7A88, 0x7268,
    0x7A88, 0x6A27, 0x3103, 0x1881, 0x1861, 0x1881, 0x1881, 0x1881, 0x1881, 0x1881, 0x1881, 0x1061,
    0x1881, 0x28C1, 0x3922, 0x4963, 0x59C5, 0x7226, 0x82A7, 0x7A89, 0x31EE, 0x09D0, 0x09F0, 0x11CF,
    0x0929, 0x08E7, 0x18E6, 0x2906, 0x3146, 0x4187, 0x49C8, 0x51E8, 0x5A29, 0x626A, 0x72CC, 0x832D,
    0xA410, 0xCD75, 0xEEDA, 0xEEDA, 0xCDB5, 0x9BEF, 0x72CB, 0x6A6A, 0x622B, 0x5A0B, 0x59CC, 0x51CD,
    0x51CD, 0x51CC, 0x49AC, 0x498C, 0x498B, 0x498B, 0x51C9, 0x7A89, 0xDD2E, 0xFF54, 0xD4AC, 0x69E7,
    0x3967, 0x2108, 0x316A, 0x41CD, 0x39CE, 0x31CF, 0x18E8, 0x0000, 0x0020, 0x0020, 0x0840, 0x1061,
    0x1061, 0x1882, 0x20C2, 0x28E3, 0x2903, 0x3124, 0x3124, 0x3124, 0x3125, 0x3125, 0x3145, 0x3144,
    0x3145, 0x3145, 0x3125, 0x3125, 0x3945, 0x3945, 0x3945, 0x3145, 0x3145, 0x3145, 0x3145, 0x3145,
    0x3145, 0x3145, 0x3145, 0x3145, 0x3145, 0x3145, 0x3145, 0x3145, 0x3945, 0x3985, 0x49A5, 0x51E6,
    0x6A46, 0x82E7, 0x9347, 0x9B87, 0xAC08, 0xB469, 0xB489, 0xB4A9, 0xACC9, 0xACE9, 0xAD09, 0xB54A,
    0xBD8B, 0xCDEC, 0xDEAF, 0xEF12, 0xE6F1, 0xD66D, 0xBDAB, 0xB52A, 0xACE9, 0xA4A9, 0xACAA, 0xA48A,
    0xA449, 0x9BE9, 0x93A9, 0x8B48, 0x8308, 0x7AE7, 0x7286, 0x6A66, 0x6246, 0x5A05, 0x49E4, 0x41C4,
    0x39A4, 0x3183, 0x2942, 0x1902, 0x10E2, 0x10C2, 0x08A1, 0x08A1, 0x08A1, 0x08A1, 0x08C1, 0x08C1,
    0x08E1, 0x1102, 0x1142, 0x1982, 0x21C3, 0x2223, 0x2A64, 0x3284, 0x32C5, 0x3B05, 0x4345, 0x4345,
    0x4B66, 0x4B66, 0x4B45, 0x5346, 0x5366, 0x5386, 0x5387, 0x5366, 0x5346, 0x4B26, 0x5306, 0x5B06,
    0x5B06, 0x5B06, 0x6326, 0x52C6, 0x4AA5, 0x4A64, 0x5264, 0x7347, 0x8388, 0x62E5, 0x7B89, 0x93C9,
    0x7AE6, 0x72A6, 0x82E8, 0x72C7, 0x72C7, 0x7AE7, 0x5285, 0x6B25, 0x7B45, 0x3962, 0x1861, 0x4123,
    0x59A4, 0x61C5, 0x61C4, 0x61C4, 0x69E5, 0x69E5, 0x69E5, 0x69E5, 0x61C4, 0x59A4, 0x4964, 0x3924,
    0x3924, 0x4166, 0x51C6, 0x51C6, 0x59E6, 0x6207, 0x6207, 0x61E6, 0x61E5, 0x61E5, 0x61E5, 0x59A4,
    0x7A04, 0xC305, 0xCB45, 0xC325, 0xBB66, 0xCBC7, 0xD407, 0xDC27, 0xE447, 0xE427, 0xE427, 0xE447,
    0xE447, 0xE468, 0xECA8, 0xEC47, 0xCAA4, 0xC224, 0x7142, 0x28A2, 0x30C2, 0x28C2, 0x28A1, 0x28C2,
    0x30C2, 0x28A1, 0x28A1, 0x28A2, 0x28A2, 0x28A1, 0x28A2, 0x30C2, 0x3104, 0x3105, 0x2904, 0x2904,
    0x4165, 0x51A4, 0x4984, 0x4144, 0x8282, 0xB381, 0xBBC0, 0xC400, 0xCC20, 0xD440, 0xDC60, 0xE4A0,
    0xECC0, 0xECE0, 0xECE0, 0xECC0, 0xECA0, 0xE460, 0xDC40, 0xD420, 0xCBE0, 0xC3C0, 0xBBA0, 0xBB80,
    0xBB80, 0xBB80, 0xBB60, 0xBB80, 0xBB80, 0xBB80, 0xBB80, 0xB360, 0xBB80, 0xBB80, 0xC380, 0xC3A0,
    0xCBE0, 0xD401, 0xCC01, 0xCBE1, 0xCC01, 0xD421, 0xD420, 0xDC40, 0xE460, 0xE480, 0xE4A1, 0xE4A2,
    0xE463, 0xD424, 0xBBA6, 0x9B27, 0x8AC8, 0x7248, 0x6A27, 0x7248, 0x7268, 0x6206, 0x30E3, 0x1881,
    0x1881, 0x1881, 0x1881, 0x1881, 0x1881, 0x1881, 0x1882, 0x1882, 0x51A4, 0x61E5, 0x6A25, 0x7246,
    0x7246, 0x7247, 0x7A67, 0x82EB, 0x7B4F, 0x4A90, 0x19F0, 0x11B0, 0x096E, 0x092C, 0x092C, 0x112B,
    0x194A, 0x216A, 0x31AA, 0x49EA, 0x5A2A, 0x6A8B, 0x7B0D, 0x938E, 0xB4B2, 0xE637, 0xFF5B, 0xF71B,
    0xD5D5, 0xA42F, 0x832D, 0x72AB, 0x6A6B, 0x5A2B, 0x51CB, 0x51AB, 0x49AB, 0x498B, 0x498B, 0x418B,
    0x496A, 0x498A, 0x59C9, 0x7A8A, 0xBC6E, 0xDDD1, 0x934C, 0x398A, 0x214B, 0x216B, 0x29AD, 0x31EF,
    0x39CF, 0x6A8F, 0x6A49, 0x30A2, 0x28A1, 0x28A1, 0x28A1, 0x28A2, 0x28A2, 0x28A2, 0x28A2, 0x20A2,
    0x20A2, 0x20C2, 0x20A2, 0x20A2, 0x20A3, 0x20C3, 0x20E3, 0x28E3, 0x2903, 0x2904, 0x3104, 0x3104,
    0x3124, 0x3924, 0x3944, 0x3944, 0x3944, 0x3945, 0x3945, 0x3965, 0x3965, 0x3965, 0x3965, 0x3965,
    0x3965, 0x3165, 0x3145, 0x3145, 0x3145, 0x3145, 0x3145, 0x3165, 0x3965, 0x41A6, 0x49C6, 0x5206,
    0x6266, 0x8328, 0x93A8, 0xA429, 0xB4C9, 0xBD2A, 0xBDAB, 0xC5EC, 0xC60C, 0xCE2D, 0xDE8F, 0xE6B0,
    0xD64E, 0xCDEC, 0xBDAC, 0xB54A, 0xAD0A, 0xACEA, 0xA4CA, 0xA489, 0xA449, 0x9C09, 0x9BC9, 0x9388,
    0x9368, 0x9348, 0x9328, 0x9308, 0x8AE7, 0x8AE7, 0x8AE7, 0x8AE7, 0x8AE7, 0x8AE7, 0x82C7, 0x7AA6,
    0x7286, 0x6A86, 0x6266, 0x5A25, 0x5205, 0x49E4, 0x41A4, 0x3984, 0x3163, 0x2923, 0x2903, 0x20E2,
    0x18C2, 0x18A1, 0x1081, 0x1081, 0x1081, 0x10A1, 0x10A1, 0x10C1, 0x10E1, 0x1901, 0x1922, 0x2142,
    0x2163, 0x2983, 0x31C4, 0x39E4, 0x3A04, 0x3A04, 0x4A04, 0x4A04, 0x4A04, 0x5224, 0x5225, 0x5A25,
    0x5A24, 0x5A04, 0x5A04, 0x5A24, 0x6245, 0x6265, 0x5AA5, 0x5AC5, 0x5AC5, 0x62E6, 0x5AC5, 0x62C5,
    0x6B26, 0x6B26, 0x7B66, 0x8365, 0x4982, 0x30C1, 0x5143, 0x59A4, 0x59C4, 0x61C5, 0x61E5, 0x6A05,
    0x7205, 0x7225, 0x7A45, 0x7225, 0x7225, 0x69E4, 0x5184, 0x4964, 0x4144, 0x30E4, 0x2904, 0x3965,
    0x3965, 0x4165, 0x51E7, 0x6227, 0x6206, 0x6206, 0x61E5, 0x5184, 0x61A4, 0xA284, 0xBAE5, 0xB305,
    0xC3A6, 0xDC88, 0xE4A8, 0xE4A8, 0xE488, 0xE488, 0xE468, 0xE488, 0xE468, 0xE448, 0xCB86, 0xB1C3,
    0xA8E1, 0xA8E2, 0x68C1, 0x30C2, 0x30C2, 0x30C1, 0x30C1, 0x30C1, 0x30C1, 0x28A1, 0x28A2, 0x28C2,
    0x28C2, 0x28A2, 0x28A1, 0x2881, 0x28A2, 0x20C3, 0x18A3, 0x18A3, 0x20C3, 0x28E3, 0x3104, 0x3924,
    0x4164, 0x59C3, 0x7A42, 0x92C1, 0xAB41, 0xBBA0, 0xC3E0, 0xCC20, 0xD460, 0xDC80, 0xE4A0, 0xECC0,
    0xECC0, 0xECC0, 0xECC0, 0xECC0, 0xE4A0, 0xE480, 0xDC20, 0xD400, 0xCBE0, 0xC3C0, 0xC3A0, 0xBB80,
    0xBB80, 0xBB80, 0xBB80, 0xB360, 0xB360, 0xBB80, 0xBB80, 0xBB80, 0xC3C0, 0xCC01, 0xCC01, 0xCBE2,
    0xCBE2, 0xCBE2, 0xCC02, 0xD401, 0xD421, 0xD421, 0xDC41, 0xDC61, 0xE481, 0xE481, 0xE482, 0xDC63,
    0xCC04, 0xB385, 0xA327, 0x92C7, 0x8288, 0x6A06, 0x30E3, 0x1861, 0x1881, 0x1861, 0x1881, 0x1881,
    0x1882, 0x1882, 0x1882, 0x1881, 0x59C5, 0x61E5, 0x6205, 0x6A26, 0x6A06, 0x6A27, 0x7247, 0x830B,
    0xB4D2, 0xB4D3, 0x9432, 0x6B51, 0x4A91, 0x29F0, 0x19B0, 0x1190, 0x098F, 0x098F, 0x098F, 0x11AF,
    0x19CF, 0x29CF, 0x320F, 0x4A70, 0x6311, 0x9454, 0xCDB8, 0xC597, 0xA474, 0x7B4F, 0x628D, 0x5A4C,
    0x520C, 0x4A0C, 0x41CC, 0x41AC, 0x398C, 0x318C, 0x316C, 0x316C, 0x296C, 0x296C, 0x29AD, 0x31EE,
    0x6AAF, 0xBC10, 0x8B50, 0x4A2F, 0x31CF, 0x31CF, 0x4A4F, 0x7B2F, 0xABEF, 0xD4EE, 0xB3A9, 0x5964,
    0x5984, 0x69E5, 0x7A25, 0x8266, 0x8A86, 0x8A66, 0x8246, 0x7A45, 0x7A25, 0x7204, 0x69E4, 0x5984,
    0x5164, 0x4943, 0x4123, 0x3902, 0x30E2, 0x28C2, 0x20A2, 0x20A2, 0x20A2, 0x20A2, 0x20A2, 0x20C2,
    0x28C2, 0x28E3, 0x30E3, 0x3103, 0x3124, 0x3924, 0x3944, 0x3964, 0x4165, 0x4165, 0x4185, 0x4185,
    0x4186, 0x4186, 0x4185, 0x4186, 0x3986, 0x3966, 0x3965, 0x3966, 0x3166, 0x3986, 0x39A6, 0x41C6,
    0x5A47, 0x6B08, 0x8C29, 0xB58C, 0xD6AF, 0xE732, 0xEF36, 0xEF37, 0xE6F5, 0xD671, 0xC60E, 0xBD8D,
    0xB56C, 0xB54C, 0xB54C, 0xB50C, 0xB4CC, 0xB4AB, 0xAC6A, 0xA40A, 0xA3C9, 0x9B89, 0x9369, 0x9348,
    0x9328, 0x9328, 0x9308, 0x92E8, 0x8AC7, 0x82A7, 0x82A7, 0x8287, 0x82A7, 0x8AC7, 0x8AC7, 0x8AC7,
    0x8AC7, 0x82C7, 0x82C7, 0x82C7, 0x7AC7, 0x72A7, 0x6A86, 0x6A66, 0x6245, 0x5A45, 0x5204, 0x51E4,
    0x49C4, 0x41A4, 0x41A4, 0x3984, 0x3983, 0x3963, 0x3143, 0x3143, 0x2903, 0x2103, 0x2903, 0x3103,
    0x2903, 0x2903, 0x3123, 0x3923, 0x3903, 0x3923, 0x3924, 0x3923, 0x3923, 0x3923, 0x3923, 0x3923,
    0x4143, 0x4164, 0x4984, 0x51C4, 0x5A04, 0x5A44, 0x5A65, 0x5244, 0x62C5, 0x8B85, 0x9B85, 0x7223,
    0x5962, 0x7A24, 0x7A25, 0x6A05, 0x6A05, 0x7205, 0x7A45, 0x8245, 0x8265, 0x8245, 0x8266, 0x7A66,
    0x7A45, 0x7225, 0x69E5, 0x5184, 0x4144, 0x4185, 0x7B2C, 0x6ACA, 0x3944, 0x3903, 0x3124, 0x3965,
    0x49A6, 0x4986, 0x4165, 0x4964, 0x4984, 0x59A5, 0x61C4, 0x7204, 0xAA84, 0xD386, 0xDC27, 0xE467,
    0xE468, 0xDC68, 0xDC68, 0xDC67, 0xE468, 0xE468, 0xA2A4, 0x70E1, 0xA102, 0xA922, 0x60C2, 0x30A2,
    0x30C2, 0x30C2, 0x30C1, 0x30C2, 0x30C1, 0x28A1, 0x28A2, 0x28A2, 0x28A2, 0x28A2, 0x28A1, 0x2081,
    0x2081, 0x1881, 0x1882, 0x1882, 0x18A2, 0x18A2, 0x20C2, 0x3124, 0x3944, 0x4164, 0x4964, 0x5163,
    0x61C3, 0x7A42, 0x92A1, 0xAB40, 0xBBA0, 0xC3E0, 0xD440, 0xDC60, 0xE480, 0xE4A0, 0xECC0, 0xECE0,
    0xECE0, 0xECE0, 0xECC0, 0xE4A0, 0xE480, 0xDC60, 0xD440, 0xD400, 0xCBE0, 0xCBC0, 0xC3A0, 0xB360,
    0xB340, 0xAB40, 0xAB20, 0xB361, 0xC3C0, 0xD401, 0xCC01, 0xCBE2, 0xC3E2, 0xCBE2, 0xCC02, 0xD422,
    0xD421, 0xD421, 0xDC41, 0xDC41, 0xDC60, 0xE460, 0xE481, 0xECC1, 0xECE2, 0xECE3, 0xECC4, 0xDC65,
    0xCC05, 0x9AE5, 0x3902, 0x1861, 0x1861, 0x1881, 0x1881, 0x1881, 0x1882, 0x1881, 0x1881, 0x1881,
    0x4964, 0x4963, 0x51A4, 0x6A06, 0x6A26, 0x6A27, 0x7247, 0x7289, 0x9C0F, 0xBD33, 0xC574, 0xC534,
    0xB4D4, 0xA473, 0x93F3, 0x7352, 0x62F2, 0x4AB2, 0x3A52, 0x3232, 0x2213, 0x1A13, 0x11F3, 0x11F3,
    0x2234, 0x4B15, 0x7BF5, 0x5B14, 0x3233, 0x21F2, 0x19D2, 0x19B1, 0x1991, 0x19B0, 0x11B0, 0x11B0,
    0x11D0, 0x11D1, 0x11B1, 0x11D1, 0x11D1, 0x11D1, 0x19F2, 0x3212, 0x5271, 0x7B11, 0x72F1, 0x62B1,
    0x7B31, 0xA3D0, 0xCCD1, 0xE591, 0xEDCF, 0xED8E, 0xB388, 0x69A4, 0x7205, 0x8246, 0x8A86, 0x92A7,
    0x92A7, 0x92A7, 0x92C6, 0x92C6, 0x92C6, 0x9AE6, 0x9AE6, 0xA2C6, 0x9AC6, 0x9AE6, 0x9AC6, 0x92A5,
    0x8A85, 0x8265, 0x7A25, 0x7A24, 0x71E4, 0x61C4, 0x5183, 0x4943, 0x4122, 0x3902, 0x30C2, 0x28C2,
    0x28C2, 0x28A2, 0x20A2, 0x20A2, 0x20A2, 0x28C2, 0x28E3, 0x3103, 0x3924, 0x3924, 0x3944, 0x4164,
    0x4165, 0x4165, 0x4185, 0x4185, 0x4185, 0x3965, 0x3965, 0x3965, 0x3945, 0x3145, 0x3965, 0x41E6,
    0x62C8, 0x8C2A, 0xBDCF, 0xDED3, 0xDED3, 0xBDCF, 0x8C8D, 0x840D, 0x7BCC, 0x7BAC, 0x7BCC, 0x8BCC,
    0x8BCB, 0x9BEB, 0x9C0B, 0x9BEB, 0x9BEB, 0x9BCA, 0x9BCA, 0xA3AA, 0xA3AA, 0xA3AA, 0xA38A, 0xA38A,
    0x9B69, 0x9329, 0x8B08, 0x8AE8, 0x82C8, 0x82A8, 0x82A7, 0x82A7, 0x82A7, 0x82C7, 0x8AC7, 0x8AE7,
    0x8AC7, 0x8AE7, 0x82E7, 0x82E7, 0x82C7, 0x82C7, 0x82E7, 0x82C7, 0x82C7, 0x82C7, 0x7AA7, 0x7A86,
    0x7266, 0x6226, 0x6206, 0x51E6, 0x49A5, 0x4185, 0x4985, 0x4985, 0x4965, 0x4985, 0x4984, 0x4984,
    0x4964, 0x4964, 0x4144, 0x4144, 0x3944, 0x3944, 0x3944, 0x3944, 0x3944, 0x4144, 0x4124, 0x5944,
    0x6984, 0x69A4, 0x5984, 0x4943, 0x4963, 0x61E4, 0x69E4, 0x71C4, 0x8A45, 0x8A86, 0x7A45, 0x7A45,
    0x8265, 0x8265, 0x8245, 0x8265, 0x8265, 0x8266, 0x7A65, 0x7A45, 0x8286, 0x8286, 0x69E5, 0x5185,
    0x4144, 0x5A07, 0xACB1, 0x836D, 0x30E3, 0x3903, 0x30E3, 0x30E3, 0x3924, 0x3104, 0x3124, 0x3145,
    0x3145, 0x4145, 0x7184, 0xA183, 0xB982, 0xD203, 0xDAA4, 0xDB45, 0xDBE6, 0xDC27, 0xDC48, 0xDC48,
    0xD427, 0xD407, 0x9AC5, 0x5902, 0x60C1, 0x80E2, 0x60E2, 0x30A2, 0x30A1, 0x30C1, 0x30C1, 0x30C2,
    0x30C1, 0x28A1, 0x28C1, 0x28C1, 0x28C2, 0x28A1, 0x28A1, 0x20A1, 0x2081, 0x1881, 0x1881, 0x1882,
    0x20A2, 0x18A2, 0x20A2, 0x28C2, 0x3103, 0x3924, 0x3944, 0x3944, 0x3944, 0x3944, 0x4963, 0x61C2,
    0x7A42, 0x92C1, 0xAB60, 0xC3C0, 0xCBE0, 0xD420, 0xDC40, 0xDC80, 0xE4A0, 0xE4C0, 0xECC0, 0xECE1,
    0xECE1, 0xECC0, 0xE4A1, 0xE4C1, 0xECA0, 0xE480, 0xE460, 0xDC40, 0xDC20, 0xD400, 0xC3C0, 0xCBC1,
    0xD420, 0xDC41, 0xDC61, 0xDC61, 0xDC41, 0xDC41, 0xE461, 0xE481, 0xE481, 0xE4A1, 0xE4A1, 0xECA1,
    0xECA1, 0xECC1, 0xECC1, 0xECE0, 0xED01, 0xF522, 0xED22, 0xECC2, 0xE482, 0xC3C3, 0x61C2, 0x1861,
    0x1861, 0x1881, 0x1881, 0x1881, 0x1881, 0x1882, 0x1882, 0x1881, 0x61C5, 0x61C5, 0x61C5, 0x61E6,
    0x6206, 0x6A06, 0x7247, 0x7AA9, 0x82EB, 0x9B8D, 0xAC70, 0xBCF3, 0xC554, 0xCDB6, 0xD5B6, 0xD596,
    0xCD95, 0xC575, 0xBD15, 0xB4D5, 0xA494, 0x9C54, 0x8BF4, 0x7BB4, 0x7BB5, 0x8C16, 0x9476, 0x7BD6,
    0x5B35, 0x52F4, 0x42B3, 0x4293, 0x3A73, 0x3A73, 0x3A73, 0x3A73, 0x4293, 0x4A93, 0x52B3, 0x5AD3,
    0x62F3, 0x6B12, 0x7352, 0x8BB2, 0x9BD2, 0xA3F1, 0xC4B2, 0xDD52, 0xDD51, 0xE571, 0xE591, 0xE56F,
    0xDD2D, 0xCC49, 0xAB26, 0x9AA6, 0x9AC7, 0x9AC7, 0x9AC7, 0x9AA7, 0x92A7, 0x9AA7, 0x9286, 0x8A85,
    0x92A5, 0x92C5, 0x9AC6, 0x9AC6, 0xA2C6, 0x9AC6, 0xA2E6, 0xA2E6, 0xA306, 0xA306, 0xAB06, 0xAB26,
    0xAB26, 0xAB26, 0xAB06, 0xA306, 0xA2E6, 0x9AC5, 0x9285, 0x8A65, 0x8244, 0x7A04, 0x69E3, 0x61A3,
    0x5983, 0x5163, 0x4943, 0x4123, 0x3902, 0x30E2, 0x28C2, 0x28C2, 0x20C2, 0x20C2, 0x28C2, 0x28E3,
    0x28E3, 0x28E3, 0x3103, 0x3123, 0x3123, 0x3144, 0x3944, 0x3124, 0x3124, 0x3144, 0x39C5, 0x5AC7,
    0x6B89, 0x636A, 0x4AEA, 0x4269, 0x4249, 0x4249, 0x3A29, 0x3A08, 0x39E8, 0x41E8, 0x4208, 0x4A28,
    0x5249, 0x5A69, 0x5A89, 0x6AA9, 0x72CA, 0x72CA, 0x7AEA, 0x832A, 0x8B4B, 0x8B4A, 0x934B, 0x936B,
    0x936B, 0x934A, 0x934A, 0x9329, 0x9329, 0x8B09, 0x8B08, 0x9308, 0x8B08, 0x8B08, 0x8B08, 0x8B08,
    0x8AE7, 0x8B08, 0x8B07, 0x8AE7, 0x8AC7, 0x82A7, 0x7A66, 0x6A26, 0x51A6, 0x4986, 0x49A7, 0x49A7,
    0x51A7, 0x51A6, 0x4986, 0x4165, 0x4145, 0x4144, 0x4144, 0x4144, 0x4144, 0x4964, 0x4964, 0x4964,
    0x4164, 0x4144, 0x3944, 0x3944, 0x3124, 0x3944, 0x4944, 0x5144, 0x4923, 0x4943, 0x4943, 0x4123,
    0x4143, 0x4944, 0x5984, 0x7205, 0x7A46, 0x7A46, 0x8266, 0x8286, 0x8A86, 0x8A86, 0x8A86, 0x8A86,
    0x8A86, 0x8286, 0x92C6, 0xB3C8, 0xBBE9, 0x9307, 0x6A06, 0x59C5, 0x59C5, 0x49A5, 0x5A07, 0x3944,
    0x2082, 0x28C2, 0x28C2, 0x28A2, 0x30E2, 0x30E3, 0x28E3, 0x28E4, 0x3104, 0x6924, 0xA943, 0xC962,
    0xC982, 0xC962, 0xD182, 0xD1E3, 0xD284, 0xCB05, 0xCB66, 0xCBC7, 0xC3C7, 0xA2E5, 0x69C3, 0x40C1,
    0x3081, 0x40A1, 0x40C1, 0x30A1, 0x30C1, 0x30C1, 0x30C1, 0x30C1, 0x28A1, 0x28A1, 0x28A1, 0x28A1,
    0x28A1, 0x28A1, 0x28A1, 0x28A1, 0x2081, 0x1861, 0x1081, 0x1882, 0x1882, 0x1882, 0x20A2, 0x28A1,
    0x28A2, 0x28C2, 0x28E2, 0x2903, 0x3124, 0x3124, 0x3124, 0x3124, 0x3923, 0x4963, 0x61C3, 0x7A42,
    0x92C1, 0xAB20, 0xBB80, 0xCBE0, 0xD420, 0xDC60, 0xDC80, 0xE4A0, 0xE4C0, 0xECC0, 0xECC0, 0xECC0,
    0xECC0, 0xECC0, 0xECC0, 0xECC0, 0xECC0, 0xECA0, 0xE4A0, 0xE4A0, 0xE4A0, 0xECA1, 0xECC1, 0xECC1,
    0xECC1, 0xECC1, 0xECC1, 0xECC1, 0xECE1, 0xECC1, 0xECC0, 0xECC1, 0xECA0, 0xE4A0, 0xE480, 0xE460,
    0xDC60, 0xD420, 0xD400, 0xC3C0, 0xC3A0, 0xBB81, 0x7202, 0x2081, 0x1061, 0x1881, 0x1881, 0x1861,
    0x1881, 0x1881, 0x1881, 0x1861, 0x7226, 0x7226, 0x6A06, 0x6A06, 0x6A06, 0x6A06, 0x7227, 0x82CA,
    0x936C, 0x936C, 0x9B6C, 0xABAD, 0xB42F, 0xBCB2, 0xC534, 0xCD95, 0xD5D6, 0xDE17, 0xDE37, 0xDE37,
    0xDE16, 0xDE16, 0xDE16, 0xDDF6, 0xDDF6, 0xDDD6, 0xD5D6, 0xD5B6, 0xCD96, 0xCD55, 0xC535, 0xC515,
    0xBCF5, 0xBCF5, 0xBCF4, 0xC4F4, 0xC515, 0xCD15, 0xCD35, 0xCD35, 0xD554, 0xD554, 0xD574, 0xD573,
    0xD573, 0xDD73, 0xDD51, 0xDD50, 0xD50F, 0xCCAE, 0xCC4B, 0xC42A, 0xC3E8, 0xC3C7, 0xC3A7, 0xAB07,
    0xA307, 0xA307, 0xAB07, 0xAB07, 0xB327, 0xB327, 0xB347, 0xB347, 0xB366, 0xB346, 0xB346, 0xB347,
    0xB347, 0xB326, 0xAB26, 0xAB26, 0xAB06, 0xAB06, 0xAB06, 0xAB06, 0xAB26, 0xB326, 0xBB66, 0xBB66,
    0xBB66, 0xBB87, 0xBB87, 0xBB67, 0xBB66, 0xBB66, 0xB346, 0xB346, 0xB346, 0xB326, 0xAB26, 0xA306,
    0xA306, 0x9AC5, 0x8A84, 0x8244, 0x7A04, 0x69E3, 0x61C3, 0x5983, 0x4962, 0x4122, 0x3902, 0x3102,
    0x30E2, 0x28E2, 0x28C2, 0x28C2, 0x28E2, 0x28E2, 0x20E2, 0x18C2, 0x20E3, 0x2944, 0x29A5, 0x31C6,
    0x31E6, 0x31E7, 0x31E7, 0x31C7, 0x31A6, 0x3186, 0x3186, 0x3186, 0x3186, 0x3166, 0x3166, 0x3166,
    0x3987, 0x3987, 0x3987, 0x39A6, 0x41A7, 0x41E7, 0x4A08, 0x5A29, 0x5A69, 0x6289, 0x6ACA, 0x7AEA,
    0x7B0A, 0x834A, 0x8B4A, 0x8B2A, 0x8309, 0x82E8, 0x82C8, 0x7AC7, 0x7AA7, 0x7AA7, 0x7A87, 0x7A66,
    0x7246, 0x6206, 0x6A07, 0x6A28, 0x59E8, 0x49C8, 0x51E8, 0x6249, 0x728A, 0x6A69, 0x5A08, 0x4186,
    0x3904, 0x3103, 0x3103, 0x3103, 0x3103, 0x3924, 0x3924, 0x3923, 0x3103, 0x3103, 0x3123, 0x2903,
    0x28E3, 0x28E3, 0x30E2, 0x30C2, 0x20A2, 0x20A2, 0x18A2, 0x20A2, 0x28C2, 0x30E3, 0x3923, 0x4143,
    0x4164, 0x5184, 0x59C4, 0x61E5, 0x6A05, 0x7205, 0x7225, 0x7A45, 0x7A45, 0x7A45, 0x92E7, 0xC429,
    0xA368, 0x6A25, 0x4964, 0x4963, 0x4943, 0x3103, 0x28C2, 0x20A2, 0x1861, 0x1861, 0x1861, 0x1060,
    0x2081, 0x28C2, 0x28C2, 0x18C2, 0x40E3, 0x8903, 0xB922, 0xC162, 0xC962, 0xD162, 0xD162, 0xD182,
    0xD9E3, 0xDA63, 0xDAA4, 0xD2E4, 0xBAC4, 0x9224, 0x79E3, 0x69A3, 0x71C3, 0x7A03, 0x79C3, 0x4902,
    0x28A1, 0x30C1, 0x30C1, 0x28C1, 0x28A1, 0x28A1, 0x28A1, 0x28A1, 0x28A1, 0x28A1, 0x28A1, 0x28A1,
    0x2081, 0x1881, 0x1081, 0x1882, 0x1882, 0x18A2, 0x20A2, 0x28A2, 0x28C1, 0x28C2, 0x28C2, 0x28C2,
    0x28C2, 0x28E3, 0x2903, 0x2924, 0x3124, 0x3124, 0x3124, 0x3924, 0x4963, 0x61C2, 0x8242, 0x9AC1,
    0xAB40, 0xBBA0, 0xCC00, 0xD440, 0xDC80, 0xE4A0, 0xE4A0, 0xE4A0, 0xECC0, 0xECC0, 0xECC0, 0xECC0,
    0xECC0, 0xECC0, 0xECE1, 0xECE1, 0xECC1, 0xECC1, 0xECC1, 0xECA0, 0xE480, 0xE460, 0xDC60, 0xDC40,
    0xDC40, 0xD420, 0xD400, 0xCBE0, 0xCBC0, 0xC3A0, 0xC380, 0xBB60, 0xB340, 0xB320, 0xAB20, 0xA2E0,
    0xA2E0, 0xAB00, 0x8261, 0x3102, 0x1881, 0x1061, 0x1061, 0x1061, 0x1861, 0x1861, 0x1861, 0x1861,
    0x7A46, 0x7A26, 0x7A26, 0x7A46, 0x7226, 0x7A47, 0x7A47, 0x82A9, 0x9B4B, 0xA3AD, 0xA3EE, 0xABED,
    0xABED, 0xB3EE, 0xB40E, 0xB40E, 0xB470, 0xBCD2, 0xC513, 0xCD54, 0xCD74, 0xD595, 0xD5B5, 0xD5D6,
    0xDDF6, 0xDDF6, 0xDE16, 0xDE16, 0xDE16, 0xDE16, 0xDDF6, 0xDDD5, 0xDDD6, 0xDDD6, 0xDDD5, 0xDDD5,
    0xDDD5, 0xD5B5, 0xD595, 0xD574, 0xD553, 0xCD12, 0xCCD1, 0xC4B0, 0xC48F, 0xC44D, 0xC42C, 0xC40B,
    0xBBEA, 0xBBC9, 0xC3E8, 0xCC28, 0xDC8A, 0xDCAA, 0xCBE9, 0xAB27, 0xAB27, 0xAB27, 0xB347, 0xBB88,
    0xC3A8, 0xC3A8, 0xBB87, 0xBB87, 0xBB67, 0xBB67, 0xBB67, 0xB346, 0xB346, 0xB346, 0xB366, 0xBB67,
    0xBB67, 0xB367, 0xB347, 0xB346, 0xB346, 0xBB46, 0xBB66, 0xBB66, 0xBB66, 0xBB66, 0xB346, 0xAB26,
    0xAB26, 0xB346, 0xB366, 0xBB87, 0xBB87, 0xBB87, 0xBBA7, 0xBBA7, 0xBBA7, 0xBBA7, 0xBBC7, 0xC3E7,
    0xC3E7, 0xCC07, 0xCC07, 0xC3E7, 0xC3E7, 0xBBC6, 0xB386, 0xAB66, 0xA345, 0x9B05, 0x92C5, 0x82A4,
    0x7A64, 0x7244, 0x6203, 0x59C3, 0x4962, 0x3922, 0x2902, 0x2922, 0x2923, 0x2923, 0x2123, 0x2103,
    0x18E3, 0x18E3, 0x2103, 0x2104, 0x2104, 0x2104, 0x2104, 0x2925, 0x2925, 0x2945, 0x2945, 0x2945,
    0x2945, 0x3145, 0x3146, 0x3166, 0x3145, 0x3146, 0x3166, 0x3986, 0x39A7, 0x41C7, 0x49E8, 0x4A08,
    0x5208, 0x5A28, 0x5A28, 0x5A47, 0x6247, 0x7288, 0x82E8, 0x82C8, 0x6268, 0x5A49, 0x5A28, 0x6A8A,
    0x6A69, 0x6248, 0x6228, 0x6248, 0x5A28, 0x5208, 0x49C7, 0x3945, 0x28C3, 0x28E3, 0x3103, 0x2903,
    0x3103, 0x3123, 0x3123, 0x3123, 0x3103, 0x3103, 0x3123, 0x2903, 0x28E3, 0x20C2, 0x20A2, 0x20A2,
    0x1881, 0x1881, 0x1061, 0x1041, 0x1041, 0x1041, 0x1061, 0x1861, 0x1882, 0x20C2, 0x3103, 0x3943,
    0x4984, 0x4964, 0x4964, 0x4964, 0x4984, 0x4964, 0x51A4, 0x7A86, 0x6A05, 0x69C4, 0x5143, 0x38E2,
    0x28A1, 0x2081, 0x1861, 0x1041, 0x0840, 0x0840, 0x1040, 0x1040, 0x1040, 0x2081, 0x20A1, 0x20A2,
    0x50C2, 0x90E2, 0xB102, 0xC142, 0xC962, 0xD162, 0xD162, 0xD162, 0xD183, 0xD1E3, 0xDA83, 0xE324,
    0xE324, 0xDB04, 0xCB25, 0xC366, 0xBB66, 0xC3A6, 0xC366, 0x7A04, 0x30C2, 0x2081, 0x2081, 0x2081,
    0x28A1, 0x28A1, 0x28A1, 0x28A1, 0x28A1, 0x28A1, 0x28A2, 0x28A2, 0x20A2, 0x1881, 0x1881, 0x1882,
    0x1881, 0x18A1, 0x20A1, 0x28A1, 0x28C1, 0x28C2, 0x28C2, 0x28C2, 0x28A2, 0x20A2, 0x20C2, 0x20C2,
    0x28E3, 0x2904, 0x3124, 0x3124, 0x3104, 0x3104, 0x3944, 0x4963, 0x61E3, 0x7A42, 0x92C2, 0xAB61,
    0xC3E1, 0xDC61, 0xE4A0, 0xE4A0, 0xECC0, 0xECE0, 0xECE0, 0xECC0, 0xECC0, 0xECA0, 0xE480, 0xE480,
    0xDC40, 0xD420, 0xD400, 0xCBE0, 0xCBC0, 0xCBC0, 0xC3A0, 0xC3A0, 0xBB80, 0xBB60, 0xB360, 0xB340,
    0xB340, 0xB340, 0xAB20, 0xAB20, 0xAB20, 0xAB00, 0xA2E0, 0x92A0, 0x8A60, 0x8A80, 0x8262, 0x4983,
    0x20C3, 0x1882, 0x1041, 0x0840, 0x0841, 0x1041, 0x1061, 0x1061, 0x9AE7, 0x92C7, 0x92C7, 0x92A7,
    0x92A7, 0x92A7, 0x92A8, 0x9AE9, 0xA32A, 0x9B4B, 0xA38C, 0xA3CD, 0xABEE, 0xAC0F, 0xB42F, 0xB40E,
    0xAC0E, 0xAC0D, 0xAC0E, 0xB40E, 0xB42E, 0xB44F, 0xBC4F, 0xBC70, 0xC490, 0xC4B1, 0xC4D1, 0xC4F1,
    0xCCF1, 0xCCF2, 0xC4F2, 0xC4F2, 0xC4F2, 0xC4F2, 0xC4F1, 0xC4F1, 0xC4D1, 0xC4B0, 0xC490, 0xBC6F,
    0xBC4E, 0xBC2D, 0xBC0C, 0xBC0B, 0xC3EA, 0xC40A, 0xCC0A, 0xCC29, 0xD449, 0xD489, 0xDC89, 0xDC8A,
    0xDCAB, 0xDC8A, 0xC3C8, 0xAB27, 0xAB27, 0xAB27, 0xB348, 0xBB88, 0xC3C9, 0xC3A8, 0xC3A8, 0xC3A7,
    0xC3A7, 0xC3A7, 0xC387, 0xBB67, 0xB347, 0xB347, 0xB346, 0xB347, 0xBB67, 0xBB67, 0xBB67, 0xB347,
    0xBB46, 0xBB46, 0xBB46, 0xBB66, 0xBB46, 0xAB26, 0xA2E6, 0x9AC5, 0x9AC5, 0xA2E6, 0xA306, 0xAB26,
    0xB347, 0xB367, 0xBB87, 0xBBA8, 0xBBA7, 0xBBA7, 0xC3C7, 0xC3E8, 0xC408, 0xCC48, 0xD489, 0xD489,
    0xD4A9, 0xDCC9, 0xDCE9, 0xDCE9, 0xDD09, 0xE54A, 0xE56A, 0xE58A, 0xE5EB, 0xE62D, 0xE62D, 0xDDCC,
    0xCCE9, 0xBC27, 0xA387, 0x9306, 0x82C6, 0x7286, 0x6A65, 0x6225, 0x59C4, 0x4984, 0x4163, 0x4143,
    0x3923, 0x3102, 0x30E2, 0x28E3, 0x20C3, 0x20C3, 0x18C3, 0x18C3, 0x18C3, 0x20E3, 0x2104, 0x2104,
    0x2104, 0x20E4, 0x20E4, 0x2104, 0x2104, 0x2904, 0x2925, 0x2925, 0x2945, 0x3145, 0x3166, 0x3966,
    0x3986, 0x49E7, 0x6268, 0x7288, 0x6289, 0x5249, 0x41C7, 0x41C7, 0x49C6, 0x49A6, 0x49A5, 0x4985,
    0x3944, 0x3104, 0x2903, 0x28C3, 0x20C2, 0x28E2, 0x3103, 0x3123, 0x3123, 0x3123, 0x3123, 0x3103,
    0x28E3, 0x28C2, 0x20C2, 0x20A2, 0x18A2, 0x1882, 0x1881, 0x1881, 0x1061, 0x1061, 0x1061, 0x1061,
    0x1061, 0x1861, 0x1861, 0x1041, 0x1061, 0x1061, 0x1882, 0x20C2, 0x3103, 0x3103, 0x28E3, 0x20C2,
    0x20C2, 0x20C2, 0x20C2, 0x3923, 0x7A04, 0xCB25, 0xAA44, 0x5102, 0x38E2, 0x30C1, 0x28C1, 0x28A1,
    0x28A1, 0x2081, 0x2081, 0x1861, 0x1860, 0x1860, 0x1881, 0x2081, 0x58A2, 0x90E2, 0xA8E2, 0xB102,
    0xB922, 0xC142, 0xC963, 0xC983, 0xC983, 0xC983, 0xD1C2, 0xDA63, 0xEB24, 0xEB65, 0xEB85, 0xE385,
    0xD386, 0xC366, 0xB346, 0x9AA5, 0x5963, 0x38A1, 0x2061, 0x1861, 0x1861, 0x1881, 0x2081, 0x28A1,
    0x28A1, 0x28A1, 0x28A2, 0x20A2, 0x20A2, 0x1882, 0x1881, 0x1881, 0x1881, 0x1881, 0x20A1, 0x28A1,
    0x28A1, 0x28A1, 0x28C2, 0x28C2, 0x20A2, 0x20A2, 0x20A2, 0x20A2, 0x20A2, 0x20C2, 0x20C3, 0x28E3,
    0x2904, 0x2904, 0x2925, 0x2925, 0x3145, 0x4186, 0x5A06, 0x7245, 0x8AC4, 0xB382, 0xD441, 0xE4A0,
    0xE4A0, 0xECC0, 0xE4A0, 0xE480, 0xE460, 0xDC40, 0xD420, 0xD400, 0xCBE0, 0xCBC0, 0xC3C0, 0xC3A0,
    0xC3A0, 0xC3A0, 0xBBA0, 0xBB80, 0xB360, 0xAB40, 0xAB20, 0xA300, 0xA2E0, 0x9AA0, 0x9280, 0x9280,
    0x8A60, 0x7A20, 0x71E0, 0x5980, 0x4960, 0x4960, 0x4982, 0x4184, 0x2904, 0x18A3, 0x0861, 0x0020,
    0x0020, 0x0020, 0x0820, 0x0841, 0xA348, 0xA348, 0xA348, 0xA328, 0xA328, 0xA349, 0x9B29, 0xA34A,
    0xA38B, 0xA36B, 0xA36B, 0xA36C, 0xA36C, 0xA38C, 0xABCE, 0xABEF, 0xAC2F, 0xB44F, 0xB44F, 0xB44F,
    0xB44F, 0xB44F, 0xB42E, 0xB3ED, 0xB3ED, 0xB3EC, 0xB3ED, 0xB3CC, 0xB3CC, 0xB3EC, 0xB3EC, 0xB3CC,
    0xB3CC, 0xB3CB, 0xB3CB, 0xB3EC, 0xBBEB, 0xB3CB, 0xB3CB, 0xBBEB, 0xBC0A, 0xBC0A, 0xC44B, 0xCC6B,
    0xD48C, 0xDC8B, 0xDCAB, 0xDCCB, 0xDCAB, 0xDC8A, 0xD469, 0xDC69, 0xDC6A, 0xD42A, 0xC3C9, 0xB388,
    0xB388, 0xB368, 0xAB48, 0xBB68, 0xBB68, 0xBB68, 0xBB88, 0xC3A8, 0xC3A8, 0xC388, 0xC388, 0xBB88,
    0xBB68, 0xBB88, 0xBB87, 0xBB87, 0xBB88, 0xBB68, 0xBB68, 0xBB67, 0xBB67, 0xBB67, 0xBB67, 0xBB67,
    0xBB87, 0xB367, 0xAB47, 0xAB27, 0xA326, 0xA326, 0xA326, 0xA306, 0xA306, 0xAB27, 0xAB47, 0xB388,
    0xBBA8, 0xC3C8, 0xCC08, 0xCC28, 0xD428, 0xD449, 0xD469, 0xD489, 0xD4A9, 0xD4A9, 0xDCC9, 0xDCE9,
    0xDD2A, 0xDD6A, 0xE5AA, 0xE60C, 0xEEAE, 0xEF12, 0xF753, 0xEF33, 0xEEB0, 0xE5ED, 0xDD4B, 0xD4CA,
    0xCC69, 0xC429, 0xBBE8, 0xB3C8, 0xB3A8, 0xAB87, 0xAB67, 0xA346, 0x9B06, 0x9AE6, 0x92C6, 0x8A85,
    0x7225, 0x61C4, 0x4963, 0x3902, 0x28E2, 0x20A2, 0x18A1, 0x18A2, 0x18A2, 0x18A2, 0x18C2, 0x18C2,
    0x18C2, 0x18C2, 0x18C3, 0x18E3, 0x20E3, 0x20E3, 0x2104, 0x2104, 0x2104, 0x2925, 0x3166, 0x3986,
    0x41A7, 0x41A7, 0x3145, 0x3124, 0x3124, 0x2904, 0x2904, 0x2903, 0x28E3, 0x20C2, 0x20C2, 0x20A2,
    0x18A2, 0x18A1, 0x20C2, 0x20C2, 0x28E2, 0x28C2, 0x20C2, 0x20C2, 0x18A2, 0x1881, 0x1881, 0x1881,
    0x1061, 0x1061, 0x1061, 0x1061, 0x1061, 0x1061, 0x1061, 0x1861, 0x1861, 0x1881, 0x20A1, 0x2081,
    0x1881, 0x1061, 0x1061, 0x1061, 0x1081, 0x1081, 0x1061, 0x1061, 0x1881, 0x1881, 0x1881, 0x28C1,
    0x8A43, 0xD365, 0xC284, 0x8182, 0x71C3, 0x71E3, 0x69C3, 0x61C3, 0x61A3, 0x5983, 0x5142, 0x4122,
    0x38E2, 0x28C1, 0x2081, 0x2081, 0x58A1, 0x90C1, 0xA0E1, 0xA901, 0xA921, 0xB142, 0xC183, 0xC9A3,
    0xD205, 0xD204, 0xD1C3, 0xD9C2, 0xE242, 0xEB44, 0xF3C6, 0xF3C6, 0xEBA6, 0xCB05, 0xA244, 0x8A04,
    0x7183, 0x5922, 0x30A2, 0x1861, 0x1041, 0x1041, 0x1861, 0x2061, 0x20A1, 0x28A1, 0x20A2, 0x20A2,
    0x20A2, 0x18A1, 0x18A1, 0x1881, 0x1881, 0x1881, 0x2081, 0x28A2, 0x28A1, 0x20A1, 0x20C2, 0x20C2,
    0x20C2, 0x20C2, 0x20C2, 0x20C2, 0x20C2, 0x20C2, 0x20C2, 0x20C2, 0x20E2, 0x2103, 0x2125, 0x2945,
    0x3187, 0x41E8, 0x5229, 0x6248, 0x6A46, 0x7AA4, 0xBBA2, 0xD421, 0xD421, 0xDC40, 0xDC21, 0xD401,
    0xCBC1, 0xCBC1, 0xD401, 0xD3E0, 0xCBE0, 0xCBE0, 0xCBE0, 0xCBE0, 0xCBE0, 0xC3C0, 0xC3C0, 0xBB80,
    0xAB40, 0x9B00, 0x8AA0, 0x8240, 0x7A00, 0x71C0, 0x61A0, 0x5980, 0x5140, 0x4920, 0x38E0, 0x28C0,
    0x20A0, 0x20A0, 0x3922, 0x3923, 0x20C3, 0x1082, 0x0841, 0x0020, 0x0000, 0x0000, 0x0020, 0x0820,
};
